Número interno de finca MOVE;Región/ Zona o cooperativa;Técnico a cargo;Nombre productor;Municipio;Departamento
1626;XXXX;XXX;XXX;XXX;XX
1627;XXXX;YYY;FADFBA;XXX;XX
1633;XXXX;KKK;FDSBSDF;XXX;XX
1637;XXXX;ÑÑÑ;DFGN;XXX;XX
1638;XXXX;PPP;SNBGS;XXX;XX
1643;XXXX;QQQ;XXX;XXX;XX
1649;XXXX;XXX;FADFBA;XXX;XX
1659;XXXX;YYY;FDSBSDF;XXX;XX
1661;XXXX;KKK;DFGN;XXX;XX
1663;XXXX;ÑÑÑ;SNBGS;XXX;XX
1665;XXXX;PPP;XXX;XXX;XX
1671;XXXX;QQQ;FADFBA;XXX;XX
1684;XXXX;XXX;FDSBSDF;XXX;XX
1686;XXXX;YYY;DFGN;XXX;XX
1694;XXXX;KKK;SNBGS;XXX;XX
1697;XXXX;ÑÑÑ;XXX;XXX;XX
1698;XXXX;PPP;FADFBA;XXX;XX
1701;XXXX;QQQ;FDSBSDF;XXX;XX
1728;XXXX;XXX;DFGN;XXX;XX
1733;XXXX;YYY;SNBGS;XXX;XX
1739;XXXX;KKK;XXX;XXX;XX
1744;XXXX;ÑÑÑ;FADFBA;XXX;XX
1747;XXXX;PPP;FDSBSDF;XXX;XX
1748;XXXX;QQQ;DFGN;XXX;XX
1749;XXXX;XXX;SNBGS;XXX;XX
1750;XXXX;YYY;XXX;XXX;XX
1751;XXXX;KKK;FADFBA;XXX;XX
1779;XXXX;ÑÑÑ;FDSBSDF;XXX;XX
1786;XXXX;PPP;DFGN;XXX;XX
1834;XXXX;QQQ;SNBGS;XXX;XX
1835;XXXX;XXX;XXX;XXX;XX
1836;XXXX;YYY;FADFBA;XXX;XX
1839;XXXX;KKK;FDSBSDF;XXX;XX
1840;XXXX;ÑÑÑ;DFGN;XXX;XX
1858;XXXX;PPP;SNBGS;XXX;XX
1892;XXXX;QQQ;XXX;XXX;XX
1907;XXXX;XXX;FADFBA;XXX;XX
1925;XXXX;YYY;FDSBSDF;XXX;XX
1955;XXXX;KKK;DFGN;XXX;XX
1956;XXXX;ÑÑÑ;SNBGS;XXX;XX
1957;XXXX;PPP;XXX;XXX;XX
1962;XXXX;QQQ;FADFBA;XXX;XX
1963;XXXX;XXX;FDSBSDF;XXX;XX
1967;XXXX;YYY;DFGN;XXX;XX
1968;XXXX;KKK;SNBGS;XXX;XX
1971;XXXX;ÑÑÑ;XXX;XXX;XX
1973;XXXX;PPP;FADFBA;XXX;XX
1974;XXXX;QQQ;FDSBSDF;XXX;XX
1975;XXXX;XXX;DFGN;XXX;XX
1976;XXXX;YYY;SNBGS;XXX;XX
1977;XXXX;KKK;XXX;XXX;XX
1979;XXXX;ÑÑÑ;FADFBA;XXX;XX
1981;XXXX;PPP;FDSBSDF;XXX;XX
1989;XXXX;QQQ;DFGN;XXX;XX
1990;XXXX;XXX;SNBGS;XXX;XX
1991;XXXX;YYY;XXX;XXX;XX
1995;XXXX;KKK;FADFBA;XXX;XX
1998;XXXX;ÑÑÑ;FDSBSDF;XXX;XX
2000;XXXX;PPP;DFGN;XXX;XX
2002;XXXX;QQQ;SNBGS;XXX;XX
2004;XXXX;XXX;XXX;XXX;XX
2007;XXXX;YYY;FADFBA;XXX;XX
2010;XXXX;KKK;FDSBSDF;XXX;XX
2016;XXXX;ÑÑÑ;DFGN;XXX;XX
2017;XXXX;PPP;SNBGS;XXX;XX
2022;XXXX;QQQ;XXX;XXX;XX
2031;XXXX;XXX;FADFBA;XXX;XX
2032;XXXX;YYY;FDSBSDF;XXX;XX
2042;XXXX;KKK;DFGN;XXX;XX
2043;XXXX;ÑÑÑ;SNBGS;XXX;XX
2044;XXXX;PPP;XXX;XXX;XX
2062;XXXX;QQQ;FADFBA;XXX;XX
2063;XXXX;XXX;FDSBSDF;XXX;XX
2065;XXXX;YYY;DFGN;XXX;XX
2067;XXXX;KKK;SNBGS;XXX;XX
2068;XXXX;ÑÑÑ;XXX;XXX;XX
2069;XXXX;PPP;FADFBA;XXX;XX
2071;XXXX;QQQ;FDSBSDF;XXX;XX
2073;XXXX;XXX;DFGN;XXX;XX
2074;XXXX;YYY;SNBGS;XXX;XX
2075;XXXX;KKK;XXX;XXX;XX
2077;XXXX;ÑÑÑ;FADFBA;XXX;XX
2079;XXXX;PPP;FDSBSDF;XXX;XX
2080;XXXX;QQQ;DFGN;XXX;XX
2081;XXXX;XXX;SNBGS;XXX;XX
2082;XXXX;YYY;XXX;XXX;XX
2084;XXXX;KKK;FADFBA;XXX;XX
2086;XXXX;ÑÑÑ;FDSBSDF;XXX;XX
2092;XXXX;PPP;DFGN;XXX;XX
2097;XXXX;QQQ;SNBGS;XXX;XX
2099;XXXX;XXX;XXX;XXX;XX
2100;XXXX;YYY;FADFBA;XXX;XX
2101;XXXX;KKK;FDSBSDF;XXX;XX
2103;XXXX;ÑÑÑ;DFGN;XXX;XX
2104;XXXX;PPP;SNBGS;XXX;XX
2111;XXXX;QQQ;XXX;XXX;XX
2112;XXXX;XXX;FADFBA;XXX;XX
2114;XXXX;YYY;FDSBSDF;XXX;XX
2115;XXXX;KKK;DFGN;XXX;XX
2116;XXXX;ÑÑÑ;SNBGS;XXX;XX
2117;XXXX;PPP;XXX;XXX;XX
2118;XXXX;QQQ;FADFBA;XXX;XX
2119;XXXX;XXX;FDSBSDF;XXX;XX
2122;XXXX;YYY;DFGN;XXX;XX
2123;XXXX;KKK;SNBGS;XXX;XX
2126;XXXX;ÑÑÑ;XXX;XXX;XX
2128;XXXX;PPP;FADFBA;XXX;XX
2129;XXXX;QQQ;FDSBSDF;XXX;XX
2130;XXXX;XXX;DFGN;XXX;XX
2131;XXXX;YYY;SNBGS;XXX;XX
2132;XXXX;KKK;XXX;XXX;XX
2133;XXXX;ÑÑÑ;FADFBA;XXX;XX
2137;XXXX;PPP;FDSBSDF;XXX;XX
2140;XXXX;QQQ;DFGN;XXX;XX
2148;XXXX;XXX;SNBGS;XXX;XX
2150;XXXX;YYY;XXX;XXX;XX
2155;XXXX;KKK;FADFBA;XXX;XX
2157;XXXX;ÑÑÑ;FDSBSDF;XXX;XX
2158;XXXX;PPP;DFGN;XXX;XX
2161;XXXX;QQQ;SNBGS;XXX;XX
2162;XXXX;XXX;XXX;XXX;XX
2163;XXXX;YYY;FADFBA;XXX;XX
2165;XXXX;KKK;FDSBSDF;XXX;XX
2171;XXXX;ÑÑÑ;DFGN;XXX;XX
2172;XXXX;PPP;SNBGS;XXX;XX
2173;XXXX;QQQ;XXX;XXX;XX
2174;XXXX;XXX;FADFBA;XXX;XX
2176;XXXX;YYY;FDSBSDF;XXX;XX
2182;XXXX;KKK;DFGN;XXX;XX
2183;XXXX;ÑÑÑ;SNBGS;XXX;XX
2282;XXXX;PPP;XXX;XXX;XX
2295;XXXX;QQQ;FADFBA;XXX;XX
2296;XXXX;XXX;FDSBSDF;XXX;XX
2297;XXXX;YYY;DFGN;XXX;XX
2298;XXXX;KKK;SNBGS;XXX;XX
2299;XXXX;ÑÑÑ;XXX;XXX;XX
2305;XXXX;PPP;FADFBA;XXX;XX
2306;XXXX;QQQ;FDSBSDF;XXX;XX
2308;XXXX;XXX;DFGN;XXX;XX
2310;XXXX;YYY;SNBGS;XXX;XX
2312;XXXX;KKK;XXX;XXX;XX
2313;XXXX;ÑÑÑ;FADFBA;XXX;XX
2315;XXXX;PPP;FDSBSDF;XXX;XX
2316;XXXX;QQQ;DFGN;XXX;XX
2318;XXXX;XXX;SNBGS;XXX;XX
2319;XXXX;YYY;XXX;XXX;XX
2320;XXXX;KKK;FADFBA;XXX;XX
2325;XXXX;ÑÑÑ;FDSBSDF;XXX;XX
2328;XXXX;PPP;DFGN;XXX;XX
2329;XXXX;QQQ;SNBGS;XXX;XX
2330;XXXX;XXX;XXX;XXX;XX
2331;XXXX;YYY;FADFBA;XXX;XX
2334;XXXX;KKK;FDSBSDF;XXX;XX
2335;XXXX;ÑÑÑ;DFGN;XXX;XX
2337;XXXX;PPP;SNBGS;XXX;XX
2340;XXXX;QQQ;XXX;XXX;XX
2343;XXXX;XXX;FADFBA;XXX;XX
2345;XXXX;YYY;FDSBSDF;XXX;XX
2346;XXXX;KKK;DFGN;XXX;XX
2347;XXXX;ÑÑÑ;SNBGS;XXX;XX
2351;XXXX;PPP;XXX;XXX;XX
2352;XXXX;QQQ;FADFBA;XXX;XX
2353;XXXX;XXX;FDSBSDF;XXX;XX
2354;XXXX;YYY;DFGN;XXX;XX
2355;XXXX;KKK;SNBGS;XXX;XX
2356;XXXX;ÑÑÑ;XXX;XXX;XX
2357;XXXX;PPP;FADFBA;XXX;XX
2358;XXXX;QQQ;FDSBSDF;XXX;XX
2361;XXXX;XXX;DFGN;XXX;XX
2362;XXXX;YYY;SNBGS;XXX;XX
2363;XXXX;KKK;XXX;XXX;XX
2364;XXXX;ÑÑÑ;FADFBA;XXX;XX
2365;XXXX;PPP;FDSBSDF;XXX;XX
2366;XXXX;QQQ;DFGN;XXX;XX
2367;XXXX;XXX;SNBGS;XXX;XX
2368;XXXX;YYY;XXX;XXX;XX
2369;XXXX;KKK;FADFBA;XXX;XX
2372;XXXX;ÑÑÑ;FDSBSDF;XXX;XX
2376;XXXX;PPP;DFGN;XXX;XX
2377;XXXX;QQQ;SNBGS;XXX;XX
2378;XXXX;XXX;XXX;XXX;XX
2380;XXXX;YYY;FADFBA;XXX;XX
2382;XXXX;KKK;FDSBSDF;XXX;XX
2384;XXXX;ÑÑÑ;DFGN;XXX;XX
2386;XXXX;PPP;SNBGS;XXX;XX
2388;XXXX;QQQ;XXX;XXX;XX
2391;XXXX;XXX;FADFBA;XXX;XX
2393;XXXX;YYY;FDSBSDF;XXX;XX
2394;XXXX;KKK;DFGN;XXX;XX
2398;XXXX;ÑÑÑ;SNBGS;XXX;XX
2400;XXXX;PPP;XXX;XXX;XX
2401;XXXX;QQQ;FADFBA;XXX;XX
2402;XXXX;XXX;FDSBSDF;XXX;XX
2403;XXXX;YYY;DFGN;XXX;XX
2404;XXXX;KKK;SNBGS;XXX;XX
2405;XXXX;ÑÑÑ;XXX;XXX;XX
2406;XXXX;PPP;FADFBA;XXX;XX
2407;XXXX;QQQ;FDSBSDF;XXX;XX
2408;XXXX;XXX;DFGN;XXX;XX
2411;XXXX;YYY;SNBGS;XXX;XX
2412;XXXX;KKK;XXX;XXX;XX
2413;XXXX;ÑÑÑ;FADFBA;XXX;XX
2415;XXXX;PPP;FDSBSDF;XXX;XX
2417;XXXX;QQQ;DFGN;XXX;XX
2418;XXXX;XXX;SNBGS;XXX;XX
2420;XXXX;YYY;XXX;XXX;XX
2421;XXXX;KKK;FADFBA;XXX;XX
2426;XXXX;ÑÑÑ;FDSBSDF;XXX;XX
2429;XXXX;PPP;DFGN;XXX;XX
2430;XXXX;QQQ;SNBGS;XXX;XX
2431;XXXX;XXX;XXX;XXX;XX
2433;XXXX;YYY;FADFBA;XXX;XX
2435;XXXX;KKK;FDSBSDF;XXX;XX
2439;XXXX;ÑÑÑ;DFGN;XXX;XX
2440;XXXX;PPP;SNBGS;XXX;XX
2442;XXXX;QQQ;XXX;XXX;XX
2444;XXXX;XXX;FADFBA;XXX;XX
2445;XXXX;YYY;FDSBSDF;XXX;XX
2446;XXXX;KKK;DFGN;XXX;XX
2447;XXXX;ÑÑÑ;SNBGS;XXX;XX
2449;XXXX;PPP;XXX;XXX;XX
2450;XXXX;QQQ;FADFBA;XXX;XX
2454;XXXX;XXX;FDSBSDF;XXX;XX
2455;XXXX;YYY;DFGN;XXX;XX
2458;XXXX;KKK;SNBGS;XXX;XX
2460;XXXX;ÑÑÑ;XXX;XXX;XX
2461;XXXX;PPP;FADFBA;XXX;XX
2463;XXXX;QQQ;FDSBSDF;XXX;XX
2467;XXXX;XXX;DFGN;XXX;XX
2469;XXXX;YYY;SNBGS;XXX;XX
2473;XXXX;KKK;XXX;XXX;XX
2478;XXXX;ÑÑÑ;FADFBA;XXX;XX
2487;XXXX;PPP;FDSBSDF;XXX;XX
2492;XXXX;QQQ;DFGN;XXX;XX
2494;XXXX;XXX;SNBGS;XXX;XX
2496;XXXX;YYY;XXX;XXX;XX
2497;XXXX;KKK;FADFBA;XXX;XX
2499;XXXX;ÑÑÑ;FDSBSDF;XXX;XX
2500;XXXX;PPP;DFGN;XXX;XX
2503;XXXX;QQQ;SNBGS;XXX;XX
2506;XXXX;XXX;XXX;XXX;XX
2508;XXXX;YYY;FADFBA;XXX;XX
2509;XXXX;KKK;FDSBSDF;XXX;XX
2510;XXXX;ÑÑÑ;DFGN;XXX;XX
2514;XXXX;PPP;SNBGS;XXX;XX
2523;XXXX;QQQ;XXX;XXX;XX
2525;XXXX;XXX;FADFBA;XXX;XX
2527;XXXX;YYY;FDSBSDF;XXX;XX
2528;XXXX;KKK;DFGN;XXX;XX
2530;XXXX;ÑÑÑ;SNBGS;XXX;XX
2531;XXXX;PPP;XXX;XXX;XX
2540;XXXX;QQQ;FADFBA;XXX;XX
2541;XXXX;XXX;FDSBSDF;XXX;XX
2542;XXXX;YYY;DFGN;XXX;XX
2545;XXXX;KKK;SNBGS;XXX;XX
2553;XXXX;ÑÑÑ;XXX;XXX;XX
2554;XXXX;PPP;FADFBA;XXX;XX
2556;XXXX;QQQ;FDSBSDF;XXX;XX
2566;XXXX;XXX;DFGN;XXX;XX
2567;XXXX;YYY;SNBGS;XXX;XX
2569;XXXX;KKK;XXX;XXX;XX
2572;XXXX;ÑÑÑ;FADFBA;XXX;XX
2573;XXXX;PPP;FDSBSDF;XXX;XX
2575;XXXX;QQQ;DFGN;XXX;XX
2577;XXXX;XXX;SNBGS;XXX;XX
2579;XXXX;YYY;XXX;XXX;XX
2581;XXXX;KKK;FADFBA;XXX;XX
2584;XXXX;ÑÑÑ;FDSBSDF;XXX;XX
2588;XXXX;PPP;DFGN;XXX;XX
2590;XXXX;QQQ;SNBGS;XXX;XX
2591;XXXX;XXX;XXX;XXX;XX
2595;XXXX;YYY;FADFBA;XXX;XX
2596;XXXX;KKK;FDSBSDF;XXX;XX
2597;XXXX;ÑÑÑ;DFGN;XXX;XX
2600;XXXX;PPP;SNBGS;XXX;XX
2604;XXXX;QQQ;XXX;XXX;XX
2605;XXXX;XXX;FADFBA;XXX;XX
2608;XXXX;YYY;FDSBSDF;XXX;XX
2615;XXXX;KKK;DFGN;XXX;XX
2620;XXXX;ÑÑÑ;SNBGS;XXX;XX
2621;XXXX;PPP;XXX;XXX;XX
2622;XXXX;QQQ;FADFBA;XXX;XX
2623;XXXX;XXX;FDSBSDF;XXX;XX
2625;XXXX;YYY;DFGN;XXX;XX
2627;XXXX;KKK;SNBGS;XXX;XX
2628;XXXX;ÑÑÑ;XXX;XXX;XX
2629;XXXX;PPP;FADFBA;XXX;XX
2630;XXXX;QQQ;FDSBSDF;XXX;XX
2631;XXXX;XXX;DFGN;XXX;XX
2633;XXXX;YYY;SNBGS;XXX;XX
2634;XXXX;KKK;XXX;XXX;XX
2635;XXXX;ÑÑÑ;FADFBA;XXX;XX
2636;XXXX;PPP;FDSBSDF;XXX;XX
2637;XXXX;QQQ;DFGN;XXX;XX
2639;XXXX;XXX;SNBGS;XXX;XX
2640;XXXX;YYY;XXX;XXX;XX
2641;XXXX;KKK;FADFBA;XXX;XX
2642;XXXX;ÑÑÑ;FDSBSDF;XXX;XX
2644;XXXX;PPP;DFGN;XXX;XX
2646;XXXX;QQQ;SNBGS;XXX;XX
2647;XXXX;XXX;XXX;XXX;XX
2648;XXXX;YYY;FADFBA;XXX;XX
2649;XXXX;KKK;FDSBSDF;XXX;XX
2650;XXXX;ÑÑÑ;DFGN;XXX;XX
2652;XXXX;PPP;SNBGS;XXX;XX
2655;XXXX;QQQ;XXX;XXX;XX
2656;XXXX;XXX;FADFBA;XXX;XX
2657;XXXX;YYY;FDSBSDF;XXX;XX
2658;XXXX;KKK;DFGN;XXX;XX
2659;XXXX;ÑÑÑ;SNBGS;XXX;XX
2661;XXXX;PPP;XXX;XXX;XX
2662;XXXX;QQQ;FADFBA;XXX;XX
2663;XXXX;XXX;FDSBSDF;XXX;XX
2668;XXXX;YYY;DFGN;XXX;XX
2669;XXXX;KKK;SNBGS;XXX;XX
2670;XXXX;ÑÑÑ;XXX;XXX;XX
2672;XXXX;PPP;FADFBA;XXX;XX
2673;XXXX;QQQ;FDSBSDF;XXX;XX
2674;XXXX;XXX;DFGN;XXX;XX
2675;XXXX;YYY;SNBGS;XXX;XX
2677;XXXX;KKK;XXX;XXX;XX
2678;XXXX;ÑÑÑ;FADFBA;XXX;XX
2679;XXXX;PPP;FDSBSDF;XXX;XX
2683;XXXX;QQQ;DFGN;XXX;XX
2684;XXXX;XXX;SNBGS;XXX;XX
2686;XXXX;YYY;XXX;XXX;XX
2687;XXXX;KKK;FADFBA;XXX;XX
2689;XXXX;ÑÑÑ;FDSBSDF;XXX;XX
2691;XXXX;PPP;DFGN;XXX;XX
2692;XXXX;QQQ;SNBGS;XXX;XX
2695;XXXX;XXX;XXX;XXX;XX
2696;XXXX;YYY;FADFBA;XXX;XX
2697;XXXX;KKK;FDSBSDF;XXX;XX
2698;XXXX;ÑÑÑ;DFGN;XXX;XX
2700;XXXX;PPP;SNBGS;XXX;XX
2701;XXXX;QQQ;XXX;XXX;XX
2709;XXXX;XXX;FADFBA;XXX;XX
2710;XXXX;YYY;FDSBSDF;XXX;XX
2711;XXXX;KKK;DFGN;XXX;XX
2714;XXXX;ÑÑÑ;SNBGS;XXX;XX
2716;XXXX;PPP;XXX;XXX;XX
2719;XXXX;QQQ;FADFBA;XXX;XX
2721;XXXX;XXX;FDSBSDF;XXX;XX
2722;XXXX;YYY;DFGN;XXX;XX
2723;XXXX;KKK;SNBGS;XXX;XX
2724;XXXX;ÑÑÑ;XXX;XXX;XX
2725;XXXX;PPP;FADFBA;XXX;XX
2728;XXXX;QQQ;FDSBSDF;XXX;XX
2729;XXXX;XXX;DFGN;XXX;XX
2733;XXXX;YYY;SNBGS;XXX;XX
2740;XXXX;KKK;XXX;XXX;XX
2741;XXXX;ÑÑÑ;FADFBA;XXX;XX
2742;XXXX;PPP;FDSBSDF;XXX;XX
2744;XXXX;QQQ;DFGN;XXX;XX
2745;XXXX;XXX;SNBGS;XXX;XX
2746;XXXX;YYY;XXX;XXX;XX
2748;XXXX;KKK;FADFBA;XXX;XX
2749;XXXX;ÑÑÑ;FDSBSDF;XXX;XX
2752;XXXX;PPP;DFGN;XXX;XX
2753;XXXX;QQQ;SNBGS;XXX;XX
2755;XXXX;XXX;XXX;XXX;XX
2756;XXXX;YYY;FADFBA;XXX;XX
2758;XXXX;KKK;FDSBSDF;XXX;XX
2760;XXXX;ÑÑÑ;DFGN;XXX;XX
2761;XXXX;PPP;SNBGS;XXX;XX
2762;XXXX;QQQ;XXX;XXX;XX
2763;XXXX;XXX;FADFBA;XXX;XX
2764;XXXX;YYY;FDSBSDF;XXX;XX
2766;XXXX;KKK;DFGN;XXX;XX
2767;XXXX;ÑÑÑ;SNBGS;XXX;XX
2768;XXXX;PPP;XXX;XXX;XX
2769;XXXX;QQQ;FADFBA;XXX;XX
2770;XXXX;XXX;FDSBSDF;XXX;XX
2775;XXXX;YYY;DFGN;XXX;XX
2778;XXXX;KKK;SNBGS;XXX;XX
2780;XXXX;ÑÑÑ;XXX;XXX;XX
2781;XXXX;PPP;FADFBA;XXX;XX
2782;XXXX;QQQ;FDSBSDF;XXX;XX
2784;XXXX;XXX;DFGN;XXX;XX
2793;XXXX;YYY;SNBGS;XXX;XX
2794;XXXX;KKK;XXX;XXX;XX
2795;XXXX;ÑÑÑ;FADFBA;XXX;XX
2802;XXXX;PPP;FDSBSDF;XXX;XX
2805;XXXX;QQQ;DFGN;XXX;XX
2806;XXXX;XXX;SNBGS;XXX;XX
2809;XXXX;YYY;XXX;XXX;XX
2812;XXXX;KKK;FADFBA;XXX;XX
2815;XXXX;ÑÑÑ;FDSBSDF;XXX;XX
2816;XXXX;PPP;DFGN;XXX;XX
2817;XXXX;QQQ;SNBGS;XXX;XX
2819;XXXX;XXX;XXX;XXX;XX
2820;XXXX;YYY;FADFBA;XXX;XX
2821;XXXX;KKK;FDSBSDF;XXX;XX
2822;XXXX;ÑÑÑ;DFGN;XXX;XX
2823;XXXX;PPP;SNBGS;XXX;XX
2828;XXXX;QQQ;XXX;XXX;XX
2829;XXXX;XXX;FADFBA;XXX;XX
2830;XXXX;YYY;FDSBSDF;XXX;XX
2831;XXXX;KKK;DFGN;XXX;XX
2832;XXXX;ÑÑÑ;SNBGS;XXX;XX
2834;XXXX;PPP;XXX;XXX;XX
2835;XXXX;QQQ;FADFBA;XXX;XX
2837;XXXX;XXX;FDSBSDF;XXX;XX
2838;XXXX;YYY;DFGN;XXX;XX
2839;XXXX;KKK;SNBGS;XXX;XX
2841;XXXX;ÑÑÑ;XXX;XXX;XX
2846;XXXX;PPP;FADFBA;XXX;XX
2850;XXXX;QQQ;FDSBSDF;XXX;XX
2854;XXXX;XXX;DFGN;XXX;XX
2857;XXXX;YYY;SNBGS;XXX;XX
2859;XXXX;KKK;XXX;XXX;XX
2860;XXXX;ÑÑÑ;FADFBA;XXX;XX
2861;XXXX;PPP;FDSBSDF;XXX;XX
2862;XXXX;QQQ;DFGN;XXX;XX
2863;XXXX;XXX;SNBGS;XXX;XX
2864;XXXX;YYY;XXX;XXX;XX
2865;XXXX;KKK;FADFBA;XXX;XX
2866;XXXX;ÑÑÑ;FDSBSDF;XXX;XX
2870;XXXX;PPP;DFGN;XXX;XX
2876;XXXX;QQQ;SNBGS;XXX;XX
2879;XXXX;XXX;XXX;XXX;XX
2880;XXXX;YYY;FADFBA;XXX;XX
2882;XXXX;KKK;FDSBSDF;XXX;XX
2885;XXXX;ÑÑÑ;DFGN;XXX;XX
2887;XXXX;PPP;SNBGS;XXX;XX
2889;XXXX;QQQ;XXX;XXX;XX
2890;XXXX;XXX;FADFBA;XXX;XX
2891;XXXX;YYY;FDSBSDF;XXX;XX
2895;XXXX;KKK;DFGN;XXX;XX
2898;XXXX;ÑÑÑ;SNBGS;XXX;XX
2899;XXXX;PPP;XXX;XXX;XX
2901;XXXX;QQQ;FADFBA;XXX;XX
2903;XXXX;XXX;FDSBSDF;XXX;XX
2906;XXXX;YYY;DFGN;XXX;XX
2908;XXXX;KKK;SNBGS;XXX;XX
2909;XXXX;ÑÑÑ;XXX;XXX;XX
2911;XXXX;PPP;FADFBA;XXX;XX
2912;XXXX;QQQ;FDSBSDF;XXX;XX
2914;XXXX;XXX;DFGN;XXX;XX
2916;XXXX;YYY;SNBGS;XXX;XX
2917;XXXX;KKK;XXX;XXX;XX
2918;XXXX;ÑÑÑ;FADFBA;XXX;XX
2919;XXXX;PPP;FDSBSDF;XXX;XX
2924;XXXX;QQQ;DFGN;XXX;XX
2926;XXXX;XXX;SNBGS;XXX;XX
2928;XXXX;YYY;XXX;XXX;XX
2929;XXXX;KKK;FADFBA;XXX;XX
2931;XXXX;ÑÑÑ;FDSBSDF;XXX;XX
2932;XXXX;PPP;DFGN;XXX;XX
2941;XXXX;QQQ;SNBGS;XXX;XX
2944;XXXX;XXX;XXX;XXX;XX
2945;XXXX;YYY;FADFBA;XXX;XX
2947;XXXX;KKK;FDSBSDF;XXX;XX
2948;XXXX;ÑÑÑ;DFGN;XXX;XX
2950;XXXX;PPP;SNBGS;XXX;XX
2951;XXXX;QQQ;XXX;XXX;XX
2952;XXXX;XXX;FADFBA;XXX;XX
2956;XXXX;YYY;FDSBSDF;XXX;XX
2957;XXXX;KKK;DFGN;XXX;XX
2958;XXXX;ÑÑÑ;SNBGS;XXX;XX
2960;XXXX;PPP;XXX;XXX;XX
2961;XXXX;QQQ;FADFBA;XXX;XX
2962;XXXX;XXX;FDSBSDF;XXX;XX
2963;XXXX;YYY;DFGN;XXX;XX
2966;XXXX;KKK;SNBGS;XXX;XX
2967;XXXX;ÑÑÑ;XXX;XXX;XX
2968;XXXX;PPP;FADFBA;XXX;XX
2969;XXXX;QQQ;FDSBSDF;XXX;XX
2971;XXXX;XXX;DFGN;XXX;XX
2973;XXXX;YYY;SNBGS;XXX;XX
2974;XXXX;KKK;XXX;XXX;XX
2975;XXXX;ÑÑÑ;FADFBA;XXX;XX
2982;XXXX;PPP;FDSBSDF;XXX;XX
2991;XXXX;QQQ;DFGN;XXX;XX
2992;XXXX;XXX;SNBGS;XXX;XX
2993;XXXX;YYY;XXX;XXX;XX
2994;XXXX;KKK;FADFBA;XXX;XX
2995;XXXX;ÑÑÑ;FDSBSDF;XXX;XX
2997;XXXX;PPP;DFGN;XXX;XX
2998;XXXX;QQQ;SNBGS;XXX;XX
3000;XXXX;XXX;XXX;XXX;XX
3004;XXXX;YYY;FADFBA;XXX;XX
3006;XXXX;KKK;FDSBSDF;XXX;XX
3008;XXXX;ÑÑÑ;DFGN;XXX;XX
3009;XXXX;PPP;SNBGS;XXX;XX
3011;XXXX;QQQ;XXX;XXX;XX
3012;XXXX;XXX;FADFBA;XXX;XX
3016;XXXX;YYY;FDSBSDF;XXX;XX
3018;XXXX;KKK;DFGN;XXX;XX
3019;XXXX;ÑÑÑ;SNBGS;XXX;XX
3029;XXXX;PPP;XXX;XXX;XX
3030;XXXX;QQQ;FADFBA;XXX;XX
3031;XXXX;XXX;FDSBSDF;XXX;XX
3034;XXXX;YYY;DFGN;XXX;XX
3040;XXXX;KKK;SNBGS;XXX;XX
3043;XXXX;ÑÑÑ;XXX;XXX;XX
3044;XXXX;PPP;FADFBA;XXX;XX
3045;XXXX;QQQ;FDSBSDF;XXX;XX
3049;XXXX;XXX;DFGN;XXX;XX
3050;XXXX;YYY;SNBGS;XXX;XX
3054;XXXX;KKK;XXX;XXX;XX
3060;XXXX;ÑÑÑ;FADFBA;XXX;XX
3061;XXXX;PPP;FDSBSDF;XXX;XX
3062;XXXX;QQQ;DFGN;XXX;XX
3063;XXXX;XXX;SNBGS;XXX;XX
3064;XXXX;YYY;XXX;XXX;XX
3066;XXXX;KKK;FADFBA;XXX;XX
3067;XXXX;ÑÑÑ;FDSBSDF;XXX;XX
3068;XXXX;PPP;DFGN;XXX;XX
3070;XXXX;QQQ;SNBGS;XXX;XX
3072;XXXX;XXX;XXX;XXX;XX
3073;XXXX;YYY;FADFBA;XXX;XX
3074;XXXX;KKK;FDSBSDF;XXX;XX
3078;XXXX;ÑÑÑ;DFGN;XXX;XX
3079;XXXX;PPP;SNBGS;XXX;XX
3080;XXXX;QQQ;XXX;XXX;XX
3082;XXXX;XXX;FADFBA;XXX;XX
3083;XXXX;YYY;FDSBSDF;XXX;XX
3085;XXXX;KKK;DFGN;XXX;XX
3086;XXXX;ÑÑÑ;SNBGS;XXX;XX
3089;XXXX;PPP;XXX;XXX;XX
3092;XXXX;QQQ;FADFBA;XXX;XX
3097;XXXX;XXX;FDSBSDF;XXX;XX
3101;XXXX;YYY;DFGN;XXX;XX
3102;XXXX;KKK;SNBGS;XXX;XX
3103;XXXX;ÑÑÑ;XXX;XXX;XX
3105;XXXX;PPP;FADFBA;XXX;XX
3106;XXXX;QQQ;FDSBSDF;XXX;XX
3107;XXXX;XXX;DFGN;XXX;XX
3110;XXXX;YYY;SNBGS;XXX;XX
3111;XXXX;KKK;XXX;XXX;XX
3112;XXXX;ÑÑÑ;FADFBA;XXX;XX
3113;XXXX;PPP;FDSBSDF;XXX;XX
3114;XXXX;QQQ;DFGN;XXX;XX
3115;XXXX;XXX;SNBGS;XXX;XX
3116;XXXX;YYY;XXX;XXX;XX
3117;XXXX;KKK;FADFBA;XXX;XX
3118;XXXX;ÑÑÑ;FDSBSDF;XXX;XX
3119;XXXX;PPP;DFGN;XXX;XX
3121;XXXX;QQQ;SNBGS;XXX;XX
3124;XXXX;XXX;XXX;XXX;XX
3125;XXXX;YYY;FADFBA;XXX;XX
3128;XXXX;KKK;FDSBSDF;XXX;XX
3130;XXXX;ÑÑÑ;DFGN;XXX;XX
3132;XXXX;PPP;SNBGS;XXX;XX
3136;XXXX;QQQ;XXX;XXX;XX
3138;XXXX;XXX;FADFBA;XXX;XX
3143;XXXX;YYY;FDSBSDF;XXX;XX
3144;XXXX;KKK;DFGN;XXX;XX
3149;XXXX;ÑÑÑ;SNBGS;XXX;XX
3156;XXXX;PPP;XXX;XXX;XX
3164;XXXX;QQQ;FADFBA;XXX;XX
3166;XXXX;XXX;FDSBSDF;XXX;XX
3168;XXXX;YYY;DFGN;XXX;XX
3171;XXXX;KKK;SNBGS;XXX;XX
3173;XXXX;ÑÑÑ;XXX;XXX;XX
3174;XXXX;PPP;FADFBA;XXX;XX
3175;XXXX;QQQ;FDSBSDF;XXX;XX
3176;XXXX;XXX;DFGN;XXX;XX
3177;XXXX;YYY;SNBGS;XXX;XX
3178;XXXX;KKK;XXX;XXX;XX
3179;XXXX;ÑÑÑ;FADFBA;XXX;XX
3180;XXXX;PPP;FDSBSDF;XXX;XX
3181;XXXX;QQQ;DFGN;XXX;XX
3182;XXXX;XXX;SNBGS;XXX;XX
3184;XXXX;YYY;XXX;XXX;XX
3185;XXXX;KKK;FADFBA;XXX;XX
3190;XXXX;ÑÑÑ;FDSBSDF;XXX;XX
3191;XXXX;PPP;DFGN;XXX;XX
3197;XXXX;QQQ;SNBGS;XXX;XX
3198;XXXX;XXX;XXX;XXX;XX
3200;XXXX;YYY;FADFBA;XXX;XX
3201;XXXX;KKK;FDSBSDF;XXX;XX
3202;XXXX;ÑÑÑ;DFGN;XXX;XX
3203;XXXX;PPP;SNBGS;XXX;XX
3204;XXXX;QQQ;XXX;XXX;XX
3205;XXXX;XXX;FADFBA;XXX;XX
3206;XXXX;YYY;FDSBSDF;XXX;XX
3207;XXXX;KKK;DFGN;XXX;XX
3208;XXXX;ÑÑÑ;SNBGS;XXX;XX
3210;XXXX;PPP;XXX;XXX;XX
3212;XXXX;QQQ;FADFBA;XXX;XX
3213;XXXX;XXX;FDSBSDF;XXX;XX
3215;XXXX;YYY;DFGN;XXX;XX
3216;XXXX;KKK;SNBGS;XXX;XX
3217;XXXX;ÑÑÑ;XXX;XXX;XX
3218;XXXX;PPP;FADFBA;XXX;XX
3219;XXXX;QQQ;FDSBSDF;XXX;XX
3220;XXXX;XXX;DFGN;XXX;XX
3222;XXXX;YYY;SNBGS;XXX;XX
3223;XXXX;KKK;XXX;XXX;XX
3224;XXXX;ÑÑÑ;FADFBA;XXX;XX
3230;XXXX;PPP;FDSBSDF;XXX;XX
3232;XXXX;QQQ;DFGN;XXX;XX
3236;XXXX;XXX;SNBGS;XXX;XX
3242;XXXX;YYY;XXX;XXX;XX
3243;XXXX;KKK;FADFBA;XXX;XX
3244;XXXX;ÑÑÑ;FDSBSDF;XXX;XX
3245;XXXX;PPP;DFGN;XXX;XX
3246;XXXX;QQQ;SNBGS;XXX;XX
3248;XXXX;XXX;XXX;XXX;XX
3252;XXXX;YYY;FADFBA;XXX;XX
3254;XXXX;KKK;FDSBSDF;XXX;XX
3258;XXXX;ÑÑÑ;DFGN;XXX;XX
3260;XXXX;PPP;SNBGS;XXX;XX
3261;XXXX;QQQ;XXX;XXX;XX
3263;XXXX;XXX;FADFBA;XXX;XX
3264;XXXX;YYY;FDSBSDF;XXX;XX
3266;XXXX;KKK;DFGN;XXX;XX
3267;XXXX;ÑÑÑ;SNBGS;XXX;XX
3268;XXXX;PPP;XXX;XXX;XX
3269;XXXX;QQQ;FADFBA;XXX;XX
3271;XXXX;XXX;FDSBSDF;XXX;XX
3272;XXXX;YYY;DFGN;XXX;XX
3273;XXXX;KKK;SNBGS;XXX;XX
3274;XXXX;ÑÑÑ;XXX;XXX;XX
3275;XXXX;PPP;FADFBA;XXX;XX
3277;XXXX;QQQ;FDSBSDF;XXX;XX
3279;XXXX;XXX;DFGN;XXX;XX
3281;XXXX;YYY;SNBGS;XXX;XX
3284;XXXX;KKK;XXX;XXX;XX
3287;XXXX;ÑÑÑ;FADFBA;XXX;XX
3289;XXXX;PPP;FDSBSDF;XXX;XX
3290;XXXX;QQQ;DFGN;XXX;XX
3294;XXXX;XXX;SNBGS;XXX;XX
3296;XXXX;YYY;XXX;XXX;XX
3297;XXXX;KKK;FADFBA;XXX;XX
3298;XXXX;ÑÑÑ;FDSBSDF;XXX;XX
3299;XXXX;PPP;DFGN;XXX;XX
3300;XXXX;QQQ;SNBGS;XXX;XX
3301;XXXX;XXX;XXX;XXX;XX
3302;XXXX;YYY;FADFBA;XXX;XX
3303;XXXX;KKK;FDSBSDF;XXX;XX
3304;XXXX;ÑÑÑ;DFGN;XXX;XX
3305;XXXX;PPP;SNBGS;XXX;XX
3306;XXXX;QQQ;XXX;XXX;XX
3307;XXXX;XXX;FADFBA;XXX;XX
3308;XXXX;YYY;FDSBSDF;XXX;XX
3311;XXXX;KKK;DFGN;XXX;XX
3313;XXXX;ÑÑÑ;SNBGS;XXX;XX
3314;XXXX;PPP;XXX;XXX;XX
3315;XXXX;QQQ;FADFBA;XXX;XX
3316;XXXX;XXX;FDSBSDF;XXX;XX
3317;XXXX;YYY;DFGN;XXX;XX
3320;XXXX;KKK;SNBGS;XXX;XX
3321;XXXX;ÑÑÑ;XXX;XXX;XX
3323;XXXX;PPP;FADFBA;XXX;XX
3324;XXXX;QQQ;FDSBSDF;XXX;XX
3325;XXXX;XXX;DFGN;XXX;XX
3326;XXXX;YYY;SNBGS;XXX;XX
3327;XXXX;KKK;XXX;XXX;XX
3330;XXXX;ÑÑÑ;FADFBA;XXX;XX
3332;XXXX;PPP;FDSBSDF;XXX;XX
3333;XXXX;QQQ;DFGN;XXX;XX
3335;XXXX;XXX;SNBGS;XXX;XX
3336;XXXX;YYY;XXX;XXX;XX
3337;XXXX;KKK;FADFBA;XXX;XX
3338;XXXX;ÑÑÑ;FDSBSDF;XXX;XX
3348;XXXX;PPP;DFGN;XXX;XX
3349;XXXX;QQQ;SNBGS;XXX;XX
3350;XXXX;XXX;XXX;XXX;XX
3351;XXXX;YYY;FADFBA;XXX;XX
3352;XXXX;KKK;FDSBSDF;XXX;XX
3356;XXXX;ÑÑÑ;DFGN;XXX;XX
3357;XXXX;PPP;SNBGS;XXX;XX
3366;XXXX;QQQ;XXX;XXX;XX
3368;XXXX;XXX;FADFBA;XXX;XX
3369;XXXX;YYY;FDSBSDF;XXX;XX
3370;XXXX;KKK;DFGN;XXX;XX
3371;XXXX;ÑÑÑ;SNBGS;XXX;XX
3373;XXXX;PPP;XXX;XXX;XX
3374;XXXX;QQQ;FADFBA;XXX;XX
3376;XXXX;XXX;FDSBSDF;XXX;XX
3377;XXXX;YYY;DFGN;XXX;XX
3378;XXXX;KKK;SNBGS;XXX;XX
3379;XXXX;ÑÑÑ;XXX;XXX;XX
3380;XXXX;PPP;FADFBA;XXX;XX
3381;XXXX;QQQ;FDSBSDF;XXX;XX
3382;XXXX;XXX;DFGN;XXX;XX
3383;XXXX;YYY;SNBGS;XXX;XX
3384;XXXX;KKK;XXX;XXX;XX
3385;XXXX;ÑÑÑ;FADFBA;XXX;XX
3388;XXXX;PPP;FDSBSDF;XXX;XX
3389;XXXX;QQQ;DFGN;XXX;XX
3390;XXXX;XXX;SNBGS;XXX;XX
3392;XXXX;YYY;XXX;XXX;XX
3393;XXXX;KKK;FADFBA;XXX;XX
3394;XXXX;ÑÑÑ;FDSBSDF;XXX;XX
3395;XXXX;PPP;DFGN;XXX;XX
3396;XXXX;QQQ;SNBGS;XXX;XX
3397;XXXX;XXX;XXX;XXX;XX
3398;XXXX;YYY;FADFBA;XXX;XX
3399;XXXX;KKK;FDSBSDF;XXX;XX
3400;XXXX;ÑÑÑ;DFGN;XXX;XX
3403;XXXX;PPP;SNBGS;XXX;XX
3404;XXXX;QQQ;XXX;XXX;XX
3405;XXXX;XXX;FADFBA;XXX;XX
3406;XXXX;YYY;FDSBSDF;XXX;XX
3408;XXXX;KKK;DFGN;XXX;XX
3410;XXXX;ÑÑÑ;SNBGS;XXX;XX
3413;XXXX;PPP;XXX;XXX;XX
3417;XXXX;QQQ;FADFBA;XXX;XX
3419;XXXX;XXX;FDSBSDF;XXX;XX
3423;XXXX;YYY;DFGN;XXX;XX
3424;XXXX;KKK;SNBGS;XXX;XX
3425;XXXX;ÑÑÑ;XXX;XXX;XX
3428;XXXX;PPP;FADFBA;XXX;XX
3429;XXXX;QQQ;FDSBSDF;XXX;XX
3430;XXXX;XXX;DFGN;XXX;XX
3432;XXXX;YYY;SNBGS;XXX;XX
3433;XXXX;KKK;XXX;XXX;XX
3434;XXXX;ÑÑÑ;FADFBA;XXX;XX
3436;XXXX;PPP;FDSBSDF;XXX;XX
3439;XXXX;QQQ;DFGN;XXX;XX
3440;XXXX;XXX;SNBGS;XXX;XX
3441;XXXX;YYY;XXX;XXX;XX
3442;XXXX;KKK;FADFBA;XXX;XX
3443;XXXX;ÑÑÑ;FDSBSDF;XXX;XX
3444;XXXX;PPP;DFGN;XXX;XX
3445;XXXX;QQQ;SNBGS;XXX;XX
3446;XXXX;XXX;XXX;XXX;XX
3447;XXXX;YYY;FADFBA;XXX;XX
3449;XXXX;KKK;FDSBSDF;XXX;XX
3451;XXXX;ÑÑÑ;DFGN;XXX;XX
3452;XXXX;PPP;SNBGS;XXX;XX
3453;XXXX;QQQ;XXX;XXX;XX
3454;XXXX;XXX;FADFBA;XXX;XX
3455;XXXX;YYY;FDSBSDF;XXX;XX
3468;XXXX;KKK;DFGN;XXX;XX
3475;XXXX;ÑÑÑ;SNBGS;XXX;XX
3482;XXXX;PPP;XXX;XXX;XX
3489;XXXX;QQQ;FADFBA;XXX;XX
3493;XXXX;XXX;FDSBSDF;XXX;XX
3494;XXXX;YYY;DFGN;XXX;XX
3495;XXXX;KKK;SNBGS;XXX;XX
3496;XXXX;ÑÑÑ;XXX;XXX;XX
3497;XXXX;PPP;FADFBA;XXX;XX
3500;XXXX;QQQ;FDSBSDF;XXX;XX
3502;XXXX;XXX;DFGN;XXX;XX
3509;XXXX;YYY;SNBGS;XXX;XX
3510;XXXX;KKK;XXX;XXX;XX
3511;XXXX;ÑÑÑ;FADFBA;XXX;XX
3512;XXXX;PPP;FDSBSDF;XXX;XX
3514;XXXX;QQQ;DFGN;XXX;XX
3515;XXXX;XXX;SNBGS;XXX;XX
3518;XXXX;YYY;XXX;XXX;XX
3520;XXXX;KKK;FADFBA;XXX;XX
3524;XXXX;ÑÑÑ;FDSBSDF;XXX;XX
3525;XXXX;PPP;DFGN;XXX;XX
3526;XXXX;QQQ;SNBGS;XXX;XX
3535;XXXX;XXX;XXX;XXX;XX
3539;XXXX;YYY;FADFBA;XXX;XX
3540;XXXX;KKK;FDSBSDF;XXX;XX
3542;XXXX;ÑÑÑ;DFGN;XXX;XX
3543;XXXX;PPP;SNBGS;XXX;XX
3545;XXXX;QQQ;XXX;XXX;XX
3549;XXXX;XXX;FADFBA;XXX;XX
3551;XXXX;YYY;FDSBSDF;XXX;XX
3552;XXXX;KKK;DFGN;XXX;XX
3553;XXXX;ÑÑÑ;SNBGS;XXX;XX
3555;XXXX;PPP;XXX;XXX;XX
3556;XXXX;QQQ;FADFBA;XXX;XX
3559;XXXX;XXX;FDSBSDF;XXX;XX
3566;XXXX;YYY;DFGN;XXX;XX
3568;XXXX;KKK;SNBGS;XXX;XX
3569;XXXX;ÑÑÑ;XXX;XXX;XX
3570;XXXX;PPP;FADFBA;XXX;XX
3575;XXXX;QQQ;FDSBSDF;XXX;XX
3576;XXXX;XXX;DFGN;XXX;XX
3577;XXXX;YYY;SNBGS;XXX;XX
3578;XXXX;KKK;XXX;XXX;XX
3579;XXXX;ÑÑÑ;FADFBA;XXX;XX
3580;XXXX;PPP;FDSBSDF;XXX;XX
3581;XXXX;QQQ;DFGN;XXX;XX
3582;XXXX;XXX;SNBGS;XXX;XX
3583;XXXX;YYY;XXX;XXX;XX
3584;XXXX;KKK;FADFBA;XXX;XX
3587;XXXX;ÑÑÑ;FDSBSDF;XXX;XX
3588;XXXX;PPP;DFGN;XXX;XX
3589;XXXX;QQQ;SNBGS;XXX;XX
3594;XXXX;XXX;XXX;XXX;XX
3595;XXXX;YYY;FADFBA;XXX;XX
3596;XXXX;KKK;FDSBSDF;XXX;XX
3599;XXXX;ÑÑÑ;DFGN;XXX;XX
3602;XXXX;PPP;SNBGS;XXX;XX
3605;XXXX;QQQ;XXX;XXX;XX
3606;XXXX;XXX;FADFBA;XXX;XX
3609;XXXX;YYY;FDSBSDF;XXX;XX
3611;XXXX;KKK;DFGN;XXX;XX
3612;XXXX;ÑÑÑ;SNBGS;XXX;XX
3614;XXXX;PPP;XXX;XXX;XX
3616;XXXX;QQQ;FADFBA;XXX;XX
3619;XXXX;XXX;FDSBSDF;XXX;XX
3620;XXXX;YYY;DFGN;XXX;XX
3622;XXXX;KKK;SNBGS;XXX;XX
3624;XXXX;ÑÑÑ;XXX;XXX;XX
3631;XXXX;PPP;FADFBA;XXX;XX
3632;XXXX;QQQ;FDSBSDF;XXX;XX
3633;XXXX;XXX;DFGN;XXX;XX
3634;XXXX;YYY;SNBGS;XXX;XX
3635;XXXX;KKK;XXX;XXX;XX
3637;XXXX;ÑÑÑ;FADFBA;XXX;XX
3641;XXXX;PPP;FDSBSDF;XXX;XX
3642;XXXX;QQQ;DFGN;XXX;XX
3644;XXXX;XXX;SNBGS;XXX;XX
3647;XXXX;YYY;XXX;XXX;XX
3650;XXXX;KKK;FADFBA;XXX;XX
3653;XXXX;ÑÑÑ;FDSBSDF;XXX;XX
3655;XXXX;PPP;DFGN;XXX;XX
3656;XXXX;QQQ;SNBGS;XXX;XX
3657;XXXX;XXX;XXX;XXX;XX
3660;XXXX;YYY;FADFBA;XXX;XX
3663;XXXX;KKK;FDSBSDF;XXX;XX
3665;XXXX;ÑÑÑ;DFGN;XXX;XX
3669;XXXX;PPP;SNBGS;XXX;XX
3670;XXXX;QQQ;XXX;XXX;XX
3672;XXXX;XXX;FADFBA;XXX;XX
3674;XXXX;YYY;FDSBSDF;XXX;XX
3675;XXXX;KKK;DFGN;XXX;XX
3676;XXXX;ÑÑÑ;SNBGS;XXX;XX
3677;XXXX;PPP;XXX;XXX;XX
3678;XXXX;QQQ;FADFBA;XXX;XX
3679;XXXX;XXX;FDSBSDF;XXX;XX
3683;XXXX;YYY;DFGN;XXX;XX
3684;XXXX;KKK;SNBGS;XXX;XX
3687;XXXX;ÑÑÑ;XXX;XXX;XX
3688;XXXX;PPP;FADFBA;XXX;XX
3689;XXXX;QQQ;FDSBSDF;XXX;XX
3690;XXXX;XXX;DFGN;XXX;XX
3691;XXXX;YYY;SNBGS;XXX;XX
3692;XXXX;KKK;XXX;XXX;XX
3693;XXXX;ÑÑÑ;FADFBA;XXX;XX
3694;XXXX;PPP;FDSBSDF;XXX;XX
3696;XXXX;QQQ;DFGN;XXX;XX
3697;XXXX;XXX;SNBGS;XXX;XX
3699;XXXX;YYY;XXX;XXX;XX
3700;XXXX;KKK;FADFBA;XXX;XX
3701;XXXX;ÑÑÑ;FDSBSDF;XXX;XX
3704;XXXX;PPP;DFGN;XXX;XX
3705;XXXX;QQQ;SNBGS;XXX;XX
3708;XXXX;XXX;XXX;XXX;XX
3710;XXXX;YYY;FADFBA;XXX;XX
3711;XXXX;KKK;FDSBSDF;XXX;XX
3712;XXXX;ÑÑÑ;DFGN;XXX;XX
3713;XXXX;PPP;SNBGS;XXX;XX
3714;XXXX;QQQ;XXX;XXX;XX
3716;XXXX;XXX;FADFBA;XXX;XX
3718;XXXX;YYY;FDSBSDF;XXX;XX
3721;XXXX;KKK;DFGN;XXX;XX
3722;XXXX;ÑÑÑ;SNBGS;XXX;XX
3724;XXXX;PPP;XXX;XXX;XX
3727;XXXX;QQQ;FADFBA;XXX;XX
3731;XXXX;XXX;FDSBSDF;XXX;XX
3733;XXXX;YYY;DFGN;XXX;XX
3734;XXXX;KKK;SNBGS;XXX;XX
3737;XXXX;ÑÑÑ;XXX;XXX;XX
3738;XXXX;PPP;FADFBA;XXX;XX
3739;XXXX;QQQ;FDSBSDF;XXX;XX
3740;XXXX;XXX;DFGN;XXX;XX
3741;XXXX;YYY;SNBGS;XXX;XX
3743;XXXX;KKK;XXX;XXX;XX
3746;XXXX;ÑÑÑ;FADFBA;XXX;XX
3747;XXXX;PPP;FDSBSDF;XXX;XX
3748;XXXX;QQQ;DFGN;XXX;XX
3751;XXXX;XXX;SNBGS;XXX;XX
3755;XXXX;YYY;XXX;XXX;XX
3756;XXXX;KKK;FADFBA;XXX;XX
3757;XXXX;ÑÑÑ;FDSBSDF;XXX;XX
3765;XXXX;PPP;DFGN;XXX;XX
3771;XXXX;QQQ;SNBGS;XXX;XX
3773;XXXX;XXX;XXX;XXX;XX
3779;XXXX;YYY;FADFBA;XXX;XX
3785;XXXX;KKK;FDSBSDF;XXX;XX
3786;XXXX;ÑÑÑ;DFGN;XXX;XX
3787;XXXX;PPP;SNBGS;XXX;XX
3790;XXXX;QQQ;XXX;XXX;XX
3791;XXXX;XXX;FADFBA;XXX;XX
3792;XXXX;YYY;FDSBSDF;XXX;XX
3794;XXXX;KKK;DFGN;XXX;XX
3797;XXXX;ÑÑÑ;SNBGS;XXX;XX
3798;XXXX;PPP;XXX;XXX;XX
3799;XXXX;QQQ;FADFBA;XXX;XX
3802;XXXX;XXX;FDSBSDF;XXX;XX
3803;XXXX;YYY;DFGN;XXX;XX
3804;XXXX;KKK;SNBGS;XXX;XX
3806;XXXX;ÑÑÑ;XXX;XXX;XX
3810;XXXX;PPP;FADFBA;XXX;XX
3811;XXXX;QQQ;FDSBSDF;XXX;XX
3813;XXXX;XXX;DFGN;XXX;XX
3814;XXXX;YYY;SNBGS;XXX;XX
3820;XXXX;KKK;XXX;XXX;XX
3822;XXXX;ÑÑÑ;FADFBA;XXX;XX
3824;XXXX;PPP;FDSBSDF;XXX;XX
3825;XXXX;QQQ;DFGN;XXX;XX
3826;XXXX;XXX;SNBGS;XXX;XX
3827;XXXX;YYY;XXX;XXX;XX
3828;XXXX;KKK;FADFBA;XXX;XX
3832;XXXX;ÑÑÑ;FDSBSDF;XXX;XX
3833;XXXX;PPP;DFGN;XXX;XX
3834;XXXX;QQQ;SNBGS;XXX;XX
3835;XXXX;XXX;XXX;XXX;XX
3837;XXXX;YYY;FADFBA;XXX;XX
3838;XXXX;KKK;FDSBSDF;XXX;XX
3839;XXXX;ÑÑÑ;DFGN;XXX;XX
3841;XXXX;PPP;SNBGS;XXX;XX
3842;XXXX;QQQ;XXX;XXX;XX
3843;XXXX;XXX;FADFBA;XXX;XX
3844;XXXX;YYY;FDSBSDF;XXX;XX
3845;XXXX;KKK;DFGN;XXX;XX
3846;XXXX;ÑÑÑ;SNBGS;XXX;XX
3847;XXXX;PPP;XXX;XXX;XX
3848;XXXX;QQQ;FADFBA;XXX;XX
3849;XXXX;XXX;FDSBSDF;XXX;XX
3850;XXXX;YYY;DFGN;XXX;XX
3851;XXXX;KKK;SNBGS;XXX;XX
3852;XXXX;ÑÑÑ;XXX;XXX;XX
3853;XXXX;PPP;FADFBA;XXX;XX
3855;XXXX;QQQ;FDSBSDF;XXX;XX
3857;XXXX;XXX;DFGN;XXX;XX
3858;XXXX;YYY;SNBGS;XXX;XX
3859;XXXX;KKK;XXX;XXX;XX
3860;XXXX;ÑÑÑ;FADFBA;XXX;XX
3864;XXXX;PPP;FDSBSDF;XXX;XX
3865;XXXX;QQQ;DFGN;XXX;XX
3866;XXXX;XXX;SNBGS;XXX;XX
3867;XXXX;YYY;XXX;XXX;XX
3868;XXXX;KKK;FADFBA;XXX;XX
3869;XXXX;ÑÑÑ;FDSBSDF;XXX;XX
3873;XXXX;PPP;DFGN;XXX;XX
3882;XXXX;QQQ;SNBGS;XXX;XX
3884;XXXX;XXX;XXX;XXX;XX
3886;XXXX;YYY;FADFBA;XXX;XX
3888;XXXX;KKK;FDSBSDF;XXX;XX
3890;XXXX;ÑÑÑ;DFGN;XXX;XX
3892;XXXX;PPP;SNBGS;XXX;XX
3893;XXXX;QQQ;XXX;XXX;XX
3894;XXXX;XXX;FADFBA;XXX;XX
3899;XXXX;YYY;FDSBSDF;XXX;XX
3900;XXXX;KKK;DFGN;XXX;XX
3902;XXXX;ÑÑÑ;SNBGS;XXX;XX
3903;XXXX;PPP;XXX;XXX;XX
3905;XXXX;QQQ;FADFBA;XXX;XX
3906;XXXX;XXX;FDSBSDF;XXX;XX
3907;XXXX;YYY;DFGN;XXX;XX
3910;XXXX;KKK;SNBGS;XXX;XX
3914;XXXX;ÑÑÑ;XXX;XXX;XX
3915;XXXX;PPP;FADFBA;XXX;XX
3917;XXXX;QQQ;FDSBSDF;XXX;XX
3918;XXXX;XXX;DFGN;XXX;XX
3919;XXXX;YYY;SNBGS;XXX;XX
3924;XXXX;KKK;XXX;XXX;XX
3925;XXXX;ÑÑÑ;FADFBA;XXX;XX
3926;XXXX;PPP;FDSBSDF;XXX;XX
3930;XXXX;QQQ;DFGN;XXX;XX
3931;XXXX;XXX;SNBGS;XXX;XX
3932;XXXX;YYY;XXX;XXX;XX
3935;XXXX;KKK;FADFBA;XXX;XX
3938;XXXX;ÑÑÑ;FDSBSDF;XXX;XX
3939;XXXX;PPP;DFGN;XXX;XX
3945;XXXX;QQQ;SNBGS;XXX;XX
3946;XXXX;XXX;XXX;XXX;XX
3948;XXXX;YYY;FADFBA;XXX;XX
3949;XXXX;KKK;FDSBSDF;XXX;XX
3951;XXXX;ÑÑÑ;DFGN;XXX;XX
4054;XXXX;PPP;SNBGS;XXX;XX
4097;XXXX;QQQ;XXX;XXX;XX
4099;XXXX;XXX;FADFBA;XXX;XX
4100;XXXX;YYY;FDSBSDF;XXX;XX
4101;XXXX;KKK;DFGN;XXX;XX
4105;XXXX;ÑÑÑ;SNBGS;XXX;XX
4106;XXXX;PPP;XXX;XXX;XX
4155;XXXX;QQQ;FADFBA;XXX;XX
4163;XXXX;XXX;FDSBSDF;XXX;XX
4164;XXXX;YYY;DFGN;XXX;XX
4165;XXXX;KKK;SNBGS;XXX;XX
4170;XXXX;ÑÑÑ;XXX;XXX;XX
4171;XXXX;PPP;FADFBA;XXX;XX
4172;XXXX;QQQ;FDSBSDF;XXX;XX
4174;XXXX;XXX;DFGN;XXX;XX
4177;XXXX;YYY;SNBGS;XXX;XX
4179;XXXX;KKK;XXX;XXX;XX
4182;XXXX;ÑÑÑ;FADFBA;XXX;XX
4184;XXXX;PPP;FDSBSDF;XXX;XX
4192;XXXX;QQQ;DFGN;XXX;XX
4193;XXXX;XXX;SNBGS;XXX;XX
4196;XXXX;YYY;XXX;XXX;XX
4201;XXXX;KKK;FADFBA;XXX;XX
4215;XXXX;ÑÑÑ;FDSBSDF;XXX;XX
4217;XXXX;PPP;DFGN;XXX;XX
4218;XXXX;QQQ;SNBGS;XXX;XX
4220;XXXX;XXX;XXX;XXX;XX
4227;XXXX;YYY;FADFBA;XXX;XX
4231;XXXX;KKK;FDSBSDF;XXX;XX
4250;XXXX;ÑÑÑ;DFGN;XXX;XX
4251;XXXX;PPP;SNBGS;XXX;XX
4253;XXXX;QQQ;XXX;XXX;XX
4254;XXXX;XXX;FADFBA;XXX;XX
4270;XXXX;YYY;FDSBSDF;XXX;XX
4274;XXXX;KKK;DFGN;XXX;XX
4280;XXXX;ÑÑÑ;SNBGS;XXX;XX
4283;XXXX;PPP;XXX;XXX;XX
4301;XXXX;QQQ;FADFBA;XXX;XX
4302;XXXX;XXX;FDSBSDF;XXX;XX
4307;XXXX;YYY;DFGN;XXX;XX
4308;XXXX;KKK;SNBGS;XXX;XX
4580;XXXX;ÑÑÑ;XXX;XXX;XX
4583;XXXX;PPP;FADFBA;XXX;XX
4655;XXXX;QQQ;FDSBSDF;XXX;XX
4656;XXXX;XXX;DFGN;XXX;XX
4657;XXXX;YYY;SNBGS;XXX;XX
4659;XXXX;KKK;XXX;XXX;XX
4660;XXXX;ÑÑÑ;FADFBA;XXX;XX
4661;XXXX;PPP;FDSBSDF;XXX;XX
4662;XXXX;QQQ;DFGN;XXX;XX
4663;XXXX;XXX;SNBGS;XXX;XX
4664;XXXX;YYY;XXX;XXX;XX
4665;XXXX;KKK;FADFBA;XXX;XX
4666;XXXX;ÑÑÑ;FDSBSDF;XXX;XX
4668;XXXX;PPP;DFGN;XXX;XX
4671;XXXX;QQQ;SNBGS;XXX;XX
4672;XXXX;XXX;XXX;XXX;XX
4673;XXXX;YYY;FADFBA;XXX;XX
4674;XXXX;KKK;FDSBSDF;XXX;XX
4675;XXXX;ÑÑÑ;DFGN;XXX;XX
4677;XXXX;PPP;SNBGS;XXX;XX
4680;XXXX;QQQ;XXX;XXX;XX
4683;XXXX;XXX;FADFBA;XXX;XX
4684;XXXX;YYY;FDSBSDF;XXX;XX
4685;XXXX;KKK;DFGN;XXX;XX
4686;XXXX;ÑÑÑ;SNBGS;XXX;XX
4688;XXXX;PPP;XXX;XXX;XX
4689;XXXX;QQQ;FADFBA;XXX;XX
4690;XXXX;XXX;FDSBSDF;XXX;XX
4691;XXXX;YYY;DFGN;XXX;XX
4692;XXXX;KKK;SNBGS;XXX;XX
4693;XXXX;ÑÑÑ;XXX;XXX;XX
4694;XXXX;PPP;FADFBA;XXX;XX
4695;XXXX;QQQ;FDSBSDF;XXX;XX
4696;XXXX;XXX;DFGN;XXX;XX
4698;XXXX;YYY;SNBGS;XXX;XX
4699;XXXX;KKK;XXX;XXX;XX
4700;XXXX;ÑÑÑ;FADFBA;XXX;XX
4702;XXXX;PPP;FDSBSDF;XXX;XX
4703;XXXX;QQQ;DFGN;XXX;XX
4704;XXXX;XXX;SNBGS;XXX;XX
4705;XXXX;YYY;XXX;XXX;XX
4707;XXXX;KKK;FADFBA;XXX;XX
4708;XXXX;ÑÑÑ;FDSBSDF;XXX;XX
4710;XXXX;PPP;DFGN;XXX;XX
4712;XXXX;QQQ;SNBGS;XXX;XX
4713;XXXX;XXX;XXX;XXX;XX
4714;XXXX;YYY;FADFBA;XXX;XX
4715;XXXX;KKK;FDSBSDF;XXX;XX
4716;XXXX;ÑÑÑ;DFGN;XXX;XX
4718;XXXX;PPP;SNBGS;XXX;XX
4722;XXXX;QQQ;XXX;XXX;XX
4723;XXXX;XXX;FADFBA;XXX;XX
4725;XXXX;YYY;FDSBSDF;XXX;XX
4726;XXXX;KKK;DFGN;XXX;XX
4729;XXXX;ÑÑÑ;SNBGS;XXX;XX
4730;XXXX;PPP;XXX;XXX;XX
4731;XXXX;QQQ;FADFBA;XXX;XX
4732;XXXX;XXX;FDSBSDF;XXX;XX
4734;XXXX;YYY;DFGN;XXX;XX
4735;XXXX;KKK;SNBGS;XXX;XX
4736;XXXX;ÑÑÑ;XXX;XXX;XX
4745;XXXX;PPP;FADFBA;XXX;XX
4759;XXXX;QQQ;FDSBSDF;XXX;XX
4764;XXXX;XXX;DFGN;XXX;XX
4765;XXXX;YYY;SNBGS;XXX;XX
4769;XXXX;KKK;XXX;XXX;XX
4781;XXXX;ÑÑÑ;FADFBA;XXX;XX
4786;XXXX;PPP;FDSBSDF;XXX;XX
4790;XXXX;QQQ;DFGN;XXX;XX
4792;XXXX;XXX;SNBGS;XXX;XX
4793;XXXX;YYY;XXX;XXX;XX
4795;XXXX;KKK;FADFBA;XXX;XX
4796;XXXX;ÑÑÑ;FDSBSDF;XXX;XX
4798;XXXX;PPP;DFGN;XXX;XX
4800;XXXX;QQQ;SNBGS;XXX;XX
4801;XXXX;XXX;XXX;XXX;XX
4807;XXXX;YYY;FADFBA;XXX;XX
4808;XXXX;KKK;FDSBSDF;XXX;XX
4809;XXXX;ÑÑÑ;DFGN;XXX;XX
4810;XXXX;PPP;SNBGS;XXX;XX
4811;XXXX;QQQ;XXX;XXX;XX
4814;XXXX;XXX;FADFBA;XXX;XX
4815;XXXX;YYY;FDSBSDF;XXX;XX
4816;XXXX;KKK;DFGN;XXX;XX
4820;XXXX;ÑÑÑ;SNBGS;XXX;XX
4821;XXXX;PPP;XXX;XXX;XX
4826;XXXX;QQQ;FADFBA;XXX;XX
4827;XXXX;XXX;FDSBSDF;XXX;XX
4828;XXXX;YYY;DFGN;XXX;XX
4835;XXXX;KKK;SNBGS;XXX;XX
4840;XXXX;ÑÑÑ;XXX;XXX;XX
4841;XXXX;PPP;FADFBA;XXX;XX
4848;XXXX;QQQ;FDSBSDF;XXX;XX
4849;XXXX;XXX;DFGN;XXX;XX
4850;XXXX;YYY;SNBGS;XXX;XX
4851;XXXX;KKK;XXX;XXX;XX
4852;XXXX;ÑÑÑ;FADFBA;XXX;XX
4854;XXXX;PPP;FDSBSDF;XXX;XX
4855;XXXX;QQQ;DFGN;XXX;XX
4856;XXXX;XXX;SNBGS;XXX;XX
4857;XXXX;YYY;XXX;XXX;XX
4858;XXXX;KKK;FADFBA;XXX;XX
4859;XXXX;ÑÑÑ;FDSBSDF;XXX;XX
4860;XXXX;PPP;DFGN;XXX;XX
4861;XXXX;QQQ;SNBGS;XXX;XX
4862;XXXX;XXX;XXX;XXX;XX
4863;XXXX;YYY;FADFBA;XXX;XX
4864;XXXX;KKK;FDSBSDF;XXX;XX
4865;XXXX;ÑÑÑ;DFGN;XXX;XX
4866;XXXX;PPP;SNBGS;XXX;XX
4867;XXXX;QQQ;XXX;XXX;XX
4868;XXXX;XXX;FADFBA;XXX;XX
4869;XXXX;YYY;FDSBSDF;XXX;XX
4870;XXXX;KKK;DFGN;XXX;XX
4871;XXXX;ÑÑÑ;SNBGS;XXX;XX
4872;XXXX;PPP;XXX;XXX;XX
4878;XXXX;QQQ;FADFBA;XXX;XX
4879;XXXX;XXX;FDSBSDF;XXX;XX
4884;XXXX;YYY;DFGN;XXX;XX
4887;XXXX;KKK;SNBGS;XXX;XX
4888;XXXX;ÑÑÑ;XXX;XXX;XX
4897;XXXX;PPP;FADFBA;XXX;XX
4898;XXXX;QQQ;FDSBSDF;XXX;XX
4899;XXXX;XXX;DFGN;XXX;XX
4903;XXXX;YYY;SNBGS;XXX;XX
4904;XXXX;KKK;XXX;XXX;XX
4908;XXXX;ÑÑÑ;FADFBA;XXX;XX
4909;XXXX;PPP;FDSBSDF;XXX;XX
4916;XXXX;QQQ;DFGN;XXX;XX
4919;XXXX;XXX;SNBGS;XXX;XX
4920;XXXX;YYY;XXX;XXX;XX
4921;XXXX;KKK;FADFBA;XXX;XX
4922;XXXX;ÑÑÑ;FDSBSDF;XXX;XX
4930;XXXX;PPP;DFGN;XXX;XX
4931;XXXX;QQQ;SNBGS;XXX;XX
4932;XXXX;XXX;XXX;XXX;XX
4934;XXXX;YYY;FADFBA;XXX;XX
4935;XXXX;KKK;FDSBSDF;XXX;XX
4937;XXXX;ÑÑÑ;DFGN;XXX;XX
4938;XXXX;PPP;SNBGS;XXX;XX
4939;XXXX;QQQ;XXX;XXX;XX
4940;XXXX;XXX;FADFBA;XXX;XX
4941;XXXX;YYY;FDSBSDF;XXX;XX
4943;XXXX;KKK;DFGN;XXX;XX
4949;XXXX;ÑÑÑ;SNBGS;XXX;XX
4950;XXXX;PPP;XXX;XXX;XX
4951;XXXX;QQQ;FADFBA;XXX;XX
4952;XXXX;XXX;FDSBSDF;XXX;XX
4953;XXXX;YYY;DFGN;XXX;XX
4954;XXXX;KKK;SNBGS;XXX;XX
4955;XXXX;ÑÑÑ;XXX;XXX;XX
4956;XXXX;PPP;FADFBA;XXX;XX
4957;XXXX;QQQ;FDSBSDF;XXX;XX
4958;XXXX;XXX;DFGN;XXX;XX
4959;XXXX;YYY;SNBGS;XXX;XX
4961;XXXX;KKK;XXX;XXX;XX
4962;XXXX;ÑÑÑ;FADFBA;XXX;XX
4963;XXXX;PPP;FDSBSDF;XXX;XX
4964;XXXX;QQQ;DFGN;XXX;XX
4965;XXXX;XXX;SNBGS;XXX;XX
4966;XXXX;YYY;XXX;XXX;XX
4967;XXXX;KKK;FADFBA;XXX;XX
4968;XXXX;ÑÑÑ;FDSBSDF;XXX;XX
4969;XXXX;PPP;DFGN;XXX;XX
4971;XXXX;QQQ;SNBGS;XXX;XX
4972;XXXX;XXX;XXX;XXX;XX
4973;XXXX;YYY;FADFBA;XXX;XX
4974;XXXX;KKK;FDSBSDF;XXX;XX
4976;XXXX;ÑÑÑ;DFGN;XXX;XX
4977;XXXX;PPP;SNBGS;XXX;XX
4978;XXXX;QQQ;XXX;XXX;XX
4979;XXXX;XXX;FADFBA;XXX;XX
4980;XXXX;YYY;FDSBSDF;XXX;XX
4982;XXXX;KKK;DFGN;XXX;XX
4983;XXXX;ÑÑÑ;SNBGS;XXX;XX
4984;XXXX;PPP;XXX;XXX;XX
4985;XXXX;QQQ;FADFBA;XXX;XX
4986;XXXX;XXX;FDSBSDF;XXX;XX
4987;XXXX;YYY;DFGN;XXX;XX
4988;XXXX;KKK;SNBGS;XXX;XX
4989;XXXX;ÑÑÑ;XXX;XXX;XX
4991;XXXX;PPP;FADFBA;XXX;XX
4992;XXXX;QQQ;FDSBSDF;XXX;XX
4993;XXXX;XXX;DFGN;XXX;XX
4994;XXXX;YYY;SNBGS;XXX;XX
4995;XXXX;KKK;XXX;XXX;XX
4996;XXXX;ÑÑÑ;FADFBA;XXX;XX
4997;XXXX;PPP;FDSBSDF;XXX;XX
4998;XXXX;QQQ;DFGN;XXX;XX
4999;XXXX;XXX;SNBGS;XXX;XX
5000;XXXX;YYY;XXX;XXX;XX
5002;XXXX;KKK;FADFBA;XXX;XX
5004;XXXX;ÑÑÑ;FDSBSDF;XXX;XX
5005;XXXX;PPP;DFGN;XXX;XX
5008;XXXX;QQQ;SNBGS;XXX;XX
5009;XXXX;XXX;XXX;XXX;XX
5011;XXXX;YYY;FADFBA;XXX;XX
5012;XXXX;KKK;FDSBSDF;XXX;XX
5014;XXXX;ÑÑÑ;DFGN;XXX;XX
5017;XXXX;PPP;SNBGS;XXX;XX
5019;XXXX;QQQ;XXX;XXX;XX
5020;XXXX;XXX;FADFBA;XXX;XX
5021;XXXX;YYY;FDSBSDF;XXX;XX
5022;XXXX;KKK;DFGN;XXX;XX
5023;XXXX;ÑÑÑ;SNBGS;XXX;XX
5024;XXXX;PPP;XXX;XXX;XX
5026;XXXX;QQQ;FADFBA;XXX;XX
5027;XXXX;XXX;FDSBSDF;XXX;XX
5028;XXXX;YYY;DFGN;XXX;XX
5029;XXXX;KKK;SNBGS;XXX;XX
5030;XXXX;ÑÑÑ;XXX;XXX;XX
5031;XXXX;PPP;FADFBA;XXX;XX
5032;XXXX;QQQ;FDSBSDF;XXX;XX
5033;XXXX;XXX;DFGN;XXX;XX
5034;XXXX;YYY;SNBGS;XXX;XX
5035;XXXX;KKK;XXX;XXX;XX
5036;XXXX;ÑÑÑ;FADFBA;XXX;XX
5037;XXXX;PPP;FDSBSDF;XXX;XX
5038;XXXX;QQQ;DFGN;XXX;XX
5039;XXXX;XXX;SNBGS;XXX;XX
5040;XXXX;YYY;XXX;XXX;XX
5041;XXXX;KKK;FADFBA;XXX;XX
5042;XXXX;ÑÑÑ;FDSBSDF;XXX;XX
5043;XXXX;PPP;DFGN;XXX;XX
5044;XXXX;QQQ;SNBGS;XXX;XX
5045;XXXX;XXX;XXX;XXX;XX
5046;XXXX;YYY;FADFBA;XXX;XX
5047;XXXX;KKK;FDSBSDF;XXX;XX
5048;XXXX;ÑÑÑ;DFGN;XXX;XX
5049;XXXX;PPP;SNBGS;XXX;XX
5050;XXXX;QQQ;XXX;XXX;XX
5051;XXXX;XXX;FADFBA;XXX;XX
5052;XXXX;YYY;FDSBSDF;XXX;XX
5054;XXXX;KKK;DFGN;XXX;XX
5055;XXXX;ÑÑÑ;SNBGS;XXX;XX
5056;XXXX;PPP;XXX;XXX;XX
5057;XXXX;QQQ;FADFBA;XXX;XX
5058;XXXX;XXX;FDSBSDF;XXX;XX
5059;XXXX;YYY;DFGN;XXX;XX
5060;XXXX;KKK;SNBGS;XXX;XX
5061;XXXX;ÑÑÑ;XXX;XXX;XX
5062;XXXX;PPP;FADFBA;XXX;XX
5063;XXXX;QQQ;FDSBSDF;XXX;XX
5064;XXXX;XXX;DFGN;XXX;XX
5066;XXXX;YYY;SNBGS;XXX;XX
5067;XXXX;KKK;XXX;XXX;XX
5068;XXXX;ÑÑÑ;FADFBA;XXX;XX
5070;XXXX;PPP;FDSBSDF;XXX;XX
5072;XXXX;QQQ;DFGN;XXX;XX
5073;XXXX;XXX;SNBGS;XXX;XX
5075;XXXX;YYY;XXX;XXX;XX
5076;XXXX;KKK;FADFBA;XXX;XX
5077;XXXX;ÑÑÑ;FDSBSDF;XXX;XX
5078;XXXX;PPP;DFGN;XXX;XX
5079;XXXX;QQQ;SNBGS;XXX;XX
5080;XXXX;XXX;XXX;XXX;XX
5081;XXXX;YYY;FADFBA;XXX;XX
5083;XXXX;KKK;FDSBSDF;XXX;XX
5084;XXXX;ÑÑÑ;DFGN;XXX;XX
5085;XXXX;PPP;SNBGS;XXX;XX
5087;XXXX;QQQ;XXX;XXX;XX
5088;XXXX;XXX;FADFBA;XXX;XX
5089;XXXX;YYY;FDSBSDF;XXX;XX
5090;XXXX;KKK;DFGN;XXX;XX
5092;XXXX;ÑÑÑ;SNBGS;XXX;XX
5093;XXXX;PPP;XXX;XXX;XX
5095;XXXX;QQQ;FADFBA;XXX;XX
5096;XXXX;XXX;FDSBSDF;XXX;XX
5097;XXXX;YYY;DFGN;XXX;XX
5098;XXXX;KKK;SNBGS;XXX;XX
5100;XXXX;ÑÑÑ;XXX;XXX;XX
5101;XXXX;PPP;FADFBA;XXX;XX
5102;XXXX;QQQ;FDSBSDF;XXX;XX
5103;XXXX;XXX;DFGN;XXX;XX
5104;XXXX;YYY;SNBGS;XXX;XX
5105;XXXX;KKK;XXX;XXX;XX
5108;XXXX;ÑÑÑ;FADFBA;XXX;XX
5109;XXXX;PPP;FDSBSDF;XXX;XX
5110;XXXX;QQQ;DFGN;XXX;XX
5111;XXXX;XXX;SNBGS;XXX;XX
5112;XXXX;YYY;XXX;XXX;XX
5113;XXXX;KKK;FADFBA;XXX;XX
5114;XXXX;ÑÑÑ;FDSBSDF;XXX;XX
5115;XXXX;PPP;DFGN;XXX;XX
5116;XXXX;QQQ;SNBGS;XXX;XX
5117;XXXX;XXX;XXX;XXX;XX
5119;XXXX;YYY;FADFBA;XXX;XX
5120;XXXX;KKK;FDSBSDF;XXX;XX
5122;XXXX;ÑÑÑ;DFGN;XXX;XX
5123;XXXX;PPP;SNBGS;XXX;XX
5124;XXXX;QQQ;XXX;XXX;XX
5125;XXXX;XXX;FADFBA;XXX;XX
5126;XXXX;YYY;FDSBSDF;XXX;XX
5127;XXXX;KKK;DFGN;XXX;XX
5128;XXXX;ÑÑÑ;SNBGS;XXX;XX
5129;XXXX;PPP;XXX;XXX;XX
5130;XXXX;QQQ;FADFBA;XXX;XX
5131;XXXX;XXX;FDSBSDF;XXX;XX
5132;XXXX;YYY;DFGN;XXX;XX
5133;XXXX;KKK;SNBGS;XXX;XX
5134;XXXX;ÑÑÑ;XXX;XXX;XX
5135;XXXX;PPP;FADFBA;XXX;XX
5136;XXXX;QQQ;FDSBSDF;XXX;XX
5137;XXXX;XXX;DFGN;XXX;XX
5138;XXXX;YYY;SNBGS;XXX;XX
5139;XXXX;KKK;XXX;XXX;XX
5140;XXXX;ÑÑÑ;FADFBA;XXX;XX
5142;XXXX;PPP;FDSBSDF;XXX;XX
5143;XXXX;QQQ;DFGN;XXX;XX
5144;XXXX;XXX;SNBGS;XXX;XX
5145;XXXX;YYY;XXX;XXX;XX
5146;XXXX;KKK;FADFBA;XXX;XX
5147;XXXX;ÑÑÑ;FDSBSDF;XXX;XX
5148;XXXX;PPP;DFGN;XXX;XX
5149;XXXX;QQQ;SNBGS;XXX;XX
5150;XXXX;XXX;XXX;XXX;XX
5152;XXXX;YYY;FADFBA;XXX;XX
5154;XXXX;KKK;FDSBSDF;XXX;XX
5155;XXXX;ÑÑÑ;DFGN;XXX;XX
5156;XXXX;PPP;SNBGS;XXX;XX
5157;XXXX;QQQ;XXX;XXX;XX
5158;XXXX;XXX;FADFBA;XXX;XX
5159;XXXX;YYY;FDSBSDF;XXX;XX
5160;XXXX;KKK;DFGN;XXX;XX
5161;XXXX;ÑÑÑ;SNBGS;XXX;XX
5162;XXXX;PPP;XXX;XXX;XX
5163;XXXX;QQQ;FADFBA;XXX;XX
5164;XXXX;XXX;FDSBSDF;XXX;XX
5165;XXXX;YYY;DFGN;XXX;XX
5166;XXXX;KKK;SNBGS;XXX;XX
5167;XXXX;ÑÑÑ;XXX;XXX;XX
5168;XXXX;PPP;FADFBA;XXX;XX
5169;XXXX;QQQ;FDSBSDF;XXX;XX
5170;XXXX;XXX;DFGN;XXX;XX
5171;XXXX;YYY;SNBGS;XXX;XX
5172;XXXX;KKK;XXX;XXX;XX
5173;XXXX;ÑÑÑ;FADFBA;XXX;XX
5174;XXXX;PPP;FDSBSDF;XXX;XX
5175;XXXX;QQQ;DFGN;XXX;XX
5176;XXXX;XXX;SNBGS;XXX;XX
5177;XXXX;YYY;XXX;XXX;XX
5178;XXXX;KKK;FADFBA;XXX;XX
5180;XXXX;ÑÑÑ;FDSBSDF;XXX;XX
5181;XXXX;PPP;DFGN;XXX;XX
5182;XXXX;QQQ;SNBGS;XXX;XX
5183;XXXX;XXX;XXX;XXX;XX
5184;XXXX;YYY;FADFBA;XXX;XX
5185;XXXX;KKK;FDSBSDF;XXX;XX
5186;XXXX;ÑÑÑ;DFGN;XXX;XX
5188;XXXX;PPP;SNBGS;XXX;XX
5189;XXXX;QQQ;XXX;XXX;XX
5192;XXXX;XXX;FADFBA;XXX;XX
5206;XXXX;YYY;FDSBSDF;XXX;XX
5207;XXXX;KKK;DFGN;XXX;XX
5208;XXXX;ÑÑÑ;SNBGS;XXX;XX
5209;XXXX;PPP;XXX;XXX;XX
5210;XXXX;QQQ;FADFBA;XXX;XX
5211;XXXX;XXX;FDSBSDF;XXX;XX
5212;XXXX;YYY;DFGN;XXX;XX
5215;XXXX;KKK;SNBGS;XXX;XX
5216;XXXX;ÑÑÑ;XXX;XXX;XX
5217;XXXX;PPP;FADFBA;XXX;XX
5218;XXXX;QQQ;FDSBSDF;XXX;XX
5219;XXXX;XXX;DFGN;XXX;XX
5220;XXXX;YYY;SNBGS;XXX;XX
5221;XXXX;KKK;XXX;XXX;XX
5222;XXXX;ÑÑÑ;FADFBA;XXX;XX
5223;XXXX;PPP;FDSBSDF;XXX;XX
5224;XXXX;QQQ;DFGN;XXX;XX
5225;XXXX;XXX;SNBGS;XXX;XX
5227;XXXX;YYY;XXX;XXX;XX
5228;XXXX;KKK;FADFBA;XXX;XX
5229;XXXX;ÑÑÑ;FDSBSDF;XXX;XX
5230;XXXX;PPP;DFGN;XXX;XX
5231;XXXX;QQQ;SNBGS;XXX;XX
5232;XXXX;XXX;XXX;XXX;XX
5233;XXXX;YYY;FADFBA;XXX;XX
5234;XXXX;KKK;FDSBSDF;XXX;XX
5235;XXXX;ÑÑÑ;DFGN;XXX;XX
5236;XXXX;PPP;SNBGS;XXX;XX
5237;XXXX;QQQ;XXX;XXX;XX
5238;XXXX;XXX;FADFBA;XXX;XX
5240;XXXX;YYY;FDSBSDF;XXX;XX
5241;XXXX;KKK;DFGN;XXX;XX
5242;XXXX;ÑÑÑ;SNBGS;XXX;XX
5244;XXXX;PPP;XXX;XXX;XX
5245;XXXX;QQQ;FADFBA;XXX;XX
5247;XXXX;XXX;FDSBSDF;XXX;XX
5249;XXXX;YYY;DFGN;XXX;XX
5251;XXXX;KKK;SNBGS;XXX;XX
5252;XXXX;ÑÑÑ;XXX;XXX;XX
5253;XXXX;PPP;FADFBA;XXX;XX
5254;XXXX;QQQ;FDSBSDF;XXX;XX
5255;XXXX;XXX;DFGN;XXX;XX
5256;XXXX;YYY;SNBGS;XXX;XX
5257;XXXX;KKK;XXX;XXX;XX
5258;XXXX;ÑÑÑ;FADFBA;XXX;XX
5259;XXXX;PPP;FDSBSDF;XXX;XX
5260;XXXX;QQQ;DFGN;XXX;XX
5261;XXXX;XXX;SNBGS;XXX;XX
5262;XXXX;YYY;XXX;XXX;XX
5263;XXXX;KKK;FADFBA;XXX;XX
5264;XXXX;ÑÑÑ;FDSBSDF;XXX;XX
5265;XXXX;PPP;DFGN;XXX;XX
5266;XXXX;QQQ;SNBGS;XXX;XX
5267;XXXX;XXX;XXX;XXX;XX
5268;XXXX;YYY;FADFBA;XXX;XX
5271;XXXX;KKK;FDSBSDF;XXX;XX
5272;XXXX;ÑÑÑ;DFGN;XXX;XX
5274;XXXX;PPP;SNBGS;XXX;XX
5275;XXXX;QQQ;XXX;XXX;XX
5277;XXXX;XXX;FADFBA;XXX;XX
5278;XXXX;YYY;FDSBSDF;XXX;XX
5279;XXXX;KKK;DFGN;XXX;XX
5280;XXXX;ÑÑÑ;SNBGS;XXX;XX
5284;XXXX;PPP;XXX;XXX;XX
5285;XXXX;QQQ;FADFBA;XXX;XX
5286;XXXX;XXX;FDSBSDF;XXX;XX
5287;XXXX;YYY;DFGN;XXX;XX
5288;XXXX;KKK;SNBGS;XXX;XX
5289;XXXX;ÑÑÑ;XXX;XXX;XX
5290;XXXX;PPP;FADFBA;XXX;XX
5292;XXXX;QQQ;FDSBSDF;XXX;XX
5297;XXXX;XXX;DFGN;XXX;XX
5298;XXXX;YYY;SNBGS;XXX;XX
5300;XXXX;KKK;XXX;XXX;XX
5301;XXXX;ÑÑÑ;FADFBA;XXX;XX
5302;XXXX;PPP;FDSBSDF;XXX;XX
5303;XXXX;QQQ;DFGN;XXX;XX
5304;XXXX;XXX;SNBGS;XXX;XX
5305;XXXX;YYY;XXX;XXX;XX
5306;XXXX;KKK;FADFBA;XXX;XX
5308;XXXX;ÑÑÑ;FDSBSDF;XXX;XX
5309;XXXX;PPP;DFGN;XXX;XX
5310;XXXX;QQQ;SNBGS;XXX;XX
5311;XXXX;XXX;XXX;XXX;XX
5312;XXXX;YYY;FADFBA;XXX;XX
5313;XXXX;KKK;FDSBSDF;XXX;XX
5314;XXXX;ÑÑÑ;DFGN;XXX;XX
5315;XXXX;PPP;SNBGS;XXX;XX
5316;XXXX;QQQ;XXX;XXX;XX
5317;XXXX;XXX;FADFBA;XXX;XX
5318;XXXX;YYY;FDSBSDF;XXX;XX
5319;XXXX;KKK;DFGN;XXX;XX
5320;XXXX;ÑÑÑ;SNBGS;XXX;XX
5322;XXXX;PPP;XXX;XXX;XX
5323;XXXX;QQQ;FADFBA;XXX;XX
5324;XXXX;XXX;FDSBSDF;XXX;XX
5325;XXXX;YYY;DFGN;XXX;XX
5327;XXXX;KKK;SNBGS;XXX;XX
5328;XXXX;ÑÑÑ;XXX;XXX;XX
5329;XXXX;PPP;FADFBA;XXX;XX
5330;XXXX;QQQ;FDSBSDF;XXX;XX
5331;XXXX;XXX;DFGN;XXX;XX
5332;XXXX;YYY;SNBGS;XXX;XX
5334;XXXX;KKK;XXX;XXX;XX
5335;XXXX;ÑÑÑ;FADFBA;XXX;XX
5337;XXXX;PPP;FDSBSDF;XXX;XX
5338;XXXX;QQQ;DFGN;XXX;XX
5341;XXXX;XXX;SNBGS;XXX;XX
5342;XXXX;YYY;XXX;XXX;XX
5344;XXXX;KKK;FADFBA;XXX;XX
5345;XXXX;ÑÑÑ;FDSBSDF;XXX;XX
5346;XXXX;PPP;DFGN;XXX;XX
5347;XXXX;QQQ;SNBGS;XXX;XX
5348;XXXX;XXX;XXX;XXX;XX
5349;XXXX;YYY;FADFBA;XXX;XX
5350;XXXX;KKK;FDSBSDF;XXX;XX
5356;XXXX;ÑÑÑ;DFGN;XXX;XX
5360;XXXX;PPP;SNBGS;XXX;XX
5361;XXXX;QQQ;XXX;XXX;XX
5362;XXXX;XXX;FADFBA;XXX;XX
5363;XXXX;YYY;FDSBSDF;XXX;XX
5364;XXXX;KKK;DFGN;XXX;XX
5365;XXXX;ÑÑÑ;SNBGS;XXX;XX
5366;XXXX;PPP;XXX;XXX;XX
5367;XXXX;QQQ;FADFBA;XXX;XX
5368;XXXX;XXX;FDSBSDF;XXX;XX
5369;XXXX;YYY;DFGN;XXX;XX
5370;XXXX;KKK;SNBGS;XXX;XX
5371;XXXX;ÑÑÑ;XXX;XXX;XX
5372;XXXX;PPP;FADFBA;XXX;XX
5373;XXXX;QQQ;FDSBSDF;XXX;XX
5374;XXXX;XXX;DFGN;XXX;XX
5375;XXXX;YYY;SNBGS;XXX;XX
5376;XXXX;KKK;XXX;XXX;XX
5378;XXXX;ÑÑÑ;FADFBA;XXX;XX
5379;XXXX;PPP;FDSBSDF;XXX;XX
5380;XXXX;QQQ;DFGN;XXX;XX
5381;XXXX;XXX;SNBGS;XXX;XX
5382;XXXX;YYY;XXX;XXX;XX
5383;XXXX;KKK;FADFBA;XXX;XX
5384;XXXX;ÑÑÑ;FDSBSDF;XXX;XX
5385;XXXX;PPP;DFGN;XXX;XX
5386;XXXX;QQQ;SNBGS;XXX;XX
5387;XXXX;XXX;XXX;XXX;XX
5388;XXXX;YYY;FADFBA;XXX;XX
5389;XXXX;KKK;FDSBSDF;XXX;XX
5390;XXXX;ÑÑÑ;DFGN;XXX;XX
5391;XXXX;PPP;SNBGS;XXX;XX
5392;XXXX;QQQ;XXX;XXX;XX
5393;XXXX;XXX;FADFBA;XXX;XX
5394;XXXX;YYY;FDSBSDF;XXX;XX
5396;XXXX;KKK;DFGN;XXX;XX
5397;XXXX;ÑÑÑ;SNBGS;XXX;XX
5398;XXXX;PPP;XXX;XXX;XX
5399;XXXX;QQQ;FADFBA;XXX;XX
5401;XXXX;XXX;FDSBSDF;XXX;XX
5402;XXXX;YYY;DFGN;XXX;XX
5404;XXXX;KKK;SNBGS;XXX;XX
5405;XXXX;ÑÑÑ;XXX;XXX;XX
5406;XXXX;PPP;FADFBA;XXX;XX
5407;XXXX;QQQ;FDSBSDF;XXX;XX
5409;XXXX;XXX;DFGN;XXX;XX
5410;XXXX;YYY;SNBGS;XXX;XX
5411;XXXX;KKK;XXX;XXX;XX
5412;XXXX;ÑÑÑ;FADFBA;XXX;XX
5413;XXXX;PPP;FDSBSDF;XXX;XX
5414;XXXX;QQQ;DFGN;XXX;XX
5415;XXXX;XXX;SNBGS;XXX;XX
5417;XXXX;YYY;XXX;XXX;XX
5418;XXXX;KKK;FADFBA;XXX;XX
5419;XXXX;ÑÑÑ;FDSBSDF;XXX;XX
5420;XXXX;PPP;DFGN;XXX;XX
5421;XXXX;QQQ;SNBGS;XXX;XX
5422;XXXX;XXX;XXX;XXX;XX
5423;XXXX;YYY;FADFBA;XXX;XX
5424;XXXX;KKK;FDSBSDF;XXX;XX
5425;XXXX;ÑÑÑ;DFGN;XXX;XX
5426;XXXX;PPP;SNBGS;XXX;XX
5427;XXXX;QQQ;XXX;XXX;XX
5428;XXXX;XXX;FADFBA;XXX;XX
5429;XXXX;YYY;FDSBSDF;XXX;XX
5430;XXXX;KKK;DFGN;XXX;XX
5431;XXXX;ÑÑÑ;SNBGS;XXX;XX
5432;XXXX;PPP;XXX;XXX;XX
5433;XXXX;QQQ;FADFBA;XXX;XX
5434;XXXX;XXX;FDSBSDF;XXX;XX
5435;XXXX;YYY;DFGN;XXX;XX
5436;XXXX;KKK;SNBGS;XXX;XX
5437;XXXX;ÑÑÑ;XXX;XXX;XX
5438;XXXX;PPP;FADFBA;XXX;XX
5439;XXXX;QQQ;FDSBSDF;XXX;XX
5440;XXXX;XXX;DFGN;XXX;XX
5441;XXXX;YYY;SNBGS;XXX;XX
5442;XXXX;KKK;XXX;XXX;XX
5443;XXXX;ÑÑÑ;FADFBA;XXX;XX
5444;XXXX;PPP;FDSBSDF;XXX;XX
5445;XXXX;QQQ;DFGN;XXX;XX
5446;XXXX;XXX;SNBGS;XXX;XX
5447;XXXX;YYY;XXX;XXX;XX
5448;XXXX;KKK;FADFBA;XXX;XX
5449;XXXX;ÑÑÑ;FDSBSDF;XXX;XX
5450;XXXX;PPP;DFGN;XXX;XX
5451;XXXX;QQQ;SNBGS;XXX;XX
5452;XXXX;XXX;XXX;XXX;XX
5453;XXXX;YYY;FADFBA;XXX;XX
5454;XXXX;KKK;FDSBSDF;XXX;XX
5455;XXXX;ÑÑÑ;DFGN;XXX;XX
5456;XXXX;PPP;SNBGS;XXX;XX
5457;XXXX;QQQ;XXX;XXX;XX
5458;XXXX;XXX;FADFBA;XXX;XX
5459;XXXX;YYY;FDSBSDF;XXX;XX
5460;XXXX;KKK;DFGN;XXX;XX
5461;XXXX;ÑÑÑ;SNBGS;XXX;XX
5462;XXXX;PPP;XXX;XXX;XX
5464;XXXX;QQQ;FADFBA;XXX;XX
5465;XXXX;XXX;FDSBSDF;XXX;XX
5466;XXXX;YYY;DFGN;XXX;XX
5468;XXXX;KKK;SNBGS;XXX;XX
5469;XXXX;ÑÑÑ;XXX;XXX;XX
5470;XXXX;PPP;FADFBA;XXX;XX
5471;XXXX;QQQ;FDSBSDF;XXX;XX
5472;XXXX;XXX;DFGN;XXX;XX
5473;XXXX;YYY;SNBGS;XXX;XX
5474;XXXX;KKK;XXX;XXX;XX
5475;XXXX;ÑÑÑ;FADFBA;XXX;XX
5476;XXXX;PPP;FDSBSDF;XXX;XX
5477;XXXX;QQQ;DFGN;XXX;XX
5478;XXXX;XXX;SNBGS;XXX;XX
5479;XXXX;YYY;XXX;XXX;XX
5480;XXXX;KKK;FADFBA;XXX;XX
5481;XXXX;ÑÑÑ;FDSBSDF;XXX;XX
5482;XXXX;PPP;DFGN;XXX;XX
5483;XXXX;QQQ;SNBGS;XXX;XX
5484;XXXX;XXX;XXX;XXX;XX
5485;XXXX;YYY;FADFBA;XXX;XX
5486;XXXX;KKK;FDSBSDF;XXX;XX
5487;XXXX;ÑÑÑ;DFGN;XXX;XX
5488;XXXX;PPP;SNBGS;XXX;XX
5489;XXXX;QQQ;XXX;XXX;XX
5490;XXXX;XXX;FADFBA;XXX;XX
5491;XXXX;YYY;FDSBSDF;XXX;XX
5492;XXXX;KKK;DFGN;XXX;XX
5493;XXXX;ÑÑÑ;SNBGS;XXX;XX
5495;XXXX;PPP;XXX;XXX;XX
5496;XXXX;QQQ;FADFBA;XXX;XX
5497;XXXX;XXX;FDSBSDF;XXX;XX
5498;XXXX;YYY;DFGN;XXX;XX
5499;XXXX;KKK;SNBGS;XXX;XX
5502;XXXX;ÑÑÑ;XXX;XXX;XX
5503;XXXX;PPP;FADFBA;XXX;XX
5504;XXXX;QQQ;FDSBSDF;XXX;XX
5505;XXXX;XXX;DFGN;XXX;XX
5506;XXXX;YYY;SNBGS;XXX;XX
5507;XXXX;KKK;XXX;XXX;XX
5508;XXXX;ÑÑÑ;FADFBA;XXX;XX
5509;XXXX;PPP;FDSBSDF;XXX;XX
5510;XXXX;QQQ;DFGN;XXX;XX
5511;XXXX;XXX;SNBGS;XXX;XX
5512;XXXX;YYY;XXX;XXX;XX
5513;XXXX;KKK;FADFBA;XXX;XX
5515;XXXX;ÑÑÑ;FDSBSDF;XXX;XX
5516;XXXX;PPP;DFGN;XXX;XX
5517;XXXX;QQQ;SNBGS;XXX;XX
5519;XXXX;XXX;XXX;XXX;XX
5521;XXXX;YYY;FADFBA;XXX;XX
5522;XXXX;KKK;FDSBSDF;XXX;XX
5523;XXXX;ÑÑÑ;DFGN;XXX;XX
5524;XXXX;PPP;SNBGS;XXX;XX
5525;XXXX;QQQ;XXX;XXX;XX
5526;XXXX;XXX;FADFBA;XXX;XX
5527;XXXX;YYY;FDSBSDF;XXX;XX
5528;XXXX;KKK;DFGN;XXX;XX
5529;XXXX;ÑÑÑ;SNBGS;XXX;XX
5530;XXXX;PPP;XXX;XXX;XX
5531;XXXX;QQQ;FADFBA;XXX;XX
5532;XXXX;XXX;FDSBSDF;XXX;XX
5534;XXXX;YYY;DFGN;XXX;XX
5535;XXXX;KKK;SNBGS;XXX;XX
5536;XXXX;ÑÑÑ;XXX;XXX;XX
5537;XXXX;PPP;FADFBA;XXX;XX
5538;XXXX;QQQ;FDSBSDF;XXX;XX
5540;XXXX;XXX;DFGN;XXX;XX
5541;XXXX;YYY;SNBGS;XXX;XX
5543;XXXX;KKK;XXX;XXX;XX
5544;XXXX;ÑÑÑ;FADFBA;XXX;XX
5545;XXXX;PPP;FDSBSDF;XXX;XX
5546;XXXX;QQQ;DFGN;XXX;XX
5547;XXXX;XXX;SNBGS;XXX;XX
5548;XXXX;YYY;XXX;XXX;XX
5549;XXXX;KKK;FADFBA;XXX;XX
5550;XXXX;ÑÑÑ;FDSBSDF;XXX;XX
5551;XXXX;PPP;DFGN;XXX;XX
5552;XXXX;QQQ;SNBGS;XXX;XX
5553;XXXX;XXX;XXX;XXX;XX
5554;XXXX;YYY;FADFBA;XXX;XX
5555;XXXX;KKK;FDSBSDF;XXX;XX
5556;XXXX;ÑÑÑ;DFGN;XXX;XX
5557;XXXX;PPP;SNBGS;XXX;XX
5558;XXXX;QQQ;XXX;XXX;XX
5559;XXXX;XXX;FADFBA;XXX;XX
5561;XXXX;YYY;FDSBSDF;XXX;XX
5562;XXXX;KKK;DFGN;XXX;XX
5563;XXXX;ÑÑÑ;SNBGS;XXX;XX
5564;XXXX;PPP;XXX;XXX;XX
5565;XXXX;QQQ;FADFBA;XXX;XX
5566;XXXX;XXX;FDSBSDF;XXX;XX
5567;XXXX;YYY;DFGN;XXX;XX
5568;XXXX;KKK;SNBGS;XXX;XX
5569;XXXX;ÑÑÑ;XXX;XXX;XX
5570;XXXX;PPP;FADFBA;XXX;XX
5571;XXXX;QQQ;FDSBSDF;XXX;XX
5572;XXXX;XXX;DFGN;XXX;XX
5573;XXXX;YYY;SNBGS;XXX;XX
5574;XXXX;KKK;XXX;XXX;XX
5575;XXXX;ÑÑÑ;FADFBA;XXX;XX
5576;XXXX;PPP;FDSBSDF;XXX;XX
5577;XXXX;QQQ;DFGN;XXX;XX
5578;XXXX;XXX;SNBGS;XXX;XX
5579;XXXX;YYY;XXX;XXX;XX
5581;XXXX;KKK;FADFBA;XXX;XX
5582;XXXX;ÑÑÑ;FDSBSDF;XXX;XX
5583;XXXX;PPP;DFGN;XXX;XX
5584;XXXX;QQQ;SNBGS;XXX;XX
5586;XXXX;XXX;XXX;XXX;XX
5588;XXXX;YYY;FADFBA;XXX;XX
5589;XXXX;KKK;FDSBSDF;XXX;XX
5590;XXXX;ÑÑÑ;DFGN;XXX;XX
5591;XXXX;PPP;SNBGS;XXX;XX
5592;XXXX;QQQ;XXX;XXX;XX
5593;XXXX;XXX;FADFBA;XXX;XX
5594;XXXX;YYY;FDSBSDF;XXX;XX
5595;XXXX;KKK;DFGN;XXX;XX
5596;XXXX;ÑÑÑ;SNBGS;XXX;XX
5597;XXXX;PPP;XXX;XXX;XX
5598;XXXX;QQQ;FADFBA;XXX;XX
5599;XXXX;XXX;FDSBSDF;XXX;XX
5600;XXXX;YYY;DFGN;XXX;XX
5601;XXXX;KKK;SNBGS;XXX;XX
5602;XXXX;ÑÑÑ;XXX;XXX;XX
5603;XXXX;PPP;FADFBA;XXX;XX
5604;XXXX;QQQ;FDSBSDF;XXX;XX
5605;XXXX;XXX;DFGN;XXX;XX
5606;XXXX;YYY;SNBGS;XXX;XX
5607;XXXX;KKK;XXX;XXX;XX
5609;XXXX;ÑÑÑ;FADFBA;XXX;XX
5610;XXXX;PPP;FDSBSDF;XXX;XX
5611;XXXX;QQQ;DFGN;XXX;XX
5612;XXXX;XXX;SNBGS;XXX;XX
5613;XXXX;YYY;XXX;XXX;XX
5614;XXXX;KKK;FADFBA;XXX;XX
5692;XXXX;ÑÑÑ;FDSBSDF;XXX;XX
5693;XXXX;PPP;DFGN;XXX;XX
5695;XXXX;QQQ;SNBGS;XXX;XX
5696;XXXX;XXX;XXX;XXX;XX
5697;XXXX;YYY;FADFBA;XXX;XX
5698;XXXX;KKK;FDSBSDF;XXX;XX
5699;XXXX;ÑÑÑ;DFGN;XXX;XX
5700;XXXX;PPP;SNBGS;XXX;XX
5702;XXXX;QQQ;XXX;XXX;XX
5703;XXXX;XXX;FADFBA;XXX;XX
5705;XXXX;YYY;FDSBSDF;XXX;XX
5706;XXXX;KKK;DFGN;XXX;XX
5707;XXXX;ÑÑÑ;SNBGS;XXX;XX
5708;XXXX;PPP;XXX;XXX;XX
5709;XXXX;QQQ;FADFBA;XXX;XX
5710;XXXX;XXX;FDSBSDF;XXX;XX
5711;XXXX;YYY;DFGN;XXX;XX
5716;XXXX;KKK;SNBGS;XXX;XX
5717;XXXX;ÑÑÑ;XXX;XXX;XX
5718;XXXX;PPP;FADFBA;XXX;XX
5719;XXXX;QQQ;FDSBSDF;XXX;XX
5720;XXXX;XXX;DFGN;XXX;XX
5721;XXXX;YYY;SNBGS;XXX;XX
5723;XXXX;KKK;XXX;XXX;XX
5726;XXXX;ÑÑÑ;FADFBA;XXX;XX
5727;XXXX;PPP;FDSBSDF;XXX;XX
5728;XXXX;QQQ;DFGN;XXX;XX
5731;XXXX;XXX;SNBGS;XXX;XX
5732;XXXX;YYY;XXX;XXX;XX
5733;XXXX;KKK;FADFBA;XXX;XX
5734;XXXX;ÑÑÑ;FDSBSDF;XXX;XX
5735;XXXX;PPP;DFGN;XXX;XX
5736;XXXX;QQQ;SNBGS;XXX;XX
5737;XXXX;XXX;XXX;XXX;XX
5739;XXXX;YYY;FADFBA;XXX;XX
5743;XXXX;KKK;FDSBSDF;XXX;XX
5746;XXXX;ÑÑÑ;DFGN;XXX;XX
5749;XXXX;PPP;SNBGS;XXX;XX
5750;XXXX;QQQ;XXX;XXX;XX
5752;XXXX;XXX;FADFBA;XXX;XX
5753;XXXX;YYY;FDSBSDF;XXX;XX
5754;XXXX;KKK;DFGN;XXX;XX
5755;XXXX;ÑÑÑ;SNBGS;XXX;XX
5756;XXXX;PPP;XXX;XXX;XX
5758;XXXX;QQQ;FADFBA;XXX;XX
5759;XXXX;XXX;FDSBSDF;XXX;XX
5761;XXXX;YYY;DFGN;XXX;XX
5762;XXXX;KKK;SNBGS;XXX;XX
5763;XXXX;ÑÑÑ;XXX;XXX;XX
5764;XXXX;PPP;FADFBA;XXX;XX
5765;XXXX;QQQ;FDSBSDF;XXX;XX
5766;XXXX;XXX;DFGN;XXX;XX
5767;XXXX;YYY;SNBGS;XXX;XX
5768;XXXX;KKK;XXX;XXX;XX
5772;XXXX;ÑÑÑ;FADFBA;XXX;XX
5773;XXXX;PPP;FDSBSDF;XXX;XX
5774;XXXX;QQQ;DFGN;XXX;XX
5778;XXXX;XXX;SNBGS;XXX;XX
5779;XXXX;YYY;XXX;XXX;XX
5780;XXXX;KKK;FADFBA;XXX;XX
5784;XXXX;ÑÑÑ;FDSBSDF;XXX;XX
5785;XXXX;PPP;DFGN;XXX;XX
5787;XXXX;QQQ;SNBGS;XXX;XX
5788;XXXX;XXX;XXX;XXX;XX
5789;XXXX;YYY;FADFBA;XXX;XX
5790;XXXX;KKK;FDSBSDF;XXX;XX
5791;XXXX;ÑÑÑ;DFGN;XXX;XX
5794;XXXX;PPP;SNBGS;XXX;XX
5795;XXXX;QQQ;XXX;XXX;XX
5798;XXXX;XXX;FADFBA;XXX;XX
5799;XXXX;YYY;FDSBSDF;XXX;XX
5800;XXXX;KKK;DFGN;XXX;XX
5801;XXXX;ÑÑÑ;SNBGS;XXX;XX
5802;XXXX;PPP;XXX;XXX;XX
5803;XXXX;QQQ;FADFBA;XXX;XX
5804;XXXX;XXX;FDSBSDF;XXX;XX
5805;XXXX;YYY;DFGN;XXX;XX
5806;XXXX;KKK;SNBGS;XXX;XX
5807;XXXX;ÑÑÑ;XXX;XXX;XX
5810;XXXX;PPP;FADFBA;XXX;XX
5813;XXXX;QQQ;FDSBSDF;XXX;XX
5819;XXXX;XXX;DFGN;XXX;XX
5820;XXXX;YYY;SNBGS;XXX;XX
5827;XXXX;KKK;XXX;XXX;XX
5828;XXXX;ÑÑÑ;FADFBA;XXX;XX
5829;XXXX;PPP;FDSBSDF;XXX;XX
5831;XXXX;QQQ;DFGN;XXX;XX
5832;XXXX;XXX;SNBGS;XXX;XX
5833;XXXX;YYY;XXX;XXX;XX
5834;XXXX;KKK;FADFBA;XXX;XX
5835;XXXX;ÑÑÑ;FDSBSDF;XXX;XX
5836;XXXX;PPP;DFGN;XXX;XX
5837;XXXX;QQQ;SNBGS;XXX;XX
5839;XXXX;XXX;XXX;XXX;XX
5840;XXXX;YYY;FADFBA;XXX;XX
5841;XXXX;KKK;FDSBSDF;XXX;XX
5843;XXXX;ÑÑÑ;DFGN;XXX;XX
5844;XXXX;PPP;SNBGS;XXX;XX
5845;XXXX;QQQ;XXX;XXX;XX
5848;XXXX;XXX;FADFBA;XXX;XX
5849;XXXX;YYY;FDSBSDF;XXX;XX
5850;XXXX;KKK;DFGN;XXX;XX
5851;XXXX;ÑÑÑ;SNBGS;XXX;XX
5852;XXXX;PPP;XXX;XXX;XX
5853;XXXX;QQQ;FADFBA;XXX;XX
5854;XXXX;XXX;FDSBSDF;XXX;XX
5855;XXXX;YYY;DFGN;XXX;XX
5856;XXXX;KKK;SNBGS;XXX;XX
5857;XXXX;ÑÑÑ;XXX;XXX;XX
5859;XXXX;PPP;FADFBA;XXX;XX
5861;XXXX;QQQ;FDSBSDF;XXX;XX
5863;XXXX;XXX;DFGN;XXX;XX
5868;XXXX;YYY;SNBGS;XXX;XX
5869;XXXX;KKK;XXX;XXX;XX
5874;XXXX;ÑÑÑ;FADFBA;XXX;XX
5875;XXXX;PPP;FDSBSDF;XXX;XX
5876;XXXX;QQQ;DFGN;XXX;XX
5877;XXXX;XXX;SNBGS;XXX;XX
5878;XXXX;YYY;XXX;XXX;XX
5879;XXXX;KKK;FADFBA;XXX;XX
5880;XXXX;ÑÑÑ;FDSBSDF;XXX;XX
5881;XXXX;PPP;DFGN;XXX;XX
5882;XXXX;QQQ;SNBGS;XXX;XX
5883;XXXX;XXX;XXX;XXX;XX
5884;XXXX;YYY;FADFBA;XXX;XX
5885;XXXX;KKK;FDSBSDF;XXX;XX
5886;XXXX;ÑÑÑ;DFGN;XXX;XX
5887;XXXX;PPP;SNBGS;XXX;XX
5888;XXXX;QQQ;XXX;XXX;XX
5889;XXXX;XXX;FADFBA;XXX;XX
5890;XXXX;YYY;FDSBSDF;XXX;XX
5892;XXXX;KKK;DFGN;XXX;XX
5893;XXXX;ÑÑÑ;SNBGS;XXX;XX
5894;XXXX;PPP;XXX;XXX;XX
5896;XXXX;QQQ;FADFBA;XXX;XX
5898;XXXX;XXX;FDSBSDF;XXX;XX
5899;XXXX;YYY;DFGN;XXX;XX
5900;XXXX;KKK;SNBGS;XXX;XX
5901;XXXX;ÑÑÑ;XXX;XXX;XX
5902;XXXX;PPP;FADFBA;XXX;XX
5903;XXXX;QQQ;FDSBSDF;XXX;XX
5904;XXXX;XXX;DFGN;XXX;XX
5906;XXXX;YYY;SNBGS;XXX;XX
5907;XXXX;KKK;XXX;XXX;XX
5909;XXXX;ÑÑÑ;FADFBA;XXX;XX
5916;XXXX;PPP;FDSBSDF;XXX;XX
5917;XXXX;QQQ;DFGN;XXX;XX
5918;XXXX;XXX;SNBGS;XXX;XX
5919;XXXX;YYY;XXX;XXX;XX
5923;XXXX;KKK;FADFBA;XXX;XX
5924;XXXX;ÑÑÑ;FDSBSDF;XXX;XX
5926;XXXX;PPP;DFGN;XXX;XX
5930;XXXX;QQQ;SNBGS;XXX;XX
5931;XXXX;XXX;XXX;XXX;XX
5936;XXXX;YYY;FADFBA;XXX;XX
5937;XXXX;KKK;FDSBSDF;XXX;XX
5938;XXXX;ÑÑÑ;DFGN;XXX;XX
5939;XXXX;PPP;SNBGS;XXX;XX
5941;XXXX;QQQ;XXX;XXX;XX
5942;XXXX;XXX;FADFBA;XXX;XX
5944;XXXX;YYY;FDSBSDF;XXX;XX
5945;XXXX;KKK;DFGN;XXX;XX
5946;XXXX;ÑÑÑ;SNBGS;XXX;XX
5947;XXXX;PPP;XXX;XXX;XX
5948;XXXX;QQQ;FADFBA;XXX;XX
5949;XXXX;XXX;FDSBSDF;XXX;XX
5950;XXXX;YYY;DFGN;XXX;XX
5951;XXXX;KKK;SNBGS;XXX;XX
5952;XXXX;ÑÑÑ;XXX;XXX;XX
5953;XXXX;PPP;FADFBA;XXX;XX
5954;XXXX;QQQ;FDSBSDF;XXX;XX
5957;XXXX;XXX;DFGN;XXX;XX
5958;XXXX;YYY;SNBGS;XXX;XX
5960;XXXX;KKK;XXX;XXX;XX
5961;XXXX;ÑÑÑ;FADFBA;XXX;XX
5962;XXXX;PPP;FDSBSDF;XXX;XX
5963;XXXX;QQQ;DFGN;XXX;XX
5964;XXXX;XXX;SNBGS;XXX;XX
5965;XXXX;YYY;XXX;XXX;XX
5967;XXXX;KKK;FADFBA;XXX;XX
5968;XXXX;ÑÑÑ;FDSBSDF;XXX;XX
5970;XXXX;PPP;DFGN;XXX;XX
5971;XXXX;QQQ;SNBGS;XXX;XX
5972;XXXX;XXX;XXX;XXX;XX
5973;XXXX;YYY;FADFBA;XXX;XX
5974;XXXX;KKK;FDSBSDF;XXX;XX
5977;XXXX;ÑÑÑ;DFGN;XXX;XX
5981;XXXX;PPP;SNBGS;XXX;XX
5982;XXXX;QQQ;XXX;XXX;XX
5984;XXXX;XXX;FADFBA;XXX;XX
5985;XXXX;YYY;FDSBSDF;XXX;XX
5987;XXXX;KKK;DFGN;XXX;XX
5989;XXXX;ÑÑÑ;SNBGS;XXX;XX
5990;XXXX;PPP;XXX;XXX;XX
5991;XXXX;QQQ;FADFBA;XXX;XX
5992;XXXX;XXX;FDSBSDF;XXX;XX
5993;XXXX;YYY;DFGN;XXX;XX
5995;XXXX;KKK;SNBGS;XXX;XX
5996;XXXX;ÑÑÑ;XXX;XXX;XX
5997;XXXX;PPP;FADFBA;XXX;XX
5998;XXXX;QQQ;FDSBSDF;XXX;XX
5999;XXXX;XXX;DFGN;XXX;XX
6002;XXXX;YYY;SNBGS;XXX;XX
6003;XXXX;KKK;XXX;XXX;XX
6005;XXXX;ÑÑÑ;FADFBA;XXX;XX
6006;XXXX;PPP;FDSBSDF;XXX;XX
6007;XXXX;QQQ;DFGN;XXX;XX
6008;XXXX;XXX;SNBGS;XXX;XX
6009;XXXX;YYY;XXX;XXX;XX
6010;XXXX;KKK;FADFBA;XXX;XX
6011;XXXX;ÑÑÑ;FDSBSDF;XXX;XX
6012;XXXX;PPP;DFGN;XXX;XX
6013;XXXX;QQQ;SNBGS;XXX;XX
6014;XXXX;XXX;XXX;XXX;XX
6015;XXXX;YYY;FADFBA;XXX;XX
6016;XXXX;KKK;FDSBSDF;XXX;XX
6017;XXXX;ÑÑÑ;DFGN;XXX;XX
6018;XXXX;PPP;SNBGS;XXX;XX
6019;XXXX;QQQ;XXX;XXX;XX
6021;XXXX;XXX;FADFBA;XXX;XX
6024;XXXX;YYY;FDSBSDF;XXX;XX
6026;XXXX;KKK;DFGN;XXX;XX
6028;XXXX;ÑÑÑ;SNBGS;XXX;XX
6030;XXXX;PPP;XXX;XXX;XX
6031;XXXX;QQQ;FADFBA;XXX;XX
6039;XXXX;XXX;FDSBSDF;XXX;XX
6040;XXXX;YYY;DFGN;XXX;XX
6041;XXXX;KKK;SNBGS;XXX;XX
6042;XXXX;ÑÑÑ;XXX;XXX;XX
6043;XXXX;PPP;FADFBA;XXX;XX
6045;XXXX;QQQ;FDSBSDF;XXX;XX
6046;XXXX;XXX;DFGN;XXX;XX
6047;XXXX;YYY;SNBGS;XXX;XX
6048;XXXX;KKK;XXX;XXX;XX
6049;XXXX;ÑÑÑ;FADFBA;XXX;XX
6051;XXXX;PPP;FDSBSDF;XXX;XX
6052;XXXX;QQQ;DFGN;XXX;XX
6053;XXXX;XXX;SNBGS;XXX;XX
6054;XXXX;YYY;XXX;XXX;XX
6055;XXXX;KKK;FADFBA;XXX;XX
6057;XXXX;ÑÑÑ;FDSBSDF;XXX;XX
6058;XXXX;PPP;DFGN;XXX;XX
6059;XXXX;QQQ;SNBGS;XXX;XX
6060;XXXX;XXX;XXX;XXX;XX
6062;XXXX;YYY;FADFBA;XXX;XX
6063;XXXX;KKK;FDSBSDF;XXX;XX
6064;XXXX;ÑÑÑ;DFGN;XXX;XX
6065;XXXX;PPP;SNBGS;XXX;XX
6066;XXXX;QQQ;XXX;XXX;XX
6067;XXXX;XXX;FADFBA;XXX;XX
6068;XXXX;YYY;FDSBSDF;XXX;XX
6069;XXXX;KKK;DFGN;XXX;XX
6070;XXXX;ÑÑÑ;SNBGS;XXX;XX
6071;XXXX;PPP;XXX;XXX;XX
6072;XXXX;QQQ;FADFBA;XXX;XX
6073;XXXX;XXX;FDSBSDF;XXX;XX
6074;XXXX;YYY;DFGN;XXX;XX
6075;XXXX;KKK;SNBGS;XXX;XX
6079;XXXX;ÑÑÑ;XXX;XXX;XX
6080;XXXX;PPP;FADFBA;XXX;XX
6083;XXXX;QQQ;FDSBSDF;XXX;XX
6085;XXXX;XXX;DFGN;XXX;XX
6086;XXXX;YYY;SNBGS;XXX;XX
6087;XXXX;KKK;XXX;XXX;XX
6088;XXXX;ÑÑÑ;FADFBA;XXX;XX
6089;XXXX;PPP;FDSBSDF;XXX;XX
6091;XXXX;QQQ;DFGN;XXX;XX
6097;XXXX;XXX;SNBGS;XXX;XX
6099;XXXX;YYY;XXX;XXX;XX
6100;XXXX;KKK;FADFBA;XXX;XX
6101;XXXX;ÑÑÑ;FDSBSDF;XXX;XX
6102;XXXX;PPP;DFGN;XXX;XX
6107;XXXX;QQQ;SNBGS;XXX;XX
6109;XXXX;XXX;XXX;XXX;XX
6110;XXXX;YYY;FADFBA;XXX;XX
6113;XXXX;KKK;FDSBSDF;XXX;XX
6114;XXXX;ÑÑÑ;DFGN;XXX;XX
6118;XXXX;PPP;SNBGS;XXX;XX
6122;XXXX;QQQ;XXX;XXX;XX
6126;XXXX;XXX;FADFBA;XXX;XX
6127;XXXX;YYY;FDSBSDF;XXX;XX
6128;XXXX;KKK;DFGN;XXX;XX
6129;XXXX;ÑÑÑ;SNBGS;XXX;XX
6131;XXXX;PPP;XXX;XXX;XX
6132;XXXX;QQQ;FADFBA;XXX;XX
6136;XXXX;XXX;FDSBSDF;XXX;XX
6138;XXXX;YYY;DFGN;XXX;XX
6139;XXXX;KKK;SNBGS;XXX;XX
6140;XXXX;ÑÑÑ;XXX;XXX;XX
6143;XXXX;PPP;FADFBA;XXX;XX
6148;XXXX;QQQ;FDSBSDF;XXX;XX
6150;XXXX;XXX;DFGN;XXX;XX
6151;XXXX;YYY;SNBGS;XXX;XX
6152;XXXX;KKK;XXX;XXX;XX
6154;XXXX;ÑÑÑ;FADFBA;XXX;XX
6155;XXXX;PPP;FDSBSDF;XXX;XX
6157;XXXX;QQQ;DFGN;XXX;XX
6158;XXXX;XXX;SNBGS;XXX;XX
6162;XXXX;YYY;XXX;XXX;XX
6164;XXXX;KKK;FADFBA;XXX;XX
6165;XXXX;ÑÑÑ;FDSBSDF;XXX;XX
6166;XXXX;PPP;DFGN;XXX;XX
6167;XXXX;QQQ;SNBGS;XXX;XX
6168;XXXX;XXX;XXX;XXX;XX
6169;XXXX;YYY;FADFBA;XXX;XX
6170;XXXX;KKK;FDSBSDF;XXX;XX
6171;XXXX;ÑÑÑ;DFGN;XXX;XX
6172;XXXX;PPP;SNBGS;XXX;XX
6173;XXXX;QQQ;XXX;XXX;XX
6177;XXXX;XXX;FADFBA;XXX;XX
6178;XXXX;YYY;FDSBSDF;XXX;XX
6180;XXXX;KKK;DFGN;XXX;XX
6181;XXXX;ÑÑÑ;SNBGS;XXX;XX
6184;XXXX;PPP;XXX;XXX;XX
6185;XXXX;QQQ;FADFBA;XXX;XX
6186;XXXX;XXX;FDSBSDF;XXX;XX
6187;XXXX;YYY;DFGN;XXX;XX
6188;XXXX;KKK;SNBGS;XXX;XX
6189;XXXX;ÑÑÑ;XXX;XXX;XX
6190;XXXX;PPP;FADFBA;XXX;XX
6191;XXXX;QQQ;FDSBSDF;XXX;XX
6192;XXXX;XXX;DFGN;XXX;XX
6193;XXXX;YYY;SNBGS;XXX;XX
6194;XXXX;KKK;XXX;XXX;XX
6195;XXXX;ÑÑÑ;FADFBA;XXX;XX
6196;XXXX;PPP;FDSBSDF;XXX;XX
6197;XXXX;QQQ;DFGN;XXX;XX
6198;XXXX;XXX;SNBGS;XXX;XX
6199;XXXX;YYY;XXX;XXX;XX
6200;XXXX;KKK;FADFBA;XXX;XX
6201;XXXX;ÑÑÑ;FDSBSDF;XXX;XX
6203;XXXX;PPP;DFGN;XXX;XX
6204;XXXX;QQQ;SNBGS;XXX;XX
6212;XXXX;XXX;XXX;XXX;XX
6214;XXXX;YYY;FADFBA;XXX;XX
6216;XXXX;KKK;FDSBSDF;XXX;XX
6218;XXXX;ÑÑÑ;DFGN;XXX;XX
6219;XXXX;PPP;SNBGS;XXX;XX
6220;XXXX;QQQ;XXX;XXX;XX
6221;XXXX;XXX;FADFBA;XXX;XX
6222;XXXX;YYY;FDSBSDF;XXX;XX
6238;XXXX;KKK;DFGN;XXX;XX
6239;XXXX;ÑÑÑ;SNBGS;XXX;XX
6240;XXXX;PPP;XXX;XXX;XX
6242;XXXX;QQQ;FADFBA;XXX;XX
6244;XXXX;XXX;FDSBSDF;XXX;XX
6245;XXXX;YYY;DFGN;XXX;XX
6247;XXXX;KKK;SNBGS;XXX;XX
6251;XXXX;ÑÑÑ;XXX;XXX;XX
6252;XXXX;PPP;FADFBA;XXX;XX
6272;XXXX;QQQ;FDSBSDF;XXX;XX
6273;XXXX;XXX;DFGN;XXX;XX
6274;XXXX;YYY;SNBGS;XXX;XX
6275;XXXX;KKK;XXX;XXX;XX
6277;XXXX;ÑÑÑ;FADFBA;XXX;XX
6278;XXXX;PPP;FDSBSDF;XXX;XX
6279;XXXX;QQQ;DFGN;XXX;XX
6280;XXXX;XXX;SNBGS;XXX;XX
6281;XXXX;YYY;XXX;XXX;XX
6285;XXXX;KKK;FADFBA;XXX;XX
6286;XXXX;ÑÑÑ;FDSBSDF;XXX;XX
6287;XXXX;PPP;DFGN;XXX;XX
6288;XXXX;QQQ;SNBGS;XXX;XX
6289;XXXX;XXX;XXX;XXX;XX
6291;XXXX;YYY;FADFBA;XXX;XX
6293;XXXX;KKK;FDSBSDF;XXX;XX
6321;XXXX;ÑÑÑ;DFGN;XXX;XX
6322;XXXX;PPP;SNBGS;XXX;XX
6323;XXXX;QQQ;XXX;XXX;XX
6324;XXXX;XXX;FADFBA;XXX;XX
6325;XXXX;YYY;FDSBSDF;XXX;XX
6326;XXXX;KKK;DFGN;XXX;XX
6327;XXXX;ÑÑÑ;SNBGS;XXX;XX
6328;XXXX;PPP;XXX;XXX;XX
6329;XXXX;QQQ;FADFBA;XXX;XX
6330;XXXX;XXX;FDSBSDF;XXX;XX
6331;XXXX;YYY;DFGN;XXX;XX
6332;XXXX;KKK;SNBGS;XXX;XX
6333;XXXX;ÑÑÑ;XXX;XXX;XX
6334;XXXX;PPP;FADFBA;XXX;XX
6335;XXXX;QQQ;FDSBSDF;XXX;XX
6337;XXXX;XXX;DFGN;XXX;XX
6338;XXXX;YYY;SNBGS;XXX;XX
6340;XXXX;KKK;XXX;XXX;XX
6341;XXXX;ÑÑÑ;FADFBA;XXX;XX
6342;XXXX;PPP;FDSBSDF;XXX;XX
6343;XXXX;QQQ;DFGN;XXX;XX
6345;XXXX;XXX;SNBGS;XXX;XX
6346;XXXX;YYY;XXX;XXX;XX
6347;XXXX;KKK;FADFBA;XXX;XX
6348;XXXX;ÑÑÑ;FDSBSDF;XXX;XX
6349;XXXX;PPP;DFGN;XXX;XX
6353;XXXX;QQQ;SNBGS;XXX;XX
6355;XXXX;XXX;XXX;XXX;XX
6356;XXXX;YYY;FADFBA;XXX;XX
6357;XXXX;KKK;FDSBSDF;XXX;XX
6360;XXXX;ÑÑÑ;DFGN;XXX;XX
6361;XXXX;PPP;SNBGS;XXX;XX
6362;XXXX;QQQ;XXX;XXX;XX
6363;XXXX;XXX;FADFBA;XXX;XX
6368;XXXX;YYY;FDSBSDF;XXX;XX
6369;XXXX;KKK;DFGN;XXX;XX
6370;XXXX;ÑÑÑ;SNBGS;XXX;XX
6371;XXXX;PPP;XXX;XXX;XX
6375;XXXX;QQQ;FADFBA;XXX;XX
6376;XXXX;XXX;FDSBSDF;XXX;XX
6377;XXXX;YYY;DFGN;XXX;XX
6378;XXXX;KKK;SNBGS;XXX;XX
6379;XXXX;ÑÑÑ;XXX;XXX;XX
6380;XXXX;PPP;FADFBA;XXX;XX
6381;XXXX;QQQ;FDSBSDF;XXX;XX
6382;XXXX;XXX;DFGN;XXX;XX
6383;XXXX;YYY;SNBGS;XXX;XX
6385;XXXX;KKK;XXX;XXX;XX
6388;XXXX;ÑÑÑ;FADFBA;XXX;XX
6392;XXXX;PPP;FDSBSDF;XXX;XX
6393;XXXX;QQQ;DFGN;XXX;XX
6395;XXXX;XXX;SNBGS;XXX;XX
6396;XXXX;YYY;XXX;XXX;XX
6399;XXXX;KKK;FADFBA;XXX;XX
6400;XXXX;ÑÑÑ;FDSBSDF;XXX;XX
6401;XXXX;PPP;DFGN;XXX;XX
6402;XXXX;QQQ;SNBGS;XXX;XX
6403;XXXX;XXX;XXX;XXX;XX
6406;XXXX;YYY;FADFBA;XXX;XX
6407;XXXX;KKK;FDSBSDF;XXX;XX
6410;XXXX;ÑÑÑ;DFGN;XXX;XX
6411;XXXX;PPP;SNBGS;XXX;XX
6412;XXXX;QQQ;XXX;XXX;XX
6413;XXXX;XXX;FADFBA;XXX;XX
6415;XXXX;YYY;FDSBSDF;XXX;XX
6416;XXXX;KKK;DFGN;XXX;XX
6417;XXXX;ÑÑÑ;SNBGS;XXX;XX
6418;XXXX;PPP;XXX;XXX;XX
6424;XXXX;QQQ;FADFBA;XXX;XX
6425;XXXX;XXX;FDSBSDF;XXX;XX
6426;XXXX;YYY;DFGN;XXX;XX
6427;XXXX;KKK;SNBGS;XXX;XX
6428;XXXX;ÑÑÑ;XXX;XXX;XX
6429;XXXX;PPP;FADFBA;XXX;XX
6430;XXXX;QQQ;FDSBSDF;XXX;XX
6431;XXXX;XXX;DFGN;XXX;XX
6432;XXXX;YYY;SNBGS;XXX;XX
6433;XXXX;KKK;XXX;XXX;XX
6434;XXXX;ÑÑÑ;FADFBA;XXX;XX
6435;XXXX;PPP;FDSBSDF;XXX;XX
6436;XXXX;QQQ;DFGN;XXX;XX
6437;XXXX;XXX;SNBGS;XXX;XX
6438;XXXX;YYY;XXX;XXX;XX
6439;XXXX;KKK;FADFBA;XXX;XX
6440;XXXX;ÑÑÑ;FDSBSDF;XXX;XX
6441;XXXX;PPP;DFGN;XXX;XX
6442;XXXX;QQQ;SNBGS;XXX;XX
6444;XXXX;XXX;XXX;XXX;XX
6445;XXXX;YYY;FADFBA;XXX;XX
6448;XXXX;KKK;FDSBSDF;XXX;XX
6449;XXXX;ÑÑÑ;DFGN;XXX;XX
6450;XXXX;PPP;SNBGS;XXX;XX
6451;XXXX;QQQ;XXX;XXX;XX
6455;XXXX;XXX;FADFBA;XXX;XX
6456;XXXX;YYY;FDSBSDF;XXX;XX
6457;XXXX;KKK;DFGN;XXX;XX
6458;XXXX;ÑÑÑ;SNBGS;XXX;XX
6460;XXXX;PPP;XXX;XXX;XX
6461;XXXX;QQQ;FADFBA;XXX;XX
6462;XXXX;XXX;FDSBSDF;XXX;XX
6463;XXXX;YYY;DFGN;XXX;XX
6465;XXXX;KKK;SNBGS;XXX;XX
6466;XXXX;ÑÑÑ;XXX;XXX;XX
6467;XXXX;PPP;FADFBA;XXX;XX
6468;XXXX;QQQ;FDSBSDF;XXX;XX
6471;XXXX;XXX;DFGN;XXX;XX
6472;XXXX;YYY;SNBGS;XXX;XX
6473;XXXX;KKK;XXX;XXX;XX
6477;XXXX;ÑÑÑ;FADFBA;XXX;XX
6478;XXXX;PPP;FDSBSDF;XXX;XX
6479;XXXX;QQQ;DFGN;XXX;XX
6480;XXXX;XXX;SNBGS;XXX;XX
6486;XXXX;YYY;XXX;XXX;XX
6487;XXXX;KKK;FADFBA;XXX;XX
6489;XXXX;ÑÑÑ;FDSBSDF;XXX;XX
6490;XXXX;PPP;DFGN;XXX;XX
6491;XXXX;QQQ;SNBGS;XXX;XX
6492;XXXX;XXX;XXX;XXX;XX
6493;XXXX;YYY;FADFBA;XXX;XX
6494;XXXX;KKK;FDSBSDF;XXX;XX
6496;XXXX;ÑÑÑ;DFGN;XXX;XX
6497;XXXX;PPP;SNBGS;XXX;XX
6498;XXXX;QQQ;XXX;XXX;XX
6499;XXXX;XXX;FADFBA;XXX;XX
6500;XXXX;YYY;FDSBSDF;XXX;XX
6503;XXXX;KKK;DFGN;XXX;XX
6504;XXXX;ÑÑÑ;SNBGS;XXX;XX
6506;XXXX;PPP;XXX;XXX;XX
6507;XXXX;QQQ;FADFBA;XXX;XX
6509;XXXX;XXX;FDSBSDF;XXX;XX
6510;XXXX;YYY;DFGN;XXX;XX
6512;XXXX;KKK;SNBGS;XXX;XX
6515;XXXX;ÑÑÑ;XXX;XXX;XX
6520;XXXX;PPP;FADFBA;XXX;XX
6523;XXXX;QQQ;FDSBSDF;XXX;XX
6528;XXXX;XXX;DFGN;XXX;XX
6530;XXXX;YYY;SNBGS;XXX;XX
6532;XXXX;KKK;XXX;XXX;XX
6533;XXXX;ÑÑÑ;FADFBA;XXX;XX
6534;XXXX;PPP;FDSBSDF;XXX;XX
6539;XXXX;QQQ;DFGN;XXX;XX
6541;XXXX;XXX;SNBGS;XXX;XX
6542;XXXX;YYY;XXX;XXX;XX
6545;XXXX;KKK;FADFBA;XXX;XX
6547;XXXX;ÑÑÑ;FDSBSDF;XXX;XX
6549;XXXX;PPP;DFGN;XXX;XX
6550;XXXX;QQQ;SNBGS;XXX;XX
6551;XXXX;XXX;XXX;XXX;XX
6552;XXXX;YYY;FADFBA;XXX;XX
6553;XXXX;KKK;FDSBSDF;XXX;XX
6554;XXXX;ÑÑÑ;DFGN;XXX;XX
6556;XXXX;PPP;SNBGS;XXX;XX
6557;XXXX;QQQ;XXX;XXX;XX
6558;XXXX;XXX;FADFBA;XXX;XX
6559;XXXX;YYY;FDSBSDF;XXX;XX
6560;XXXX;KKK;DFGN;XXX;XX
6561;XXXX;ÑÑÑ;SNBGS;XXX;XX
6562;XXXX;PPP;XXX;XXX;XX
6563;XXXX;QQQ;FADFBA;XXX;XX
6564;XXXX;XXX;FDSBSDF;XXX;XX
6566;XXXX;YYY;DFGN;XXX;XX
6567;XXXX;KKK;SNBGS;XXX;XX
6568;XXXX;ÑÑÑ;XXX;XXX;XX
6569;XXXX;PPP;FADFBA;XXX;XX
6571;XXXX;QQQ;FDSBSDF;XXX;XX
6572;XXXX;XXX;DFGN;XXX;XX
6573;XXXX;YYY;SNBGS;XXX;XX
6574;XXXX;KKK;XXX;XXX;XX
6576;XXXX;ÑÑÑ;FADFBA;XXX;XX
6577;XXXX;PPP;FDSBSDF;XXX;XX
6580;XXXX;QQQ;DFGN;XXX;XX
6581;XXXX;XXX;SNBGS;XXX;XX
6582;XXXX;YYY;XXX;XXX;XX
6583;XXXX;KKK;FADFBA;XXX;XX
6584;XXXX;ÑÑÑ;FDSBSDF;XXX;XX
6587;XXXX;PPP;DFGN;XXX;XX
6589;XXXX;QQQ;SNBGS;XXX;XX
6591;XXXX;XXX;XXX;XXX;XX
6592;XXXX;YYY;FADFBA;XXX;XX
6593;XXXX;KKK;FDSBSDF;XXX;XX
6594;XXXX;ÑÑÑ;DFGN;XXX;XX
6596;XXXX;PPP;SNBGS;XXX;XX
6599;XXXX;QQQ;XXX;XXX;XX
6600;XXXX;XXX;FADFBA;XXX;XX
6601;XXXX;YYY;FDSBSDF;XXX;XX
6602;XXXX;KKK;DFGN;XXX;XX
6603;XXXX;ÑÑÑ;SNBGS;XXX;XX
6604;XXXX;PPP;XXX;XXX;XX
6605;XXXX;QQQ;FADFBA;XXX;XX
6606;XXXX;XXX;FDSBSDF;XXX;XX
6607;XXXX;YYY;DFGN;XXX;XX
6609;XXXX;KKK;SNBGS;XXX;XX
6611;XXXX;ÑÑÑ;XXX;XXX;XX
6612;XXXX;PPP;FADFBA;XXX;XX
6614;XXXX;QQQ;FDSBSDF;XXX;XX
6616;XXXX;XXX;DFGN;XXX;XX
6617;XXXX;YYY;SNBGS;XXX;XX
6618;XXXX;KKK;XXX;XXX;XX
6619;XXXX;ÑÑÑ;FADFBA;XXX;XX
6630;XXXX;PPP;FDSBSDF;XXX;XX
6631;XXXX;QQQ;DFGN;XXX;XX
6633;XXXX;XXX;SNBGS;XXX;XX
6635;XXXX;YYY;XXX;XXX;XX
6638;XXXX;KKK;FADFBA;XXX;XX
6640;XXXX;ÑÑÑ;FDSBSDF;XXX;XX
6641;XXXX;PPP;DFGN;XXX;XX
6642;XXXX;QQQ;SNBGS;XXX;XX
6647;XXXX;XXX;XXX;XXX;XX
6648;XXXX;YYY;FADFBA;XXX;XX
6649;XXXX;KKK;FDSBSDF;XXX;XX
6650;XXXX;ÑÑÑ;DFGN;XXX;XX
6651;XXXX;PPP;SNBGS;XXX;XX
6652;XXXX;QQQ;XXX;XXX;XX
6653;XXXX;XXX;FADFBA;XXX;XX
6654;XXXX;YYY;FDSBSDF;XXX;XX
6656;XXXX;KKK;DFGN;XXX;XX
6658;XXXX;ÑÑÑ;SNBGS;XXX;XX
6659;XXXX;PPP;XXX;XXX;XX
6662;XXXX;QQQ;FADFBA;XXX;XX
6663;XXXX;XXX;FDSBSDF;XXX;XX
6664;XXXX;YYY;DFGN;XXX;XX
6666;XXXX;KKK;SNBGS;XXX;XX
6669;XXXX;ÑÑÑ;XXX;XXX;XX
6670;XXXX;PPP;FADFBA;XXX;XX
6671;XXXX;QQQ;FDSBSDF;XXX;XX
6672;XXXX;XXX;DFGN;XXX;XX
6674;XXXX;YYY;SNBGS;XXX;XX
6678;XXXX;KKK;XXX;XXX;XX
6679;XXXX;ÑÑÑ;FADFBA;XXX;XX
6681;XXXX;PPP;FDSBSDF;XXX;XX
6682;XXXX;QQQ;DFGN;XXX;XX
6683;XXXX;XXX;SNBGS;XXX;XX
6684;XXXX;YYY;XXX;XXX;XX
6686;XXXX;KKK;FADFBA;XXX;XX
6687;XXXX;ÑÑÑ;FDSBSDF;XXX;XX
6688;XXXX;PPP;DFGN;XXX;XX
6690;XXXX;QQQ;SNBGS;XXX;XX
6691;XXXX;XXX;XXX;XXX;XX
6692;XXXX;YYY;FADFBA;XXX;XX
6693;XXXX;KKK;FDSBSDF;XXX;XX
6694;XXXX;ÑÑÑ;DFGN;XXX;XX
6695;XXXX;PPP;SNBGS;XXX;XX
6696;XXXX;QQQ;XXX;XXX;XX
6697;XXXX;XXX;FADFBA;XXX;XX
6698;XXXX;YYY;FDSBSDF;XXX;XX
6699;XXXX;KKK;DFGN;XXX;XX
6700;XXXX;ÑÑÑ;SNBGS;XXX;XX
6701;XXXX;PPP;XXX;XXX;XX
6702;XXXX;QQQ;FADFBA;XXX;XX
6703;XXXX;XXX;FDSBSDF;XXX;XX
6704;XXXX;YYY;DFGN;XXX;XX
6705;XXXX;KKK;SNBGS;XXX;XX
6706;XXXX;ÑÑÑ;XXX;XXX;XX
6707;XXXX;PPP;FADFBA;XXX;XX
6709;XXXX;QQQ;FDSBSDF;XXX;XX
6710;XXXX;XXX;DFGN;XXX;XX
6711;XXXX;YYY;SNBGS;XXX;XX
6712;XXXX;KKK;XXX;XXX;XX
6714;XXXX;ÑÑÑ;FADFBA;XXX;XX
6717;XXXX;PPP;FDSBSDF;XXX;XX
6718;XXXX;QQQ;DFGN;XXX;XX
6719;XXXX;XXX;SNBGS;XXX;XX
6720;XXXX;YYY;XXX;XXX;XX
6721;XXXX;KKK;FADFBA;XXX;XX
6723;XXXX;ÑÑÑ;FDSBSDF;XXX;XX
6724;XXXX;PPP;DFGN;XXX;XX
6725;XXXX;QQQ;SNBGS;XXX;XX
6726;XXXX;XXX;XXX;XXX;XX
6727;XXXX;YYY;FADFBA;XXX;XX
6728;XXXX;KKK;FDSBSDF;XXX;XX
6729;XXXX;ÑÑÑ;DFGN;XXX;XX
6731;XXXX;PPP;SNBGS;XXX;XX
6732;XXXX;QQQ;XXX;XXX;XX
6734;XXXX;XXX;FADFBA;XXX;XX
6736;XXXX;YYY;FDSBSDF;XXX;XX
6737;XXXX;KKK;DFGN;XXX;XX
6738;XXXX;ÑÑÑ;SNBGS;XXX;XX
6742;XXXX;PPP;XXX;XXX;XX
6744;XXXX;QQQ;FADFBA;XXX;XX
6745;XXXX;XXX;FDSBSDF;XXX;XX
6747;XXXX;YYY;DFGN;XXX;XX
6748;XXXX;KKK;SNBGS;XXX;XX
6749;XXXX;ÑÑÑ;XXX;XXX;XX
6751;XXXX;PPP;FADFBA;XXX;XX
6752;XXXX;QQQ;FDSBSDF;XXX;XX
6753;XXXX;XXX;DFGN;XXX;XX
6754;XXXX;YYY;SNBGS;XXX;XX
6755;XXXX;KKK;XXX;XXX;XX
6756;XXXX;ÑÑÑ;FADFBA;XXX;XX
6757;XXXX;PPP;FDSBSDF;XXX;XX
6758;XXXX;QQQ;DFGN;XXX;XX
6759;XXXX;XXX;SNBGS;XXX;XX
6760;XXXX;YYY;XXX;XXX;XX
6761;XXXX;KKK;FADFBA;XXX;XX
6762;XXXX;ÑÑÑ;FDSBSDF;XXX;XX
6763;XXXX;PPP;DFGN;XXX;XX
6764;XXXX;QQQ;SNBGS;XXX;XX
6769;XXXX;XXX;XXX;XXX;XX
6770;XXXX;YYY;FADFBA;XXX;XX
6771;XXXX;KKK;FDSBSDF;XXX;XX
6772;XXXX;ÑÑÑ;DFGN;XXX;XX
6773;XXXX;PPP;SNBGS;XXX;XX
6774;XXXX;QQQ;XXX;XXX;XX
6776;XXXX;XXX;FADFBA;XXX;XX
6779;XXXX;YYY;FDSBSDF;XXX;XX
6780;XXXX;KKK;DFGN;XXX;XX
6781;XXXX;ÑÑÑ;SNBGS;XXX;XX
6782;XXXX;PPP;XXX;XXX;XX
6783;XXXX;QQQ;FADFBA;XXX;XX
6790;XXXX;XXX;FDSBSDF;XXX;XX
6791;XXXX;YYY;DFGN;XXX;XX
6792;XXXX;KKK;SNBGS;XXX;XX
6793;XXXX;ÑÑÑ;XXX;XXX;XX
6795;XXXX;PPP;FADFBA;XXX;XX
6799;XXXX;QQQ;FDSBSDF;XXX;XX
6800;XXXX;XXX;DFGN;XXX;XX
6801;XXXX;YYY;SNBGS;XXX;XX
6802;XXXX;KKK;XXX;XXX;XX
6803;XXXX;ÑÑÑ;FADFBA;XXX;XX
6805;XXXX;PPP;FDSBSDF;XXX;XX
6807;XXXX;QQQ;DFGN;XXX;XX
6811;XXXX;XXX;SNBGS;XXX;XX
6813;XXXX;YYY;XXX;XXX;XX
6814;XXXX;KKK;FADFBA;XXX;XX
6815;XXXX;ÑÑÑ;FDSBSDF;XXX;XX
6816;XXXX;PPP;DFGN;XXX;XX
6817;XXXX;QQQ;SNBGS;XXX;XX
6818;XXXX;XXX;XXX;XXX;XX
6819;XXXX;YYY;FADFBA;XXX;XX
6820;XXXX;KKK;FDSBSDF;XXX;XX
6821;XXXX;ÑÑÑ;DFGN;XXX;XX
6822;XXXX;PPP;SNBGS;XXX;XX
6823;XXXX;QQQ;XXX;XXX;XX
6824;XXXX;XXX;FADFBA;XXX;XX
6825;XXXX;YYY;FDSBSDF;XXX;XX
6826;XXXX;KKK;DFGN;XXX;XX
6827;XXXX;ÑÑÑ;SNBGS;XXX;XX
6828;XXXX;PPP;XXX;XXX;XX
6829;XXXX;QQQ;FADFBA;XXX;XX
6830;XXXX;XXX;FDSBSDF;XXX;XX
6831;XXXX;YYY;DFGN;XXX;XX
6832;XXXX;KKK;SNBGS;XXX;XX
6834;XXXX;ÑÑÑ;XXX;XXX;XX
6836;XXXX;PPP;FADFBA;XXX;XX
6837;XXXX;QQQ;FDSBSDF;XXX;XX
6838;XXXX;XXX;DFGN;XXX;XX
6839;XXXX;YYY;SNBGS;XXX;XX
6840;XXXX;KKK;XXX;XXX;XX
6841;XXXX;ÑÑÑ;FADFBA;XXX;XX
6842;XXXX;PPP;FDSBSDF;XXX;XX
6843;XXXX;QQQ;DFGN;XXX;XX
6844;XXXX;XXX;SNBGS;XXX;XX
6845;XXXX;YYY;XXX;XXX;XX
6846;XXXX;KKK;FADFBA;XXX;XX
6847;XXXX;ÑÑÑ;FDSBSDF;XXX;XX
6848;XXXX;PPP;DFGN;XXX;XX
6849;XXXX;QQQ;SNBGS;XXX;XX
6850;XXXX;XXX;XXX;XXX;XX
6851;XXXX;YYY;FADFBA;XXX;XX
6852;XXXX;KKK;FDSBSDF;XXX;XX
6853;XXXX;ÑÑÑ;DFGN;XXX;XX
6856;XXXX;PPP;SNBGS;XXX;XX
6857;XXXX;QQQ;XXX;XXX;XX
6860;XXXX;XXX;FADFBA;XXX;XX
6863;XXXX;YYY;FDSBSDF;XXX;XX
6864;XXXX;KKK;DFGN;XXX;XX
6865;XXXX;ÑÑÑ;SNBGS;XXX;XX
6866;XXXX;PPP;XXX;XXX;XX
6867;XXXX;QQQ;FADFBA;XXX;XX
6870;XXXX;XXX;FDSBSDF;XXX;XX
6871;XXXX;YYY;DFGN;XXX;XX
6872;XXXX;KKK;SNBGS;XXX;XX
6873;XXXX;ÑÑÑ;XXX;XXX;XX
6874;XXXX;PPP;FADFBA;XXX;XX
6875;XXXX;QQQ;FDSBSDF;XXX;XX
6876;XXXX;XXX;DFGN;XXX;XX
6877;XXXX;YYY;SNBGS;XXX;XX
6878;XXXX;KKK;XXX;XXX;XX
6881;XXXX;ÑÑÑ;FADFBA;XXX;XX
6882;XXXX;PPP;FDSBSDF;XXX;XX
6883;XXXX;QQQ;DFGN;XXX;XX
6884;XXXX;XXX;SNBGS;XXX;XX
6885;XXXX;YYY;XXX;XXX;XX
6886;XXXX;KKK;FADFBA;XXX;XX
6888;XXXX;ÑÑÑ;FDSBSDF;XXX;XX
6889;XXXX;PPP;DFGN;XXX;XX
6890;XXXX;QQQ;SNBGS;XXX;XX
6892;XXXX;XXX;XXX;XXX;XX
6893;XXXX;YYY;FADFBA;XXX;XX
6894;XXXX;KKK;FDSBSDF;XXX;XX
6895;XXXX;ÑÑÑ;DFGN;XXX;XX
6896;XXXX;PPP;SNBGS;XXX;XX
6897;XXXX;QQQ;XXX;XXX;XX
6898;XXXX;XXX;FADFBA;XXX;XX
6899;XXXX;YYY;FDSBSDF;XXX;XX
6900;XXXX;KKK;DFGN;XXX;XX
6901;XXXX;ÑÑÑ;SNBGS;XXX;XX
6902;XXXX;PPP;XXX;XXX;XX
6903;XXXX;QQQ;FADFBA;XXX;XX
6904;XXXX;XXX;FDSBSDF;XXX;XX
6905;XXXX;YYY;DFGN;XXX;XX
6907;XXXX;KKK;SNBGS;XXX;XX
6908;XXXX;ÑÑÑ;XXX;XXX;XX
6909;XXXX;PPP;FADFBA;XXX;XX
6910;XXXX;QQQ;FDSBSDF;XXX;XX
6911;XXXX;XXX;DFGN;XXX;XX
6912;XXXX;YYY;SNBGS;XXX;XX
6913;XXXX;KKK;XXX;XXX;XX
6914;XXXX;ÑÑÑ;FADFBA;XXX;XX
6915;XXXX;PPP;FDSBSDF;XXX;XX
6916;XXXX;QQQ;DFGN;XXX;XX
6917;XXXX;XXX;SNBGS;XXX;XX
6918;XXXX;YYY;XXX;XXX;XX
6919;XXXX;KKK;FADFBA;XXX;XX
7064;XXXX;ÑÑÑ;FDSBSDF;XXX;XX
7065;XXXX;PPP;DFGN;XXX;XX
7072;XXXX;QQQ;SNBGS;XXX;XX
7073;XXXX;XXX;XXX;XXX;XX
7074;XXXX;YYY;FADFBA;XXX;XX
7075;XXXX;KKK;FDSBSDF;XXX;XX
7076;XXXX;ÑÑÑ;DFGN;XXX;XX
7079;XXXX;PPP;SNBGS;XXX;XX
7080;XXXX;QQQ;XXX;XXX;XX
7081;XXXX;XXX;FADFBA;XXX;XX
7083;XXXX;YYY;FDSBSDF;XXX;XX
7085;XXXX;KKK;DFGN;XXX;XX
7086;XXXX;ÑÑÑ;SNBGS;XXX;XX
7087;XXXX;PPP;XXX;XXX;XX
7089;XXXX;QQQ;FADFBA;XXX;XX
7090;XXXX;XXX;FDSBSDF;XXX;XX
7091;XXXX;YYY;DFGN;XXX;XX
7092;XXXX;KKK;SNBGS;XXX;XX
7093;XXXX;ÑÑÑ;XXX;XXX;XX
7094;XXXX;PPP;FADFBA;XXX;XX
7095;XXXX;QQQ;FDSBSDF;XXX;XX
7096;XXXX;XXX;DFGN;XXX;XX
7097;XXXX;YYY;SNBGS;XXX;XX
7098;XXXX;KKK;XXX;XXX;XX
7099;XXXX;ÑÑÑ;FADFBA;XXX;XX
7100;XXXX;PPP;FDSBSDF;XXX;XX
7101;XXXX;QQQ;DFGN;XXX;XX
7102;XXXX;XXX;SNBGS;XXX;XX
7103;XXXX;YYY;XXX;XXX;XX
7104;XXXX;KKK;FADFBA;XXX;XX
7105;XXXX;ÑÑÑ;FDSBSDF;XXX;XX
7106;XXXX;PPP;DFGN;XXX;XX
7107;XXXX;QQQ;SNBGS;XXX;XX
7108;XXXX;XXX;XXX;XXX;XX
7109;XXXX;YYY;FADFBA;XXX;XX
7110;XXXX;KKK;FDSBSDF;XXX;XX
7111;XXXX;ÑÑÑ;DFGN;XXX;XX
7112;XXXX;PPP;SNBGS;XXX;XX
7113;XXXX;QQQ;XXX;XXX;XX
7114;XXXX;XXX;FADFBA;XXX;XX
7115;XXXX;YYY;FDSBSDF;XXX;XX
7116;XXXX;KKK;DFGN;XXX;XX
7117;XXXX;ÑÑÑ;SNBGS;XXX;XX
7119;XXXX;PPP;XXX;XXX;XX
7120;XXXX;QQQ;FADFBA;XXX;XX
7121;XXXX;XXX;FDSBSDF;XXX;XX
7122;XXXX;YYY;DFGN;XXX;XX
7123;XXXX;KKK;SNBGS;XXX;XX
7124;XXXX;ÑÑÑ;XXX;XXX;XX
7125;XXXX;PPP;FADFBA;XXX;XX
7126;XXXX;QQQ;FDSBSDF;XXX;XX
7127;XXXX;XXX;DFGN;XXX;XX
7128;XXXX;YYY;SNBGS;XXX;XX
7129;XXXX;KKK;XXX;XXX;XX
7130;XXXX;ÑÑÑ;FADFBA;XXX;XX
7131;XXXX;PPP;FDSBSDF;XXX;XX
7132;XXXX;QQQ;DFGN;XXX;XX
7133;XXXX;XXX;SNBGS;XXX;XX
7135;XXXX;YYY;XXX;XXX;XX
7136;XXXX;KKK;FADFBA;XXX;XX
7137;XXXX;ÑÑÑ;FDSBSDF;XXX;XX
7138;XXXX;PPP;DFGN;XXX;XX
7139;XXXX;QQQ;SNBGS;XXX;XX
7140;XXXX;XXX;XXX;XXX;XX
7141;XXXX;YYY;FADFBA;XXX;XX
7142;XXXX;KKK;FDSBSDF;XXX;XX
7143;XXXX;ÑÑÑ;DFGN;XXX;XX
7144;XXXX;PPP;SNBGS;XXX;XX
7145;XXXX;QQQ;XXX;XXX;XX
7146;XXXX;XXX;FADFBA;XXX;XX
7147;XXXX;YYY;FDSBSDF;XXX;XX
7148;XXXX;KKK;DFGN;XXX;XX
7149;XXXX;ÑÑÑ;SNBGS;XXX;XX
7150;XXXX;PPP;XXX;XXX;XX
7151;XXXX;QQQ;FADFBA;XXX;XX
7152;XXXX;XXX;FDSBSDF;XXX;XX
7153;XXXX;YYY;DFGN;XXX;XX
7154;XXXX;KKK;SNBGS;XXX;XX
7155;XXXX;ÑÑÑ;XXX;XXX;XX
7156;XXXX;PPP;FADFBA;XXX;XX
7157;XXXX;QQQ;FDSBSDF;XXX;XX
7158;XXXX;XXX;DFGN;XXX;XX
7159;XXXX;YYY;SNBGS;XXX;XX
7160;XXXX;KKK;XXX;XXX;XX
7161;XXXX;ÑÑÑ;FADFBA;XXX;XX
7162;XXXX;PPP;FDSBSDF;XXX;XX
7163;XXXX;QQQ;DFGN;XXX;XX
7165;XXXX;XXX;SNBGS;XXX;XX
7166;XXXX;YYY;XXX;XXX;XX
7167;XXXX;KKK;FADFBA;XXX;XX
7168;XXXX;ÑÑÑ;FDSBSDF;XXX;XX
7169;XXXX;PPP;DFGN;XXX;XX
7170;XXXX;QQQ;SNBGS;XXX;XX
7171;XXXX;XXX;XXX;XXX;XX
7172;XXXX;YYY;FADFBA;XXX;XX
7173;XXXX;KKK;FDSBSDF;XXX;XX
7174;XXXX;ÑÑÑ;DFGN;XXX;XX
7175;XXXX;PPP;SNBGS;XXX;XX
7176;XXXX;QQQ;XXX;XXX;XX
7177;XXXX;XXX;FADFBA;XXX;XX
7178;XXXX;YYY;FDSBSDF;XXX;XX
7180;XXXX;KKK;DFGN;XXX;XX
7181;XXXX;ÑÑÑ;SNBGS;XXX;XX
7182;XXXX;PPP;XXX;XXX;XX
7184;XXXX;QQQ;FADFBA;XXX;XX
7185;XXXX;XXX;FDSBSDF;XXX;XX
7186;XXXX;YYY;DFGN;XXX;XX
7187;XXXX;KKK;SNBGS;XXX;XX
7188;XXXX;ÑÑÑ;XXX;XXX;XX
7189;XXXX;PPP;FADFBA;XXX;XX
7190;XXXX;QQQ;FDSBSDF;XXX;XX
7191;XXXX;XXX;DFGN;XXX;XX
7192;XXXX;YYY;SNBGS;XXX;XX
7193;XXXX;KKK;XXX;XXX;XX
7194;XXXX;ÑÑÑ;FADFBA;XXX;XX
7196;XXXX;PPP;FDSBSDF;XXX;XX
7197;XXXX;QQQ;DFGN;XXX;XX
7198;XXXX;XXX;SNBGS;XXX;XX
7199;XXXX;YYY;XXX;XXX;XX
7200;XXXX;KKK;FADFBA;XXX;XX
7201;XXXX;ÑÑÑ;FDSBSDF;XXX;XX
7203;XXXX;PPP;DFGN;XXX;XX
7204;XXXX;QQQ;SNBGS;XXX;XX
7207;XXXX;XXX;XXX;XXX;XX
7211;XXXX;YYY;FADFBA;XXX;XX
7214;XXXX;KKK;FDSBSDF;XXX;XX
7215;XXXX;ÑÑÑ;DFGN;XXX;XX
7216;XXXX;PPP;SNBGS;XXX;XX
7217;XXXX;QQQ;XXX;XXX;XX
7220;XXXX;XXX;FADFBA;XXX;XX
7221;XXXX;YYY;FDSBSDF;XXX;XX
7223;XXXX;KKK;DFGN;XXX;XX
7224;XXXX;ÑÑÑ;SNBGS;XXX;XX
7226;XXXX;PPP;XXX;XXX;XX
7227;XXXX;QQQ;FADFBA;XXX;XX
7228;XXXX;XXX;FDSBSDF;XXX;XX
7229;XXXX;YYY;DFGN;XXX;XX
7230;XXXX;KKK;SNBGS;XXX;XX
7231;XXXX;ÑÑÑ;XXX;XXX;XX
7232;XXXX;PPP;FADFBA;XXX;XX
7235;XXXX;QQQ;FDSBSDF;XXX;XX
7238;XXXX;XXX;DFGN;XXX;XX
7239;XXXX;YYY;SNBGS;XXX;XX
7240;XXXX;KKK;XXX;XXX;XX
7242;XXXX;ÑÑÑ;FADFBA;XXX;XX
7243;XXXX;PPP;FDSBSDF;XXX;XX
7244;XXXX;QQQ;DFGN;XXX;XX
7245;XXXX;XXX;SNBGS;XXX;XX
7246;XXXX;YYY;XXX;XXX;XX
7247;XXXX;KKK;FADFBA;XXX;XX
7249;XXXX;ÑÑÑ;FDSBSDF;XXX;XX
7250;XXXX;PPP;DFGN;XXX;XX
7252;XXXX;QQQ;SNBGS;XXX;XX
7253;XXXX;XXX;XXX;XXX;XX
7254;XXXX;YYY;FADFBA;XXX;XX
7255;XXXX;KKK;FDSBSDF;XXX;XX
7256;XXXX;ÑÑÑ;DFGN;XXX;XX
7257;XXXX;PPP;SNBGS;XXX;XX
7258;XXXX;QQQ;XXX;XXX;XX
7259;XXXX;XXX;FADFBA;XXX;XX
7260;XXXX;YYY;FDSBSDF;XXX;XX
7261;XXXX;KKK;DFGN;XXX;XX
7262;XXXX;ÑÑÑ;SNBGS;XXX;XX
7263;XXXX;PPP;XXX;XXX;XX
7264;XXXX;QQQ;FADFBA;XXX;XX
7265;XXXX;XXX;FDSBSDF;XXX;XX
7266;XXXX;YYY;DFGN;XXX;XX
7267;XXXX;KKK;SNBGS;XXX;XX
7268;XXXX;ÑÑÑ;XXX;XXX;XX
7269;XXXX;PPP;FADFBA;XXX;XX
7270;XXXX;QQQ;FDSBSDF;XXX;XX
7271;XXXX;XXX;DFGN;XXX;XX
7272;XXXX;YYY;SNBGS;XXX;XX
7273;XXXX;KKK;XXX;XXX;XX
7274;XXXX;ÑÑÑ;FADFBA;XXX;XX
7275;XXXX;PPP;FDSBSDF;XXX;XX
7276;XXXX;QQQ;DFGN;XXX;XX
7277;XXXX;XXX;SNBGS;XXX;XX
7278;XXXX;YYY;XXX;XXX;XX
7279;XXXX;KKK;FADFBA;XXX;XX
7280;XXXX;ÑÑÑ;FDSBSDF;XXX;XX
7281;XXXX;PPP;DFGN;XXX;XX
7282;XXXX;QQQ;SNBGS;XXX;XX
7283;XXXX;XXX;XXX;XXX;XX
7284;XXXX;YYY;FADFBA;XXX;XX
7285;XXXX;KKK;FDSBSDF;XXX;XX
7286;XXXX;ÑÑÑ;DFGN;XXX;XX
7287;XXXX;PPP;SNBGS;XXX;XX
7288;XXXX;QQQ;XXX;XXX;XX
7289;XXXX;XXX;FADFBA;XXX;XX
7290;XXXX;YYY;FDSBSDF;XXX;XX
7291;XXXX;KKK;DFGN;XXX;XX
7292;XXXX;ÑÑÑ;SNBGS;XXX;XX
7293;XXXX;PPP;XXX;XXX;XX
7294;XXXX;QQQ;FADFBA;XXX;XX
7295;XXXX;XXX;FDSBSDF;XXX;XX
7296;XXXX;YYY;DFGN;XXX;XX
7298;XXXX;KKK;SNBGS;XXX;XX
7299;XXXX;ÑÑÑ;XXX;XXX;XX
7300;XXXX;PPP;FADFBA;XXX;XX
7301;XXXX;QQQ;FDSBSDF;XXX;XX
7302;XXXX;XXX;DFGN;XXX;XX
7305;XXXX;YYY;SNBGS;XXX;XX
7306;XXXX;KKK;XXX;XXX;XX
7307;XXXX;ÑÑÑ;FADFBA;XXX;XX
7309;XXXX;PPP;FDSBSDF;XXX;XX
7310;XXXX;QQQ;DFGN;XXX;XX
7311;XXXX;XXX;SNBGS;XXX;XX
7312;XXXX;YYY;XXX;XXX;XX
7315;XXXX;KKK;FADFBA;XXX;XX
7316;XXXX;ÑÑÑ;FDSBSDF;XXX;XX
7317;XXXX;PPP;DFGN;XXX;XX
7319;XXXX;QQQ;SNBGS;XXX;XX
7320;XXXX;XXX;XXX;XXX;XX
7321;XXXX;YYY;FADFBA;XXX;XX
7322;XXXX;KKK;FDSBSDF;XXX;XX
7323;XXXX;ÑÑÑ;DFGN;XXX;XX
7324;XXXX;PPP;SNBGS;XXX;XX
7325;XXXX;QQQ;XXX;XXX;XX
7326;XXXX;XXX;FADFBA;XXX;XX
7328;XXXX;YYY;FDSBSDF;XXX;XX
7329;XXXX;KKK;DFGN;XXX;XX
7330;XXXX;ÑÑÑ;SNBGS;XXX;XX
7331;XXXX;PPP;XXX;XXX;XX
7332;XXXX;QQQ;FADFBA;XXX;XX
7333;XXXX;XXX;FDSBSDF;XXX;XX
7334;XXXX;YYY;DFGN;XXX;XX
7336;XXXX;KKK;SNBGS;XXX;XX
7337;XXXX;ÑÑÑ;XXX;XXX;XX
7338;XXXX;PPP;FADFBA;XXX;XX
7339;XXXX;QQQ;FDSBSDF;XXX;XX
7340;XXXX;XXX;DFGN;XXX;XX
7341;XXXX;YYY;SNBGS;XXX;XX
7342;XXXX;KKK;XXX;XXX;XX
7343;XXXX;ÑÑÑ;FADFBA;XXX;XX
7344;XXXX;PPP;FDSBSDF;XXX;XX
7345;XXXX;QQQ;DFGN;XXX;XX
7347;XXXX;XXX;SNBGS;XXX;XX
7348;XXXX;YYY;XXX;XXX;XX
7349;XXXX;KKK;FADFBA;XXX;XX
7350;XXXX;ÑÑÑ;FDSBSDF;XXX;XX
7351;XXXX;PPP;DFGN;XXX;XX
7353;XXXX;QQQ;SNBGS;XXX;XX
7354;XXXX;XXX;XXX;XXX;XX
7355;XXXX;YYY;FADFBA;XXX;XX
7356;XXXX;KKK;FDSBSDF;XXX;XX
7358;XXXX;ÑÑÑ;DFGN;XXX;XX
7361;XXXX;PPP;SNBGS;XXX;XX
7362;XXXX;QQQ;XXX;XXX;XX
7363;XXXX;XXX;FADFBA;XXX;XX
7364;XXXX;YYY;FDSBSDF;XXX;XX
7365;XXXX;KKK;DFGN;XXX;XX
7366;XXXX;ÑÑÑ;SNBGS;XXX;XX
7367;XXXX;PPP;XXX;XXX;XX
7368;XXXX;QQQ;FADFBA;XXX;XX
7369;XXXX;XXX;FDSBSDF;XXX;XX
7371;XXXX;YYY;DFGN;XXX;XX
7372;XXXX;KKK;SNBGS;XXX;XX
7373;XXXX;ÑÑÑ;XXX;XXX;XX
7374;XXXX;PPP;FADFBA;XXX;XX
7375;XXXX;QQQ;FDSBSDF;XXX;XX
7376;XXXX;XXX;DFGN;XXX;XX
7377;XXXX;YYY;SNBGS;XXX;XX
7378;XXXX;KKK;XXX;XXX;XX
7379;XXXX;ÑÑÑ;FADFBA;XXX;XX
7381;XXXX;PPP;FDSBSDF;XXX;XX
7382;XXXX;QQQ;DFGN;XXX;XX
7384;XXXX;XXX;SNBGS;XXX;XX
7385;XXXX;YYY;XXX;XXX;XX
7386;XXXX;KKK;FADFBA;XXX;XX
7387;XXXX;ÑÑÑ;FDSBSDF;XXX;XX
7388;XXXX;PPP;DFGN;XXX;XX
7389;XXXX;QQQ;SNBGS;XXX;XX
7390;XXXX;XXX;XXX;XXX;XX
7391;XXXX;YYY;FADFBA;XXX;XX
7392;XXXX;KKK;FDSBSDF;XXX;XX
7396;XXXX;ÑÑÑ;DFGN;XXX;XX
7398;XXXX;PPP;SNBGS;XXX;XX
7399;XXXX;QQQ;XXX;XXX;XX
7404;XXXX;XXX;FADFBA;XXX;XX
7405;XXXX;YYY;FDSBSDF;XXX;XX
7407;XXXX;KKK;DFGN;XXX;XX
7408;XXXX;ÑÑÑ;SNBGS;XXX;XX
7409;XXXX;PPP;XXX;XXX;XX
7410;XXXX;QQQ;FADFBA;XXX;XX
7411;XXXX;XXX;FDSBSDF;XXX;XX
7412;XXXX;YYY;DFGN;XXX;XX
7413;XXXX;KKK;SNBGS;XXX;XX
7414;XXXX;ÑÑÑ;XXX;XXX;XX
7415;XXXX;PPP;FADFBA;XXX;XX
7416;XXXX;QQQ;FDSBSDF;XXX;XX
7417;XXXX;XXX;DFGN;XXX;XX
7418;XXXX;YYY;SNBGS;XXX;XX
7419;XXXX;KKK;XXX;XXX;XX
7420;XXXX;ÑÑÑ;FADFBA;XXX;XX
7421;XXXX;PPP;FDSBSDF;XXX;XX
7422;XXXX;QQQ;DFGN;XXX;XX
7423;XXXX;XXX;SNBGS;XXX;XX
7424;XXXX;YYY;XXX;XXX;XX
7425;XXXX;KKK;FADFBA;XXX;XX
7426;XXXX;ÑÑÑ;FDSBSDF;XXX;XX
7427;XXXX;PPP;DFGN;XXX;XX
7428;XXXX;QQQ;SNBGS;XXX;XX
7429;XXXX;XXX;XXX;XXX;XX
7430;XXXX;YYY;FADFBA;XXX;XX
7431;XXXX;KKK;FDSBSDF;XXX;XX
7432;XXXX;ÑÑÑ;DFGN;XXX;XX
7433;XXXX;PPP;SNBGS;XXX;XX
7434;XXXX;QQQ;XXX;XXX;XX
7435;XXXX;XXX;FADFBA;XXX;XX
7436;XXXX;YYY;FDSBSDF;XXX;XX
7437;XXXX;KKK;DFGN;XXX;XX
7438;XXXX;ÑÑÑ;SNBGS;XXX;XX
7439;XXXX;PPP;XXX;XXX;XX
7440;XXXX;QQQ;FADFBA;XXX;XX
7441;XXXX;XXX;FDSBSDF;XXX;XX
7442;XXXX;YYY;DFGN;XXX;XX
7443;XXXX;KKK;SNBGS;XXX;XX
7444;XXXX;ÑÑÑ;XXX;XXX;XX
7445;XXXX;PPP;FADFBA;XXX;XX
7446;XXXX;QQQ;FDSBSDF;XXX;XX
7447;XXXX;XXX;DFGN;XXX;XX
7448;XXXX;YYY;SNBGS;XXX;XX
7449;XXXX;KKK;XXX;XXX;XX
7450;XXXX;ÑÑÑ;FADFBA;XXX;XX
7451;XXXX;PPP;FDSBSDF;XXX;XX
7453;XXXX;QQQ;DFGN;XXX;XX
7454;XXXX;XXX;SNBGS;XXX;XX
7455;XXXX;YYY;XXX;XXX;XX
7456;XXXX;KKK;FADFBA;XXX;XX
7457;XXXX;ÑÑÑ;FDSBSDF;XXX;XX
7458;XXXX;PPP;DFGN;XXX;XX
7459;XXXX;QQQ;SNBGS;XXX;XX
7460;XXXX;XXX;XXX;XXX;XX
7461;XXXX;YYY;FADFBA;XXX;XX
7462;XXXX;KKK;FDSBSDF;XXX;XX
7463;XXXX;ÑÑÑ;DFGN;XXX;XX
7464;XXXX;PPP;SNBGS;XXX;XX
7465;XXXX;QQQ;XXX;XXX;XX
7466;XXXX;XXX;FADFBA;XXX;XX
7467;XXXX;YYY;FDSBSDF;XXX;XX
7468;XXXX;KKK;DFGN;XXX;XX
7469;XXXX;ÑÑÑ;SNBGS;XXX;XX
7470;XXXX;PPP;XXX;XXX;XX
7471;XXXX;QQQ;FADFBA;XXX;XX
7472;XXXX;XXX;FDSBSDF;XXX;XX
7473;XXXX;YYY;DFGN;XXX;XX
7474;XXXX;KKK;SNBGS;XXX;XX
7475;XXXX;ÑÑÑ;XXX;XXX;XX
7476;XXXX;PPP;FADFBA;XXX;XX
7477;XXXX;QQQ;FDSBSDF;XXX;XX
7478;XXXX;XXX;DFGN;XXX;XX
7481;XXXX;YYY;SNBGS;XXX;XX
7482;XXXX;KKK;XXX;XXX;XX
7483;XXXX;ÑÑÑ;FADFBA;XXX;XX
7484;XXXX;PPP;FDSBSDF;XXX;XX
7485;XXXX;QQQ;DFGN;XXX;XX
7486;XXXX;XXX;SNBGS;XXX;XX
7487;XXXX;YYY;XXX;XXX;XX
7488;XXXX;KKK;FADFBA;XXX;XX
7489;XXXX;ÑÑÑ;FDSBSDF;XXX;XX
7490;XXXX;PPP;DFGN;XXX;XX
7491;XXXX;QQQ;SNBGS;XXX;XX
7492;XXXX;XXX;XXX;XXX;XX
7493;XXXX;YYY;FADFBA;XXX;XX
7494;XXXX;KKK;FDSBSDF;XXX;XX
7496;XXXX;ÑÑÑ;DFGN;XXX;XX
7497;XXXX;PPP;SNBGS;XXX;XX
7498;XXXX;QQQ;XXX;XXX;XX
7499;XXXX;XXX;FADFBA;XXX;XX
7500;XXXX;YYY;FDSBSDF;XXX;XX
7501;XXXX;KKK;DFGN;XXX;XX
7502;XXXX;ÑÑÑ;SNBGS;XXX;XX
7503;XXXX;PPP;XXX;XXX;XX
7504;XXXX;QQQ;FADFBA;XXX;XX
7505;XXXX;XXX;FDSBSDF;XXX;XX
7506;XXXX;YYY;DFGN;XXX;XX
7507;XXXX;KKK;SNBGS;XXX;XX
7508;XXXX;ÑÑÑ;XXX;XXX;XX
7509;XXXX;PPP;FADFBA;XXX;XX
7510;XXXX;QQQ;FDSBSDF;XXX;XX
7511;XXXX;XXX;DFGN;XXX;XX
7512;XXXX;YYY;SNBGS;XXX;XX
7513;XXXX;KKK;XXX;XXX;XX
7514;XXXX;ÑÑÑ;FADFBA;XXX;XX
7515;XXXX;PPP;FDSBSDF;XXX;XX
7516;XXXX;QQQ;DFGN;XXX;XX
7518;XXXX;XXX;SNBGS;XXX;XX
7519;XXXX;YYY;XXX;XXX;XX
7520;XXXX;KKK;FADFBA;XXX;XX
7522;XXXX;ÑÑÑ;FDSBSDF;XXX;XX
7524;XXXX;PPP;DFGN;XXX;XX
7525;XXXX;QQQ;SNBGS;XXX;XX
7526;XXXX;XXX;XXX;XXX;XX
7527;XXXX;YYY;FADFBA;XXX;XX
7528;XXXX;KKK;FDSBSDF;XXX;XX
7529;XXXX;ÑÑÑ;DFGN;XXX;XX
7530;XXXX;PPP;SNBGS;XXX;XX
7531;XXXX;QQQ;XXX;XXX;XX
7532;XXXX;XXX;FADFBA;XXX;XX
7533;XXXX;YYY;FDSBSDF;XXX;XX
7534;XXXX;KKK;DFGN;XXX;XX
7535;XXXX;ÑÑÑ;SNBGS;XXX;XX
7537;XXXX;PPP;XXX;XXX;XX
7539;XXXX;QQQ;FADFBA;XXX;XX
7540;XXXX;XXX;FDSBSDF;XXX;XX
7541;XXXX;YYY;DFGN;XXX;XX
7542;XXXX;KKK;SNBGS;XXX;XX
7543;XXXX;ÑÑÑ;XXX;XXX;XX
7544;XXXX;PPP;FADFBA;XXX;XX
7546;XXXX;QQQ;FDSBSDF;XXX;XX
7547;XXXX;XXX;DFGN;XXX;XX
7548;XXXX;YYY;SNBGS;XXX;XX
7549;XXXX;KKK;XXX;XXX;XX
7550;XXXX;ÑÑÑ;FADFBA;XXX;XX
7551;XXXX;PPP;FDSBSDF;XXX;XX
7552;XXXX;QQQ;DFGN;XXX;XX
7553;XXXX;XXX;SNBGS;XXX;XX
7554;XXXX;YYY;XXX;XXX;XX
7555;XXXX;KKK;FADFBA;XXX;XX
7556;XXXX;ÑÑÑ;FDSBSDF;XXX;XX
7557;XXXX;PPP;DFGN;XXX;XX
7558;XXXX;QQQ;SNBGS;XXX;XX
7560;XXXX;XXX;XXX;XXX;XX
7561;XXXX;YYY;FADFBA;XXX;XX
7562;XXXX;KKK;FDSBSDF;XXX;XX
7563;XXXX;ÑÑÑ;DFGN;XXX;XX
7564;XXXX;PPP;SNBGS;XXX;XX
7565;XXXX;QQQ;XXX;XXX;XX
7566;XXXX;XXX;FADFBA;XXX;XX
7567;XXXX;YYY;FDSBSDF;XXX;XX
7568;XXXX;KKK;DFGN;XXX;XX
7569;XXXX;ÑÑÑ;SNBGS;XXX;XX
7570;XXXX;PPP;XXX;XXX;XX
7571;XXXX;QQQ;FADFBA;XXX;XX
7572;XXXX;XXX;FDSBSDF;XXX;XX
7573;XXXX;YYY;DFGN;XXX;XX
7574;XXXX;KKK;SNBGS;XXX;XX
7575;XXXX;ÑÑÑ;XXX;XXX;XX
7576;XXXX;PPP;FADFBA;XXX;XX
7577;XXXX;QQQ;FDSBSDF;XXX;XX
7578;XXXX;XXX;DFGN;XXX;XX
7579;XXXX;YYY;SNBGS;XXX;XX
7580;XXXX;KKK;XXX;XXX;XX
7581;XXXX;ÑÑÑ;FADFBA;XXX;XX
7582;XXXX;PPP;FDSBSDF;XXX;XX
7583;XXXX;QQQ;DFGN;XXX;XX
7584;XXXX;XXX;SNBGS;XXX;XX
7587;XXXX;YYY;XXX;XXX;XX
7588;XXXX;KKK;FADFBA;XXX;XX
7591;XXXX;ÑÑÑ;FDSBSDF;XXX;XX
7593;XXXX;PPP;DFGN;XXX;XX
7595;XXXX;QQQ;SNBGS;XXX;XX
7596;XXXX;XXX;XXX;XXX;XX
7598;XXXX;YYY;FADFBA;XXX;XX
7599;XXXX;KKK;FDSBSDF;XXX;XX
7601;XXXX;ÑÑÑ;DFGN;XXX;XX
7602;XXXX;PPP;SNBGS;XXX;XX
7603;XXXX;QQQ;XXX;XXX;XX
7606;XXXX;XXX;FADFBA;XXX;XX
7607;XXXX;YYY;FDSBSDF;XXX;XX
7608;XXXX;KKK;DFGN;XXX;XX
7609;XXXX;ÑÑÑ;SNBGS;XXX;XX
7610;XXXX;PPP;XXX;XXX;XX
7612;XXXX;QQQ;FADFBA;XXX;XX
7613;XXXX;XXX;FDSBSDF;XXX;XX
7614;XXXX;YYY;DFGN;XXX;XX
7615;XXXX;KKK;SNBGS;XXX;XX
7617;XXXX;ÑÑÑ;XXX;XXX;XX
7618;XXXX;PPP;FADFBA;XXX;XX
7619;XXXX;QQQ;FDSBSDF;XXX;XX
7620;XXXX;XXX;DFGN;XXX;XX
7621;XXXX;YYY;SNBGS;XXX;XX
7622;XXXX;KKK;XXX;XXX;XX
7625;XXXX;ÑÑÑ;FADFBA;XXX;XX
7626;XXXX;PPP;FDSBSDF;XXX;XX
7627;XXXX;QQQ;DFGN;XXX;XX
7628;XXXX;XXX;SNBGS;XXX;XX
7631;XXXX;YYY;XXX;XXX;XX
7632;XXXX;KKK;FADFBA;XXX;XX
7634;XXXX;ÑÑÑ;FDSBSDF;XXX;XX
7635;XXXX;PPP;DFGN;XXX;XX
7638;XXXX;QQQ;SNBGS;XXX;XX
7639;XXXX;XXX;XXX;XXX;XX
7640;XXXX;YYY;FADFBA;XXX;XX
7641;XXXX;KKK;FDSBSDF;XXX;XX
7642;XXXX;ÑÑÑ;DFGN;XXX;XX
7643;XXXX;PPP;SNBGS;XXX;XX
7644;XXXX;QQQ;XXX;XXX;XX
7645;XXXX;XXX;FADFBA;XXX;XX
7646;XXXX;YYY;FDSBSDF;XXX;XX
7647;XXXX;KKK;DFGN;XXX;XX
7648;XXXX;ÑÑÑ;SNBGS;XXX;XX
7649;XXXX;PPP;XXX;XXX;XX
7650;XXXX;QQQ;FADFBA;XXX;XX
7651;XXXX;XXX;FDSBSDF;XXX;XX
7652;XXXX;YYY;DFGN;XXX;XX
7653;XXXX;KKK;SNBGS;XXX;XX
7654;XXXX;ÑÑÑ;XXX;XXX;XX
7655;XXXX;PPP;FADFBA;XXX;XX
7656;XXXX;QQQ;FDSBSDF;XXX;XX
7657;XXXX;XXX;DFGN;XXX;XX
7658;XXXX;YYY;SNBGS;XXX;XX
7659;XXXX;KKK;XXX;XXX;XX
7660;XXXX;ÑÑÑ;FADFBA;XXX;XX
7661;XXXX;PPP;FDSBSDF;XXX;XX
7662;XXXX;QQQ;DFGN;XXX;XX
7663;XXXX;XXX;SNBGS;XXX;XX
7664;XXXX;YYY;XXX;XXX;XX
7666;XXXX;KKK;FADFBA;XXX;XX
7667;XXXX;ÑÑÑ;FDSBSDF;XXX;XX
7668;XXXX;PPP;DFGN;XXX;XX
7669;XXXX;QQQ;SNBGS;XXX;XX
7670;XXXX;XXX;XXX;XXX;XX
7671;XXXX;YYY;FADFBA;XXX;XX
7672;XXXX;KKK;FDSBSDF;XXX;XX
7673;XXXX;ÑÑÑ;DFGN;XXX;XX
7674;XXXX;PPP;SNBGS;XXX;XX
7675;XXXX;QQQ;XXX;XXX;XX
7676;XXXX;XXX;FADFBA;XXX;XX
7677;XXXX;YYY;FDSBSDF;XXX;XX
7678;XXXX;KKK;DFGN;XXX;XX
7679;XXXX;ÑÑÑ;SNBGS;XXX;XX
7680;XXXX;PPP;XXX;XXX;XX
7681;XXXX;QQQ;FADFBA;XXX;XX
7682;XXXX;XXX;FDSBSDF;XXX;XX
7683;XXXX;YYY;DFGN;XXX;XX
7684;XXXX;KKK;SNBGS;XXX;XX
7685;XXXX;ÑÑÑ;XXX;XXX;XX
7686;XXXX;PPP;FADFBA;XXX;XX
7687;XXXX;QQQ;FDSBSDF;XXX;XX
7688;XXXX;XXX;DFGN;XXX;XX
7689;XXXX;YYY;SNBGS;XXX;XX
7690;XXXX;KKK;XXX;XXX;XX
7691;XXXX;ÑÑÑ;FADFBA;XXX;XX
7692;XXXX;PPP;FDSBSDF;XXX;XX
7693;XXXX;QQQ;DFGN;XXX;XX
7694;XXXX;XXX;SNBGS;XXX;XX
7695;XXXX;YYY;XXX;XXX;XX
7696;XXXX;KKK;FADFBA;XXX;XX
7697;XXXX;ÑÑÑ;FDSBSDF;XXX;XX
7698;XXXX;PPP;DFGN;XXX;XX
7699;XXXX;QQQ;SNBGS;XXX;XX
7700;XXXX;XXX;XXX;XXX;XX
7701;XXXX;YYY;FADFBA;XXX;XX
7702;XXXX;KKK;FDSBSDF;XXX;XX
7703;XXXX;ÑÑÑ;DFGN;XXX;XX
7704;XXXX;PPP;SNBGS;XXX;XX
7705;XXXX;QQQ;XXX;XXX;XX
7706;XXXX;XXX;FADFBA;XXX;XX
7707;XXXX;YYY;FDSBSDF;XXX;XX
7708;XXXX;KKK;DFGN;XXX;XX
7709;XXXX;ÑÑÑ;SNBGS;XXX;XX
7710;XXXX;PPP;XXX;XXX;XX
7711;XXXX;QQQ;FADFBA;XXX;XX
7712;XXXX;XXX;FDSBSDF;XXX;XX
7713;XXXX;YYY;DFGN;XXX;XX
7714;XXXX;KKK;SNBGS;XXX;XX
7715;XXXX;ÑÑÑ;XXX;XXX;XX
7716;XXXX;PPP;FADFBA;XXX;XX
7717;XXXX;QQQ;FDSBSDF;XXX;XX
7718;XXXX;XXX;DFGN;XXX;XX
7719;XXXX;YYY;SNBGS;XXX;XX
7720;XXXX;KKK;XXX;XXX;XX
7721;XXXX;ÑÑÑ;FADFBA;XXX;XX
7722;XXXX;PPP;FDSBSDF;XXX;XX
7723;XXXX;QQQ;DFGN;XXX;XX
7724;XXXX;XXX;SNBGS;XXX;XX
7725;XXXX;YYY;XXX;XXX;XX
7727;XXXX;KKK;FADFBA;XXX;XX
7728;XXXX;ÑÑÑ;FDSBSDF;XXX;XX
7729;XXXX;PPP;DFGN;XXX;XX
7730;XXXX;QQQ;SNBGS;XXX;XX
7731;XXXX;XXX;XXX;XXX;XX
7732;XXXX;YYY;FADFBA;XXX;XX
7733;XXXX;KKK;FDSBSDF;XXX;XX
7734;XXXX;ÑÑÑ;DFGN;XXX;XX
7735;XXXX;PPP;SNBGS;XXX;XX
7736;XXXX;QQQ;XXX;XXX;XX
7737;XXXX;XXX;FADFBA;XXX;XX
7738;XXXX;YYY;FDSBSDF;XXX;XX
7739;XXXX;KKK;DFGN;XXX;XX
7740;XXXX;ÑÑÑ;SNBGS;XXX;XX
7741;XXXX;PPP;XXX;XXX;XX
7742;XXXX;QQQ;FADFBA;XXX;XX
7743;XXXX;XXX;FDSBSDF;XXX;XX
7744;XXXX;YYY;DFGN;XXX;XX
7745;XXXX;KKK;SNBGS;XXX;XX
7746;XXXX;ÑÑÑ;XXX;XXX;XX
7747;XXXX;PPP;FADFBA;XXX;XX
7749;XXXX;QQQ;FDSBSDF;XXX;XX
7750;XXXX;XXX;DFGN;XXX;XX
7751;XXXX;YYY;SNBGS;XXX;XX
7753;XXXX;KKK;XXX;XXX;XX
7754;XXXX;ÑÑÑ;FADFBA;XXX;XX
7755;XXXX;PPP;FDSBSDF;XXX;XX
7756;XXXX;QQQ;DFGN;XXX;XX
7757;XXXX;XXX;SNBGS;XXX;XX
7758;XXXX;YYY;XXX;XXX;XX
7759;XXXX;KKK;FADFBA;XXX;XX
7760;XXXX;ÑÑÑ;FDSBSDF;XXX;XX
7761;XXXX;PPP;DFGN;XXX;XX
7762;XXXX;QQQ;SNBGS;XXX;XX
7763;XXXX;XXX;XXX;XXX;XX
7764;XXXX;YYY;FADFBA;XXX;XX
7765;XXXX;KKK;FDSBSDF;XXX;XX
7766;XXXX;ÑÑÑ;DFGN;XXX;XX
7767;XXXX;PPP;SNBGS;XXX;XX
7768;XXXX;QQQ;XXX;XXX;XX
7769;XXXX;XXX;FADFBA;XXX;XX
7770;XXXX;YYY;FDSBSDF;XXX;XX
7771;XXXX;KKK;DFGN;XXX;XX
7772;XXXX;ÑÑÑ;SNBGS;XXX;XX
7773;XXXX;PPP;XXX;XXX;XX
7774;XXXX;QQQ;FADFBA;XXX;XX
7775;XXXX;XXX;FDSBSDF;XXX;XX
7776;XXXX;YYY;DFGN;XXX;XX
7777;XXXX;KKK;SNBGS;XXX;XX
7778;XXXX;ÑÑÑ;XXX;XXX;XX
7779;XXXX;PPP;FADFBA;XXX;XX
7780;XXXX;QQQ;FDSBSDF;XXX;XX
7782;XXXX;XXX;DFGN;XXX;XX
7783;XXXX;YYY;SNBGS;XXX;XX
7784;XXXX;KKK;XXX;XXX;XX
7785;XXXX;ÑÑÑ;FADFBA;XXX;XX
7786;XXXX;PPP;FDSBSDF;XXX;XX
7787;XXXX;QQQ;DFGN;XXX;XX
7789;XXXX;XXX;SNBGS;XXX;XX
7790;XXXX;YYY;XXX;XXX;XX
7791;XXXX;KKK;FADFBA;XXX;XX
7792;XXXX;ÑÑÑ;FDSBSDF;XXX;XX
7793;XXXX;PPP;DFGN;XXX;XX
7794;XXXX;QQQ;SNBGS;XXX;XX
7795;XXXX;XXX;XXX;XXX;XX
7796;XXXX;YYY;FADFBA;XXX;XX
7797;XXXX;KKK;FDSBSDF;XXX;XX
7798;XXXX;ÑÑÑ;DFGN;XXX;XX
7799;XXXX;PPP;SNBGS;XXX;XX
7800;XXXX;QQQ;XXX;XXX;XX
7801;XXXX;XXX;FADFBA;XXX;XX
7802;XXXX;YYY;FDSBSDF;XXX;XX
7803;XXXX;KKK;DFGN;XXX;XX
7804;XXXX;ÑÑÑ;SNBGS;XXX;XX
7805;XXXX;PPP;XXX;XXX;XX
7806;XXXX;QQQ;FADFBA;XXX;XX
7807;XXXX;XXX;FDSBSDF;XXX;XX
7809;XXXX;YYY;DFGN;XXX;XX
7810;XXXX;KKK;SNBGS;XXX;XX
7812;XXXX;ÑÑÑ;XXX;XXX;XX
7813;XXXX;PPP;FADFBA;XXX;XX
7815;XXXX;QQQ;FDSBSDF;XXX;XX
7816;XXXX;XXX;DFGN;XXX;XX
7817;XXXX;YYY;SNBGS;XXX;XX
7818;XXXX;KKK;XXX;XXX;XX
7820;XXXX;ÑÑÑ;FADFBA;XXX;XX
7821;XXXX;PPP;FDSBSDF;XXX;XX
7822;XXXX;QQQ;DFGN;XXX;XX
7823;XXXX;XXX;SNBGS;XXX;XX
7824;XXXX;YYY;XXX;XXX;XX
7825;XXXX;KKK;FADFBA;XXX;XX
7827;XXXX;ÑÑÑ;FDSBSDF;XXX;XX
7828;XXXX;PPP;DFGN;XXX;XX
7829;XXXX;QQQ;SNBGS;XXX;XX
7830;XXXX;XXX;XXX;XXX;XX
7831;XXXX;YYY;FADFBA;XXX;XX
7832;XXXX;KKK;FDSBSDF;XXX;XX
7833;XXXX;ÑÑÑ;DFGN;XXX;XX
7834;XXXX;PPP;SNBGS;XXX;XX
7835;XXXX;QQQ;XXX;XXX;XX
7836;XXXX;XXX;FADFBA;XXX;XX
7838;XXXX;YYY;FDSBSDF;XXX;XX
7839;XXXX;KKK;DFGN;XXX;XX
7840;XXXX;ÑÑÑ;SNBGS;XXX;XX
7841;XXXX;PPP;XXX;XXX;XX
7842;XXXX;QQQ;FADFBA;XXX;XX
7843;XXXX;XXX;FDSBSDF;XXX;XX
7844;XXXX;YYY;DFGN;XXX;XX
7845;XXXX;KKK;SNBGS;XXX;XX
7846;XXXX;ÑÑÑ;XXX;XXX;XX
7848;XXXX;PPP;FADFBA;XXX;XX
7849;XXXX;QQQ;FDSBSDF;XXX;XX
7850;XXXX;XXX;DFGN;XXX;XX
7851;XXXX;YYY;SNBGS;XXX;XX
7852;XXXX;KKK;XXX;XXX;XX
7853;XXXX;ÑÑÑ;FADFBA;XXX;XX
7854;XXXX;PPP;FDSBSDF;XXX;XX
7855;XXXX;QQQ;DFGN;XXX;XX
7856;XXXX;XXX;SNBGS;XXX;XX
7858;XXXX;YYY;XXX;XXX;XX
7859;XXXX;KKK;FADFBA;XXX;XX
7860;XXXX;ÑÑÑ;FDSBSDF;XXX;XX
7861;XXXX;PPP;DFGN;XXX;XX
7862;XXXX;QQQ;SNBGS;XXX;XX
7863;XXXX;XXX;XXX;XXX;XX
7864;XXXX;YYY;FADFBA;XXX;XX
7865;XXXX;KKK;FDSBSDF;XXX;XX
7866;XXXX;ÑÑÑ;DFGN;XXX;XX
7867;XXXX;PPP;SNBGS;XXX;XX
7869;XXXX;QQQ;XXX;XXX;XX
7870;XXXX;XXX;FADFBA;XXX;XX
7872;XXXX;YYY;FDSBSDF;XXX;XX
7873;XXXX;KKK;DFGN;XXX;XX
7874;XXXX;ÑÑÑ;SNBGS;XXX;XX
7875;XXXX;PPP;XXX;XXX;XX
7876;XXXX;QQQ;FADFBA;XXX;XX
7877;XXXX;XXX;FDSBSDF;XXX;XX
7878;XXXX;YYY;DFGN;XXX;XX
7879;XXXX;KKK;SNBGS;XXX;XX
7880;XXXX;ÑÑÑ;XXX;XXX;XX
7881;XXXX;PPP;FADFBA;XXX;XX
7882;XXXX;QQQ;FDSBSDF;XXX;XX
7883;XXXX;XXX;DFGN;XXX;XX
7884;XXXX;YYY;SNBGS;XXX;XX
7885;XXXX;KKK;XXX;XXX;XX
7886;XXXX;ÑÑÑ;FADFBA;XXX;XX
7887;XXXX;PPP;FDSBSDF;XXX;XX
7888;XXXX;QQQ;DFGN;XXX;XX
7889;XXXX;XXX;SNBGS;XXX;XX
7890;XXXX;YYY;XXX;XXX;XX
7891;XXXX;KKK;FADFBA;XXX;XX
7892;XXXX;ÑÑÑ;FDSBSDF;XXX;XX
7893;XXXX;PPP;DFGN;XXX;XX
7894;XXXX;QQQ;SNBGS;XXX;XX
7895;XXXX;XXX;XXX;XXX;XX
7896;XXXX;YYY;FADFBA;XXX;XX
7897;XXXX;KKK;FDSBSDF;XXX;XX
7898;XXXX;ÑÑÑ;DFGN;XXX;XX
7899;XXXX;PPP;SNBGS;XXX;XX
7900;XXXX;QQQ;XXX;XXX;XX
7901;XXXX;XXX;FADFBA;XXX;XX
7902;XXXX;YYY;FDSBSDF;XXX;XX
7903;XXXX;KKK;DFGN;XXX;XX
7904;XXXX;ÑÑÑ;SNBGS;XXX;XX
7905;XXXX;PPP;XXX;XXX;XX
7906;XXXX;QQQ;FADFBA;XXX;XX
7907;XXXX;XXX;FDSBSDF;XXX;XX
7908;XXXX;YYY;DFGN;XXX;XX
7909;XXXX;KKK;SNBGS;XXX;XX
7910;XXXX;ÑÑÑ;XXX;XXX;XX
7911;XXXX;PPP;FADFBA;XXX;XX
7912;XXXX;QQQ;FDSBSDF;XXX;XX
7913;XXXX;XXX;DFGN;XXX;XX
7914;XXXX;YYY;SNBGS;XXX;XX
7915;XXXX;KKK;XXX;XXX;XX
7916;XXXX;ÑÑÑ;FADFBA;XXX;XX
7917;XXXX;PPP;FDSBSDF;XXX;XX
7918;XXXX;QQQ;DFGN;XXX;XX
7919;XXXX;XXX;SNBGS;XXX;XX
7920;XXXX;YYY;XXX;XXX;XX
7921;XXXX;KKK;FADFBA;XXX;XX
7922;XXXX;ÑÑÑ;FDSBSDF;XXX;XX
7923;XXXX;PPP;DFGN;XXX;XX
7924;XXXX;QQQ;SNBGS;XXX;XX
7925;XXXX;XXX;XXX;XXX;XX
7926;XXXX;YYY;FADFBA;XXX;XX
7927;XXXX;KKK;FDSBSDF;XXX;XX
7929;XXXX;ÑÑÑ;DFGN;XXX;XX
7931;XXXX;PPP;SNBGS;XXX;XX
7932;XXXX;QQQ;XXX;XXX;XX
7933;XXXX;XXX;FADFBA;XXX;XX
7934;XXXX;YYY;FDSBSDF;XXX;XX
7936;XXXX;KKK;DFGN;XXX;XX
7937;XXXX;ÑÑÑ;SNBGS;XXX;XX
7938;XXXX;PPP;XXX;XXX;XX
7939;XXXX;QQQ;FADFBA;XXX;XX
7940;XXXX;XXX;FDSBSDF;XXX;XX
7941;XXXX;YYY;DFGN;XXX;XX
7943;XXXX;KKK;SNBGS;XXX;XX
7944;XXXX;ÑÑÑ;XXX;XXX;XX
7945;XXXX;PPP;FADFBA;XXX;XX
7946;XXXX;QQQ;FDSBSDF;XXX;XX
7947;XXXX;XXX;DFGN;XXX;XX
7948;XXXX;YYY;SNBGS;XXX;XX
7949;XXXX;KKK;XXX;XXX;XX
7950;XXXX;ÑÑÑ;FADFBA;XXX;XX
7951;XXXX;PPP;FDSBSDF;XXX;XX
7953;XXXX;QQQ;DFGN;XXX;XX
7955;XXXX;XXX;SNBGS;XXX;XX
7956;XXXX;YYY;XXX;XXX;XX
7957;XXXX;KKK;FADFBA;XXX;XX
7958;XXXX;ÑÑÑ;FDSBSDF;XXX;XX
7959;XXXX;PPP;DFGN;XXX;XX
7960;XXXX;QQQ;SNBGS;XXX;XX
7961;XXXX;XXX;XXX;XXX;XX
7965;XXXX;YYY;FADFBA;XXX;XX
7966;XXXX;KKK;FDSBSDF;XXX;XX
7967;XXXX;ÑÑÑ;DFGN;XXX;XX
7968;XXXX;PPP;SNBGS;XXX;XX
7970;XXXX;QQQ;XXX;XXX;XX
7971;XXXX;XXX;FADFBA;XXX;XX
7972;XXXX;YYY;FDSBSDF;XXX;XX
7973;XXXX;KKK;DFGN;XXX;XX
7974;XXXX;ÑÑÑ;SNBGS;XXX;XX
7975;XXXX;PPP;XXX;XXX;XX
7976;XXXX;QQQ;FADFBA;XXX;XX
7977;XXXX;XXX;FDSBSDF;XXX;XX
7978;XXXX;YYY;DFGN;XXX;XX
7979;XXXX;KKK;SNBGS;XXX;XX
7980;XXXX;ÑÑÑ;XXX;XXX;XX
7981;XXXX;PPP;FADFBA;XXX;XX
7982;XXXX;QQQ;FDSBSDF;XXX;XX
7983;XXXX;XXX;DFGN;XXX;XX
7984;XXXX;YYY;SNBGS;XXX;XX
7985;XXXX;KKK;XXX;XXX;XX
7986;XXXX;ÑÑÑ;FADFBA;XXX;XX
7987;XXXX;PPP;FDSBSDF;XXX;XX
7988;XXXX;QQQ;DFGN;XXX;XX
7989;XXXX;XXX;SNBGS;XXX;XX
7990;XXXX;YYY;XXX;XXX;XX
7991;XXXX;KKK;FADFBA;XXX;XX
7992;XXXX;ÑÑÑ;FDSBSDF;XXX;XX
7993;XXXX;PPP;DFGN;XXX;XX
7994;XXXX;QQQ;SNBGS;XXX;XX
7995;XXXX;XXX;XXX;XXX;XX
7996;XXXX;YYY;FADFBA;XXX;XX
7997;XXXX;KKK;FDSBSDF;XXX;XX
7998;XXXX;ÑÑÑ;DFGN;XXX;XX
7999;XXXX;PPP;SNBGS;XXX;XX
8000;XXXX;QQQ;XXX;XXX;XX
8001;XXXX;XXX;FADFBA;XXX;XX
8002;XXXX;YYY;FDSBSDF;XXX;XX
8003;XXXX;KKK;DFGN;XXX;XX
8004;XXXX;ÑÑÑ;SNBGS;XXX;XX
8006;XXXX;PPP;XXX;XXX;XX
8007;XXXX;QQQ;FADFBA;XXX;XX
8008;XXXX;XXX;FDSBSDF;XXX;XX
8009;XXXX;YYY;DFGN;XXX;XX
8010;XXXX;KKK;SNBGS;XXX;XX
8011;XXXX;ÑÑÑ;XXX;XXX;XX
8012;XXXX;PPP;FADFBA;XXX;XX
8013;XXXX;QQQ;FDSBSDF;XXX;XX
8014;XXXX;XXX;DFGN;XXX;XX
8016;XXXX;YYY;SNBGS;XXX;XX
8017;XXXX;KKK;XXX;XXX;XX
8018;XXXX;ÑÑÑ;FADFBA;XXX;XX
8019;XXXX;PPP;FDSBSDF;XXX;XX
8020;XXXX;QQQ;DFGN;XXX;XX
8021;XXXX;XXX;SNBGS;XXX;XX
8022;XXXX;YYY;XXX;XXX;XX
8023;XXXX;KKK;FADFBA;XXX;XX
8024;XXXX;ÑÑÑ;FDSBSDF;XXX;XX
8025;XXXX;PPP;DFGN;XXX;XX
8027;XXXX;QQQ;SNBGS;XXX;XX
8028;XXXX;XXX;XXX;XXX;XX
8030;XXXX;YYY;FADFBA;XXX;XX
8032;XXXX;KKK;FDSBSDF;XXX;XX
8034;XXXX;ÑÑÑ;DFGN;XXX;XX
8036;XXXX;PPP;SNBGS;XXX;XX
8038;XXXX;QQQ;XXX;XXX;XX
8042;XXXX;XXX;FADFBA;XXX;XX
8047;XXXX;YYY;FDSBSDF;XXX;XX
8051;XXXX;KKK;DFGN;XXX;XX
8052;XXXX;ÑÑÑ;SNBGS;XXX;XX
8053;XXXX;PPP;XXX;XXX;XX
8056;XXXX;QQQ;FADFBA;XXX;XX
8057;XXXX;XXX;FDSBSDF;XXX;XX
8058;XXXX;YYY;DFGN;XXX;XX
8059;XXXX;KKK;SNBGS;XXX;XX
8062;XXXX;ÑÑÑ;XXX;XXX;XX
8063;XXXX;PPP;FADFBA;XXX;XX
8064;XXXX;QQQ;FDSBSDF;XXX;XX
8068;XXXX;XXX;DFGN;XXX;XX
8069;XXXX;YYY;SNBGS;XXX;XX
8070;XXXX;KKK;XXX;XXX;XX
8071;XXXX;ÑÑÑ;FADFBA;XXX;XX
8073;XXXX;PPP;FDSBSDF;XXX;XX
8075;XXXX;QQQ;DFGN;XXX;XX
8077;XXXX;XXX;SNBGS;XXX;XX
8078;XXXX;YYY;XXX;XXX;XX
8080;XXXX;KKK;FADFBA;XXX;XX
8081;XXXX;ÑÑÑ;FDSBSDF;XXX;XX
8082;XXXX;PPP;DFGN;XXX;XX
8084;XXXX;QQQ;SNBGS;XXX;XX
8085;XXXX;XXX;XXX;XXX;XX
8086;XXXX;YYY;FADFBA;XXX;XX
8087;XXXX;KKK;FDSBSDF;XXX;XX
8088;XXXX;ÑÑÑ;DFGN;XXX;XX
8089;XXXX;PPP;SNBGS;XXX;XX
8090;XXXX;QQQ;XXX;XXX;XX
8092;XXXX;XXX;FADFBA;XXX;XX
8094;XXXX;YYY;FDSBSDF;XXX;XX
8095;XXXX;KKK;DFGN;XXX;XX
8096;XXXX;ÑÑÑ;SNBGS;XXX;XX
8097;XXXX;PPP;XXX;XXX;XX
8098;XXXX;QQQ;FADFBA;XXX;XX
8102;XXXX;XXX;FDSBSDF;XXX;XX
8104;XXXX;YYY;DFGN;XXX;XX
8111;XXXX;KKK;SNBGS;XXX;XX
8114;XXXX;ÑÑÑ;XXX;XXX;XX
8117;XXXX;PPP;FADFBA;XXX;XX
8118;XXXX;QQQ;FDSBSDF;XXX;XX
8119;XXXX;XXX;DFGN;XXX;XX
8121;XXXX;YYY;SNBGS;XXX;XX
8123;XXXX;KKK;XXX;XXX;XX
8124;XXXX;ÑÑÑ;FADFBA;XXX;XX
8125;XXXX;PPP;FDSBSDF;XXX;XX
8127;XXXX;QQQ;DFGN;XXX;XX
8128;XXXX;XXX;SNBGS;XXX;XX
8129;XXXX;YYY;XXX;XXX;XX
8130;XXXX;KKK;FADFBA;XXX;XX
8131;XXXX;ÑÑÑ;FDSBSDF;XXX;XX
8132;XXXX;PPP;DFGN;XXX;XX
8133;XXXX;QQQ;SNBGS;XXX;XX
8134;XXXX;XXX;XXX;XXX;XX
8135;XXXX;YYY;FADFBA;XXX;XX
8137;XXXX;KKK;FDSBSDF;XXX;XX
8138;XXXX;ÑÑÑ;DFGN;XXX;XX
8141;XXXX;PPP;SNBGS;XXX;XX
8143;XXXX;QQQ;XXX;XXX;XX
8145;XXXX;XXX;FADFBA;XXX;XX
8146;XXXX;YYY;FDSBSDF;XXX;XX
8147;XXXX;KKK;DFGN;XXX;XX
8148;XXXX;ÑÑÑ;SNBGS;XXX;XX
8149;XXXX;PPP;XXX;XXX;XX
8150;XXXX;QQQ;FADFBA;XXX;XX
8151;XXXX;XXX;FDSBSDF;XXX;XX
8152;XXXX;YYY;DFGN;XXX;XX
8153;XXXX;KKK;SNBGS;XXX;XX
8154;XXXX;ÑÑÑ;XXX;XXX;XX
8155;XXXX;PPP;FADFBA;XXX;XX
8156;XXXX;QQQ;FDSBSDF;XXX;XX
8157;XXXX;XXX;DFGN;XXX;XX
8158;XXXX;YYY;SNBGS;XXX;XX
8159;XXXX;KKK;XXX;XXX;XX
8160;XXXX;ÑÑÑ;FADFBA;XXX;XX
8161;XXXX;PPP;FDSBSDF;XXX;XX
8162;XXXX;QQQ;DFGN;XXX;XX
8164;XXXX;XXX;SNBGS;XXX;XX
8165;XXXX;YYY;XXX;XXX;XX
8166;XXXX;KKK;FADFBA;XXX;XX
8167;XXXX;ÑÑÑ;FDSBSDF;XXX;XX
8168;XXXX;PPP;DFGN;XXX;XX
8170;XXXX;QQQ;SNBGS;XXX;XX
8171;XXXX;XXX;XXX;XXX;XX
8172;XXXX;YYY;FADFBA;XXX;XX
8173;XXXX;KKK;FDSBSDF;XXX;XX
8174;XXXX;ÑÑÑ;DFGN;XXX;XX
8175;XXXX;PPP;SNBGS;XXX;XX
8176;XXXX;QQQ;XXX;XXX;XX
8177;XXXX;XXX;FADFBA;XXX;XX
8179;XXXX;YYY;FDSBSDF;XXX;XX
8180;XXXX;KKK;DFGN;XXX;XX
8292;XXXX;ÑÑÑ;SNBGS;XXX;XX
8305;XXXX;PPP;XXX;XXX;XX
8315;XXXX;QQQ;FADFBA;XXX;XX
8390;XXXX;XXX;FDSBSDF;XXX;XX
8511;XXXX;YYY;DFGN;XXX;XX
8515;XXXX;KKK;SNBGS;XXX;XX
8516;XXXX;ÑÑÑ;XXX;XXX;XX
8518;XXXX;PPP;FADFBA;XXX;XX
8519;XXXX;QQQ;FDSBSDF;XXX;XX
8520;XXXX;XXX;DFGN;XXX;XX
8522;XXXX;YYY;SNBGS;XXX;XX
8525;XXXX;KKK;XXX;XXX;XX
8528;XXXX;ÑÑÑ;FADFBA;XXX;XX
8529;XXXX;PPP;FDSBSDF;XXX;XX
8530;XXXX;QQQ;DFGN;XXX;XX
8531;XXXX;XXX;SNBGS;XXX;XX
8532;XXXX;YYY;XXX;XXX;XX
8533;XXXX;KKK;FADFBA;XXX;XX
8535;XXXX;ÑÑÑ;FDSBSDF;XXX;XX
8536;XXXX;PPP;DFGN;XXX;XX
8537;XXXX;QQQ;SNBGS;XXX;XX
9113;XXXX;XXX;XXX;XXX;XX
9114;XXXX;YYY;FADFBA;XXX;XX
9115;XXXX;KKK;FDSBSDF;XXX;XX
9116;XXXX;ÑÑÑ;DFGN;XXX;XX
9117;XXXX;PPP;SNBGS;XXX;XX
9118;XXXX;QQQ;XXX;XXX;XX
9119;XXXX;XXX;FADFBA;XXX;XX
9120;XXXX;YYY;FDSBSDF;XXX;XX
9121;XXXX;KKK;DFGN;XXX;XX
9122;XXXX;ÑÑÑ;SNBGS;XXX;XX
9123;XXXX;PPP;XXX;XXX;XX
9125;XXXX;QQQ;FADFBA;XXX;XX
9127;XXXX;XXX;FDSBSDF;XXX;XX
9128;XXXX;YYY;DFGN;XXX;XX
9129;XXXX;KKK;SNBGS;XXX;XX
9130;XXXX;ÑÑÑ;XXX;XXX;XX
9131;XXXX;PPP;FADFBA;XXX;XX
9133;XXXX;QQQ;FDSBSDF;XXX;XX
9134;XXXX;XXX;DFGN;XXX;XX
9135;XXXX;YYY;SNBGS;XXX;XX
9136;XXXX;KKK;XXX;XXX;XX
9137;XXXX;ÑÑÑ;FADFBA;XXX;XX
9139;XXXX;PPP;FDSBSDF;XXX;XX
9140;XXXX;QQQ;DFGN;XXX;XX
9141;XXXX;XXX;SNBGS;XXX;XX
9142;XXXX;YYY;XXX;XXX;XX
9143;XXXX;KKK;FADFBA;XXX;XX
9144;XXXX;ÑÑÑ;FDSBSDF;XXX;XX
9145;XXXX;PPP;DFGN;XXX;XX
9146;XXXX;QQQ;SNBGS;XXX;XX
9147;XXXX;XXX;XXX;XXX;XX
9148;XXXX;YYY;FADFBA;XXX;XX
9149;XXXX;KKK;FDSBSDF;XXX;XX
9150;XXXX;ÑÑÑ;DFGN;XXX;XX
9152;XXXX;PPP;SNBGS;XXX;XX
9154;XXXX;QQQ;XXX;XXX;XX
9155;XXXX;XXX;FADFBA;XXX;XX
9156;XXXX;YYY;FDSBSDF;XXX;XX
9157;XXXX;KKK;DFGN;XXX;XX
9158;XXXX;ÑÑÑ;SNBGS;XXX;XX
9159;XXXX;PPP;XXX;XXX;XX
9160;XXXX;QQQ;FADFBA;XXX;XX
9161;XXXX;XXX;FDSBSDF;XXX;XX
9162;XXXX;YYY;DFGN;XXX;XX
9163;XXXX;KKK;SNBGS;XXX;XX
9164;XXXX;ÑÑÑ;XXX;XXX;XX
9166;XXXX;PPP;FADFBA;XXX;XX
9167;XXXX;QQQ;FDSBSDF;XXX;XX
9168;XXXX;XXX;DFGN;XXX;XX
9169;XXXX;YYY;SNBGS;XXX;XX
9170;XXXX;KKK;XXX;XXX;XX
9171;XXXX;ÑÑÑ;FADFBA;XXX;XX
9172;XXXX;PPP;FDSBSDF;XXX;XX
9173;XXXX;QQQ;DFGN;XXX;XX
9174;XXXX;XXX;SNBGS;XXX;XX
9176;XXXX;YYY;XXX;XXX;XX
9177;XXXX;KKK;FADFBA;XXX;XX
9178;XXXX;ÑÑÑ;FDSBSDF;XXX;XX
9179;XXXX;PPP;DFGN;XXX;XX
9181;XXXX;QQQ;SNBGS;XXX;XX
9182;XXXX;XXX;XXX;XXX;XX
9184;XXXX;YYY;FADFBA;XXX;XX
9186;XXXX;KKK;FDSBSDF;XXX;XX
9187;XXXX;ÑÑÑ;DFGN;XXX;XX
9188;XXXX;PPP;SNBGS;XXX;XX
9189;XXXX;QQQ;XXX;XXX;XX
9190;XXXX;XXX;FADFBA;XXX;XX
9191;XXXX;YYY;FDSBSDF;XXX;XX
9192;XXXX;KKK;DFGN;XXX;XX
9193;XXXX;ÑÑÑ;SNBGS;XXX;XX
9194;XXXX;PPP;XXX;XXX;XX
9195;XXXX;QQQ;FADFBA;XXX;XX
9196;XXXX;XXX;FDSBSDF;XXX;XX
9197;XXXX;YYY;DFGN;XXX;XX
9198;XXXX;KKK;SNBGS;XXX;XX
9199;XXXX;ÑÑÑ;XXX;XXX;XX
9200;XXXX;PPP;FADFBA;XXX;XX
9201;XXXX;QQQ;FDSBSDF;XXX;XX
9202;XXXX;XXX;DFGN;XXX;XX
9203;XXXX;YYY;SNBGS;XXX;XX
9204;XXXX;KKK;XXX;XXX;XX
9206;XXXX;ÑÑÑ;FADFBA;XXX;XX
9207;XXXX;PPP;FDSBSDF;XXX;XX
9209;XXXX;QQQ;DFGN;XXX;XX
9212;XXXX;XXX;SNBGS;XXX;XX
9213;XXXX;YYY;XXX;XXX;XX
9214;XXXX;KKK;FADFBA;XXX;XX
9215;XXXX;ÑÑÑ;FDSBSDF;XXX;XX
9216;XXXX;PPP;DFGN;XXX;XX
9217;XXXX;QQQ;SNBGS;XXX;XX
9218;XXXX;XXX;XXX;XXX;XX
9219;XXXX;YYY;FADFBA;XXX;XX
9220;XXXX;KKK;FDSBSDF;XXX;XX
9221;XXXX;ÑÑÑ;DFGN;XXX;XX
9222;XXXX;PPP;SNBGS;XXX;XX
9223;XXXX;QQQ;XXX;XXX;XX
9224;XXXX;XXX;FADFBA;XXX;XX
9225;XXXX;YYY;FDSBSDF;XXX;XX
9226;XXXX;KKK;DFGN;XXX;XX
9228;XXXX;ÑÑÑ;SNBGS;XXX;XX
9229;XXXX;PPP;XXX;XXX;XX
9231;XXXX;QQQ;FADFBA;XXX;XX
9233;XXXX;XXX;FDSBSDF;XXX;XX
9234;XXXX;YYY;DFGN;XXX;XX
9236;XXXX;KKK;SNBGS;XXX;XX
9238;XXXX;ÑÑÑ;XXX;XXX;XX
9239;XXXX;PPP;FADFBA;XXX;XX
9241;XXXX;QQQ;FDSBSDF;XXX;XX
9242;XXXX;XXX;DFGN;XXX;XX
9243;XXXX;YYY;SNBGS;XXX;XX
9244;XXXX;KKK;XXX;XXX;XX
9246;XXXX;ÑÑÑ;FADFBA;XXX;XX
9247;XXXX;PPP;FDSBSDF;XXX;XX
9249;XXXX;QQQ;DFGN;XXX;XX
9251;XXXX;XXX;SNBGS;XXX;XX
9252;XXXX;YYY;XXX;XXX;XX
9254;XXXX;KKK;FADFBA;XXX;XX
9255;XXXX;ÑÑÑ;FDSBSDF;XXX;XX
9256;XXXX;PPP;DFGN;XXX;XX
9257;XXXX;QQQ;SNBGS;XXX;XX
9258;XXXX;XXX;XXX;XXX;XX
9260;XXXX;YYY;FADFBA;XXX;XX
9261;XXXX;KKK;FDSBSDF;XXX;XX
9262;XXXX;ÑÑÑ;DFGN;XXX;XX
9263;XXXX;PPP;SNBGS;XXX;XX
9265;XXXX;QQQ;XXX;XXX;XX
9267;XXXX;XXX;FADFBA;XXX;XX
9269;XXXX;YYY;FDSBSDF;XXX;XX
9270;XXXX;KKK;DFGN;XXX;XX
9271;XXXX;ÑÑÑ;SNBGS;XXX;XX
9273;XXXX;PPP;XXX;XXX;XX
9274;XXXX;QQQ;FADFBA;XXX;XX
9275;XXXX;XXX;FDSBSDF;XXX;XX
9276;XXXX;YYY;DFGN;XXX;XX
9279;XXXX;KKK;SNBGS;XXX;XX
9280;XXXX;ÑÑÑ;XXX;XXX;XX
9281;XXXX;PPP;FADFBA;XXX;XX
9282;XXXX;QQQ;FDSBSDF;XXX;XX
9283;XXXX;XXX;DFGN;XXX;XX
9284;XXXX;YYY;SNBGS;XXX;XX
9285;XXXX;KKK;XXX;XXX;XX
9287;XXXX;ÑÑÑ;FADFBA;XXX;XX
9289;XXXX;PPP;FDSBSDF;XXX;XX
9290;XXXX;QQQ;DFGN;XXX;XX
9291;XXXX;XXX;SNBGS;XXX;XX
9292;XXXX;YYY;XXX;XXX;XX
9293;XXXX;KKK;FADFBA;XXX;XX
9294;XXXX;ÑÑÑ;FDSBSDF;XXX;XX
9296;XXXX;PPP;DFGN;XXX;XX
9297;XXXX;QQQ;SNBGS;XXX;XX
9299;XXXX;XXX;XXX;XXX;XX
9300;XXXX;YYY;FADFBA;XXX;XX
9301;XXXX;KKK;FDSBSDF;XXX;XX
9302;XXXX;ÑÑÑ;DFGN;XXX;XX
9303;XXXX;PPP;SNBGS;XXX;XX
9304;XXXX;QQQ;XXX;XXX;XX
9305;XXXX;XXX;FADFBA;XXX;XX
9306;XXXX;YYY;FDSBSDF;XXX;XX
9307;XXXX;KKK;DFGN;XXX;XX
9309;XXXX;ÑÑÑ;SNBGS;XXX;XX
9310;XXXX;PPP;XXX;XXX;XX
9312;XXXX;QQQ;FADFBA;XXX;XX
9314;XXXX;XXX;FDSBSDF;XXX;XX
9315;XXXX;YYY;DFGN;XXX;XX
9316;XXXX;KKK;SNBGS;XXX;XX
9317;XXXX;ÑÑÑ;XXX;XXX;XX
9318;XXXX;PPP;FADFBA;XXX;XX
9319;XXXX;QQQ;FDSBSDF;XXX;XX
9320;XXXX;XXX;DFGN;XXX;XX
9321;XXXX;YYY;SNBGS;XXX;XX
9322;XXXX;KKK;XXX;XXX;XX
9323;XXXX;ÑÑÑ;FADFBA;XXX;XX
9324;XXXX;PPP;FDSBSDF;XXX;XX
9325;XXXX;QQQ;DFGN;XXX;XX
9326;XXXX;XXX;SNBGS;XXX;XX
9327;XXXX;YYY;XXX;XXX;XX
9328;XXXX;KKK;FADFBA;XXX;XX
9329;XXXX;ÑÑÑ;FDSBSDF;XXX;XX
9330;XXXX;PPP;DFGN;XXX;XX
9331;XXXX;QQQ;SNBGS;XXX;XX
9332;XXXX;XXX;XXX;XXX;XX
9333;XXXX;YYY;FADFBA;XXX;XX
9334;XXXX;KKK;FDSBSDF;XXX;XX
9335;XXXX;ÑÑÑ;DFGN;XXX;XX
9336;XXXX;PPP;SNBGS;XXX;XX
9337;XXXX;QQQ;XXX;XXX;XX
9339;XXXX;XXX;FADFBA;XXX;XX
9340;XXXX;YYY;FDSBSDF;XXX;XX
9344;XXXX;KKK;DFGN;XXX;XX
9345;XXXX;ÑÑÑ;SNBGS;XXX;XX
9346;XXXX;PPP;XXX;XXX;XX
9347;XXXX;QQQ;FADFBA;XXX;XX
9348;XXXX;XXX;FDSBSDF;XXX;XX
9349;XXXX;YYY;DFGN;XXX;XX
9350;XXXX;KKK;SNBGS;XXX;XX
9351;XXXX;ÑÑÑ;XXX;XXX;XX
9352;XXXX;PPP;FADFBA;XXX;XX
9353;XXXX;QQQ;FDSBSDF;XXX;XX
9354;XXXX;XXX;DFGN;XXX;XX
9355;XXXX;YYY;SNBGS;XXX;XX
9357;XXXX;KKK;XXX;XXX;XX
9359;XXXX;ÑÑÑ;FADFBA;XXX;XX
9360;XXXX;PPP;FDSBSDF;XXX;XX
9361;XXXX;QQQ;DFGN;XXX;XX
9362;XXXX;XXX;SNBGS;XXX;XX
9365;XXXX;YYY;XXX;XXX;XX
9366;XXXX;KKK;FADFBA;XXX;XX
9367;XXXX;ÑÑÑ;FDSBSDF;XXX;XX
9368;XXXX;PPP;DFGN;XXX;XX
9369;XXXX;QQQ;SNBGS;XXX;XX
9370;XXXX;XXX;XXX;XXX;XX
9371;XXXX;YYY;FADFBA;XXX;XX
9372;XXXX;KKK;FDSBSDF;XXX;XX
9373;XXXX;ÑÑÑ;DFGN;XXX;XX
9375;XXXX;PPP;SNBGS;XXX;XX
9376;XXXX;QQQ;XXX;XXX;XX
9378;XXXX;XXX;FADFBA;XXX;XX
9381;XXXX;YYY;FDSBSDF;XXX;XX
9382;XXXX;KKK;DFGN;XXX;XX
9383;XXXX;ÑÑÑ;SNBGS;XXX;XX
9385;XXXX;PPP;XXX;XXX;XX
9389;XXXX;QQQ;FADFBA;XXX;XX
9390;XXXX;XXX;FDSBSDF;XXX;XX
9391;XXXX;YYY;DFGN;XXX;XX
9392;XXXX;KKK;SNBGS;XXX;XX
9393;XXXX;ÑÑÑ;XXX;XXX;XX
9394;XXXX;PPP;FADFBA;XXX;XX
9395;XXXX;QQQ;FDSBSDF;XXX;XX
9396;XXXX;XXX;DFGN;XXX;XX
9397;XXXX;YYY;SNBGS;XXX;XX
9398;XXXX;KKK;XXX;XXX;XX
9400;XXXX;ÑÑÑ;FADFBA;XXX;XX
9401;XXXX;PPP;FDSBSDF;XXX;XX
9402;XXXX;QQQ;DFGN;XXX;XX
9403;XXXX;XXX;SNBGS;XXX;XX
9404;XXXX;YYY;XXX;XXX;XX
9405;XXXX;KKK;FADFBA;XXX;XX
9406;XXXX;ÑÑÑ;FDSBSDF;XXX;XX
9408;XXXX;PPP;DFGN;XXX;XX
9409;XXXX;QQQ;SNBGS;XXX;XX
9410;XXXX;XXX;XXX;XXX;XX
9411;XXXX;YYY;FADFBA;XXX;XX
9412;XXXX;KKK;FDSBSDF;XXX;XX
9414;XXXX;ÑÑÑ;DFGN;XXX;XX
9416;XXXX;PPP;SNBGS;XXX;XX
9417;XXXX;QQQ;XXX;XXX;XX
9419;XXXX;XXX;FADFBA;XXX;XX
9422;XXXX;YYY;FDSBSDF;XXX;XX
9423;XXXX;KKK;DFGN;XXX;XX
9424;XXXX;ÑÑÑ;SNBGS;XXX;XX
9425;XXXX;PPP;XXX;XXX;XX
9426;XXXX;QQQ;FADFBA;XXX;XX
9427;XXXX;XXX;FDSBSDF;XXX;XX
9428;XXXX;YYY;DFGN;XXX;XX
9429;XXXX;KKK;SNBGS;XXX;XX
9430;XXXX;ÑÑÑ;XXX;XXX;XX
9431;XXXX;PPP;FADFBA;XXX;XX
9432;XXXX;QQQ;FDSBSDF;XXX;XX
9433;XXXX;XXX;DFGN;XXX;XX
9434;XXXX;YYY;SNBGS;XXX;XX
9435;XXXX;KKK;XXX;XXX;XX
9436;XXXX;ÑÑÑ;FADFBA;XXX;XX
9437;XXXX;PPP;FDSBSDF;XXX;XX
9438;XXXX;QQQ;DFGN;XXX;XX
9439;XXXX;XXX;SNBGS;XXX;XX
9440;XXXX;YYY;XXX;XXX;XX
9441;XXXX;KKK;FADFBA;XXX;XX
9442;XXXX;ÑÑÑ;FDSBSDF;XXX;XX
9443;XXXX;PPP;DFGN;XXX;XX
9444;XXXX;QQQ;SNBGS;XXX;XX
9445;XXXX;XXX;XXX;XXX;XX
9446;XXXX;YYY;FADFBA;XXX;XX
9447;XXXX;KKK;FDSBSDF;XXX;XX
9449;XXXX;ÑÑÑ;DFGN;XXX;XX
9450;XXXX;PPP;SNBGS;XXX;XX
9451;XXXX;QQQ;XXX;XXX;XX
9452;XXXX;XXX;FADFBA;XXX;XX
9453;XXXX;YYY;FDSBSDF;XXX;XX
9454;XXXX;KKK;DFGN;XXX;XX
9458;XXXX;ÑÑÑ;SNBGS;XXX;XX
9459;XXXX;PPP;XXX;XXX;XX
9460;XXXX;QQQ;FADFBA;XXX;XX
9461;XXXX;XXX;FDSBSDF;XXX;XX
9462;XXXX;YYY;DFGN;XXX;XX
9463;XXXX;KKK;SNBGS;XXX;XX
9464;XXXX;ÑÑÑ;XXX;XXX;XX
9465;XXXX;PPP;FADFBA;XXX;XX
9467;XXXX;QQQ;FDSBSDF;XXX;XX
9470;XXXX;XXX;DFGN;XXX;XX
9471;XXXX;YYY;SNBGS;XXX;XX
9472;XXXX;KKK;XXX;XXX;XX
9473;XXXX;ÑÑÑ;FADFBA;XXX;XX
9474;XXXX;PPP;FDSBSDF;XXX;XX
9475;XXXX;QQQ;DFGN;XXX;XX
9476;XXXX;XXX;SNBGS;XXX;XX
9478;XXXX;YYY;XXX;XXX;XX
9479;XXXX;KKK;FADFBA;XXX;XX
9480;XXXX;ÑÑÑ;FDSBSDF;XXX;XX
9481;XXXX;PPP;DFGN;XXX;XX
9482;XXXX;QQQ;SNBGS;XXX;XX
9483;XXXX;XXX;XXX;XXX;XX
9484;XXXX;YYY;FADFBA;XXX;XX
9485;XXXX;KKK;FDSBSDF;XXX;XX
9488;XXXX;ÑÑÑ;DFGN;XXX;XX
9490;XXXX;PPP;SNBGS;XXX;XX
9497;XXXX;QQQ;XXX;XXX;XX
9498;XXXX;XXX;FADFBA;XXX;XX
9499;XXXX;YYY;FDSBSDF;XXX;XX
9501;XXXX;KKK;DFGN;XXX;XX
9502;XXXX;ÑÑÑ;SNBGS;XXX;XX
9504;XXXX;PPP;XXX;XXX;XX
9505;XXXX;QQQ;FADFBA;XXX;XX
9506;XXXX;XXX;FDSBSDF;XXX;XX
9507;XXXX;YYY;DFGN;XXX;XX
9508;XXXX;KKK;SNBGS;XXX;XX
9511;XXXX;ÑÑÑ;XXX;XXX;XX
9515;XXXX;PPP;FADFBA;XXX;XX
9517;XXXX;QQQ;FDSBSDF;XXX;XX
9519;XXXX;XXX;DFGN;XXX;XX
9520;XXXX;YYY;SNBGS;XXX;XX
9521;XXXX;KKK;XXX;XXX;XX
9522;XXXX;ÑÑÑ;FADFBA;XXX;XX
9523;XXXX;PPP;FDSBSDF;XXX;XX
9524;XXXX;QQQ;DFGN;XXX;XX
9525;XXXX;XXX;SNBGS;XXX;XX
9526;XXXX;YYY;XXX;XXX;XX
9527;XXXX;KKK;FADFBA;XXX;XX
9528;XXXX;ÑÑÑ;FDSBSDF;XXX;XX
9530;XXXX;PPP;DFGN;XXX;XX
9532;XXXX;QQQ;SNBGS;XXX;XX
9533;XXXX;XXX;XXX;XXX;XX
9535;XXXX;YYY;FADFBA;XXX;XX
9536;XXXX;KKK;FDSBSDF;XXX;XX
9537;XXXX;ÑÑÑ;DFGN;XXX;XX
9539;XXXX;PPP;SNBGS;XXX;XX
9541;XXXX;QQQ;XXX;XXX;XX
9542;XXXX;XXX;FADFBA;XXX;XX
9543;XXXX;YYY;FDSBSDF;XXX;XX
9544;XXXX;KKK;DFGN;XXX;XX
9545;XXXX;ÑÑÑ;SNBGS;XXX;XX
9547;XXXX;PPP;XXX;XXX;XX
9549;XXXX;QQQ;FADFBA;XXX;XX
9550;XXXX;XXX;FDSBSDF;XXX;XX
9551;XXXX;YYY;DFGN;XXX;XX
9552;XXXX;KKK;SNBGS;XXX;XX
9554;XXXX;ÑÑÑ;XXX;XXX;XX
9557;XXXX;PPP;FADFBA;XXX;XX
9558;XXXX;QQQ;FDSBSDF;XXX;XX
9559;XXXX;XXX;DFGN;XXX;XX
9560;XXXX;YYY;SNBGS;XXX;XX
9563;XXXX;KKK;XXX;XXX;XX
9565;XXXX;ÑÑÑ;FADFBA;XXX;XX
9567;XXXX;PPP;FDSBSDF;XXX;XX
9569;XXXX;QQQ;DFGN;XXX;XX
9570;XXXX;XXX;SNBGS;XXX;XX
9571;XXXX;YYY;XXX;XXX;XX
9572;XXXX;KKK;FADFBA;XXX;XX
9573;XXXX;ÑÑÑ;FDSBSDF;XXX;XX
9574;XXXX;PPP;DFGN;XXX;XX
9575;XXXX;QQQ;SNBGS;XXX;XX
9576;XXXX;XXX;XXX;XXX;XX
9577;XXXX;YYY;FADFBA;XXX;XX
9579;XXXX;KKK;FDSBSDF;XXX;XX
9580;XXXX;ÑÑÑ;DFGN;XXX;XX
9584;XXXX;PPP;SNBGS;XXX;XX
9585;XXXX;QQQ;XXX;XXX;XX
9586;XXXX;XXX;FADFBA;XXX;XX
9587;XXXX;YYY;FDSBSDF;XXX;XX
9588;XXXX;KKK;DFGN;XXX;XX
9589;XXXX;ÑÑÑ;SNBGS;XXX;XX
9590;XXXX;PPP;XXX;XXX;XX
9591;XXXX;QQQ;FADFBA;XXX;XX
9593;XXXX;XXX;FDSBSDF;XXX;XX
9596;XXXX;YYY;DFGN;XXX;XX
9597;XXXX;KKK;SNBGS;XXX;XX
9599;XXXX;ÑÑÑ;XXX;XXX;XX
9602;XXXX;PPP;FADFBA;XXX;XX
9603;XXXX;QQQ;FDSBSDF;XXX;XX
9604;XXXX;XXX;DFGN;XXX;XX
9606;XXXX;YYY;SNBGS;XXX;XX
9607;XXXX;KKK;XXX;XXX;XX
9608;XXXX;ÑÑÑ;FADFBA;XXX;XX
9611;XXXX;PPP;FDSBSDF;XXX;XX
9613;XXXX;QQQ;DFGN;XXX;XX
9614;XXXX;XXX;SNBGS;XXX;XX
9615;XXXX;YYY;XXX;XXX;XX
9617;XXXX;KKK;FADFBA;XXX;XX
9618;XXXX;ÑÑÑ;FDSBSDF;XXX;XX
9619;XXXX;PPP;DFGN;XXX;XX
9622;XXXX;QQQ;SNBGS;XXX;XX
9623;XXXX;XXX;XXX;XXX;XX
9625;XXXX;YYY;FADFBA;XXX;XX
9626;XXXX;KKK;FDSBSDF;XXX;XX
9628;XXXX;ÑÑÑ;DFGN;XXX;XX
9629;XXXX;PPP;SNBGS;XXX;XX
9630;XXXX;QQQ;XXX;XXX;XX
9631;XXXX;XXX;FADFBA;XXX;XX
9632;XXXX;YYY;FDSBSDF;XXX;XX
9633;XXXX;KKK;DFGN;XXX;XX
9637;XXXX;ÑÑÑ;SNBGS;XXX;XX
9641;XXXX;PPP;XXX;XXX;XX
9644;XXXX;QQQ;FADFBA;XXX;XX
9645;XXXX;XXX;FDSBSDF;XXX;XX
9647;XXXX;YYY;DFGN;XXX;XX
9652;XXXX;KKK;SNBGS;XXX;XX
9653;XXXX;ÑÑÑ;XXX;XXX;XX
9654;XXXX;PPP;FADFBA;XXX;XX
9655;XXXX;QQQ;FDSBSDF;XXX;XX
9657;XXXX;XXX;DFGN;XXX;XX
9660;XXXX;YYY;SNBGS;XXX;XX
9661;XXXX;KKK;XXX;XXX;XX
9669;XXXX;ÑÑÑ;FADFBA;XXX;XX
9670;XXXX;PPP;FDSBSDF;XXX;XX
9672;XXXX;QQQ;DFGN;XXX;XX
9674;XXXX;XXX;SNBGS;XXX;XX
9675;XXXX;YYY;XXX;XXX;XX
9676;XXXX;KKK;FADFBA;XXX;XX
9677;XXXX;ÑÑÑ;FDSBSDF;XXX;XX
9678;XXXX;PPP;DFGN;XXX;XX
9679;XXXX;QQQ;SNBGS;XXX;XX
9680;XXXX;XXX;XXX;XXX;XX
9681;XXXX;YYY;FADFBA;XXX;XX
9682;XXXX;KKK;FDSBSDF;XXX;XX
9683;XXXX;ÑÑÑ;DFGN;XXX;XX
9684;XXXX;PPP;SNBGS;XXX;XX
9685;XXXX;QQQ;XXX;XXX;XX
9686;XXXX;XXX;FADFBA;XXX;XX
9687;XXXX;YYY;FDSBSDF;XXX;XX
9688;XXXX;KKK;DFGN;XXX;XX
9689;XXXX;ÑÑÑ;SNBGS;XXX;XX
9690;XXXX;PPP;XXX;XXX;XX
9691;XXXX;QQQ;FADFBA;XXX;XX
9692;XXXX;XXX;FDSBSDF;XXX;XX
9693;XXXX;YYY;DFGN;XXX;XX
9694;XXXX;KKK;SNBGS;XXX;XX
9695;XXXX;ÑÑÑ;XXX;XXX;XX
9696;XXXX;PPP;FADFBA;XXX;XX
9697;XXXX;QQQ;FDSBSDF;XXX;XX
9698;XXXX;XXX;DFGN;XXX;XX
9699;XXXX;YYY;SNBGS;XXX;XX
9700;XXXX;KKK;XXX;XXX;XX
9701;XXXX;ÑÑÑ;FADFBA;XXX;XX
9702;XXXX;PPP;FDSBSDF;XXX;XX
9703;XXXX;QQQ;DFGN;XXX;XX
9704;XXXX;XXX;SNBGS;XXX;XX
9705;XXXX;YYY;XXX;XXX;XX
9706;XXXX;KKK;FADFBA;XXX;XX
9707;XXXX;ÑÑÑ;FDSBSDF;XXX;XX
9708;XXXX;PPP;DFGN;XXX;XX
9709;XXXX;QQQ;SNBGS;XXX;XX
9710;XXXX;XXX;XXX;XXX;XX
9711;XXXX;YYY;FADFBA;XXX;XX
9712;XXXX;KKK;FDSBSDF;XXX;XX
9714;XXXX;ÑÑÑ;DFGN;XXX;XX
9715;XXXX;PPP;SNBGS;XXX;XX
9716;XXXX;QQQ;XXX;XXX;XX
9717;XXXX;XXX;FADFBA;XXX;XX
9718;XXXX;YYY;FDSBSDF;XXX;XX
9719;XXXX;KKK;DFGN;XXX;XX
9720;XXXX;ÑÑÑ;SNBGS;XXX;XX
9721;XXXX;PPP;XXX;XXX;XX
9722;XXXX;QQQ;FADFBA;XXX;XX
9723;XXXX;XXX;FDSBSDF;XXX;XX
9724;XXXX;YYY;DFGN;XXX;XX
9725;XXXX;KKK;SNBGS;XXX;XX
9726;XXXX;ÑÑÑ;XXX;XXX;XX
9727;XXXX;PPP;FADFBA;XXX;XX
9728;XXXX;QQQ;FDSBSDF;XXX;XX
9729;XXXX;XXX;DFGN;XXX;XX
9730;XXXX;YYY;SNBGS;XXX;XX
9731;XXXX;KKK;XXX;XXX;XX
9732;XXXX;ÑÑÑ;FADFBA;XXX;XX
9733;XXXX;PPP;FDSBSDF;XXX;XX
9734;XXXX;QQQ;DFGN;XXX;XX
9735;XXXX;XXX;SNBGS;XXX;XX
9736;XXXX;YYY;XXX;XXX;XX
9737;XXXX;KKK;FADFBA;XXX;XX
9738;XXXX;ÑÑÑ;FDSBSDF;XXX;XX
9739;XXXX;PPP;DFGN;XXX;XX
9740;XXXX;QQQ;SNBGS;XXX;XX
9741;XXXX;XXX;XXX;XXX;XX
9742;XXXX;YYY;FADFBA;XXX;XX
9743;XXXX;KKK;FDSBSDF;XXX;XX
9744;XXXX;ÑÑÑ;DFGN;XXX;XX
9745;XXXX;PPP;SNBGS;XXX;XX
9746;XXXX;QQQ;XXX;XXX;XX
9747;XXXX;XXX;FADFBA;XXX;XX
9748;XXXX;YYY;FDSBSDF;XXX;XX
9749;XXXX;KKK;DFGN;XXX;XX
9750;XXXX;ÑÑÑ;SNBGS;XXX;XX
9751;XXXX;PPP;XXX;XXX;XX
9752;XXXX;QQQ;FADFBA;XXX;XX
9753;XXXX;XXX;FDSBSDF;XXX;XX
9754;XXXX;YYY;DFGN;XXX;XX
9755;XXXX;KKK;SNBGS;XXX;XX
9756;XXXX;ÑÑÑ;XXX;XXX;XX
9757;XXXX;PPP;FADFBA;XXX;XX
9758;XXXX;QQQ;FDSBSDF;XXX;XX
9759;XXXX;XXX;DFGN;XXX;XX
9761;XXXX;YYY;SNBGS;XXX;XX
9762;XXXX;KKK;XXX;XXX;XX
9763;XXXX;ÑÑÑ;FADFBA;XXX;XX
9765;XXXX;PPP;FDSBSDF;XXX;XX
9767;XXXX;QQQ;DFGN;XXX;XX
9768;XXXX;XXX;SNBGS;XXX;XX
9769;XXXX;YYY;XXX;XXX;XX
9770;XXXX;KKK;FADFBA;XXX;XX
9771;XXXX;ÑÑÑ;FDSBSDF;XXX;XX
9773;XXXX;PPP;DFGN;XXX;XX
9774;XXXX;QQQ;SNBGS;XXX;XX
9775;XXXX;XXX;XXX;XXX;XX
9776;XXXX;YYY;FADFBA;XXX;XX
9777;XXXX;KKK;FDSBSDF;XXX;XX
9778;XXXX;ÑÑÑ;DFGN;XXX;XX
9779;XXXX;PPP;SNBGS;XXX;XX
9780;XXXX;QQQ;XXX;XXX;XX
9782;XXXX;XXX;FADFBA;XXX;XX
9784;XXXX;YYY;FDSBSDF;XXX;XX
9785;XXXX;KKK;DFGN;XXX;XX
9786;XXXX;ÑÑÑ;SNBGS;XXX;XX
9787;XXXX;PPP;XXX;XXX;XX
9788;XXXX;QQQ;FADFBA;XXX;XX
9789;XXXX;XXX;FDSBSDF;XXX;XX
9790;XXXX;YYY;DFGN;XXX;XX
9791;XXXX;KKK;SNBGS;XXX;XX
9792;XXXX;ÑÑÑ;XXX;XXX;XX
9793;XXXX;PPP;FADFBA;XXX;XX
9794;XXXX;QQQ;FDSBSDF;XXX;XX
9795;XXXX;XXX;DFGN;XXX;XX
9796;XXXX;YYY;SNBGS;XXX;XX
9797;XXXX;KKK;XXX;XXX;XX
9798;XXXX;ÑÑÑ;FADFBA;XXX;XX
9799;XXXX;PPP;FDSBSDF;XXX;XX
9800;XXXX;QQQ;DFGN;XXX;XX
9803;XXXX;XXX;SNBGS;XXX;XX
9804;XXXX;YYY;XXX;XXX;XX
9805;XXXX;KKK;FADFBA;XXX;XX
9806;XXXX;ÑÑÑ;FDSBSDF;XXX;XX
9807;XXXX;PPP;DFGN;XXX;XX
9808;XXXX;QQQ;SNBGS;XXX;XX
9809;XXXX;XXX;XXX;XXX;XX
9810;XXXX;YYY;FADFBA;XXX;XX
9812;XXXX;KKK;FDSBSDF;XXX;XX
9813;XXXX;ÑÑÑ;DFGN;XXX;XX
9815;XXXX;PPP;SNBGS;XXX;XX
9816;XXXX;QQQ;XXX;XXX;XX
9817;XXXX;XXX;FADFBA;XXX;XX
9818;XXXX;YYY;FDSBSDF;XXX;XX
9819;XXXX;KKK;DFGN;XXX;XX
9820;XXXX;ÑÑÑ;SNBGS;XXX;XX
9822;XXXX;PPP;XXX;XXX;XX
9823;XXXX;QQQ;FADFBA;XXX;XX
9824;XXXX;XXX;FDSBSDF;XXX;XX
9825;XXXX;YYY;DFGN;XXX;XX
9826;XXXX;KKK;SNBGS;XXX;XX
9829;XXXX;ÑÑÑ;XXX;XXX;XX
9830;XXXX;PPP;FADFBA;XXX;XX
9831;XXXX;QQQ;FDSBSDF;XXX;XX
9832;XXXX;XXX;DFGN;XXX;XX
9833;XXXX;YYY;SNBGS;XXX;XX
9834;XXXX;KKK;XXX;XXX;XX
9835;XXXX;ÑÑÑ;FADFBA;XXX;XX
9836;XXXX;PPP;FDSBSDF;XXX;XX
9837;XXXX;QQQ;DFGN;XXX;XX
9838;XXXX;XXX;SNBGS;XXX;XX
9839;XXXX;YYY;XXX;XXX;XX
9840;XXXX;KKK;FADFBA;XXX;XX
9842;XXXX;ÑÑÑ;FDSBSDF;XXX;XX
9843;XXXX;PPP;DFGN;XXX;XX
9844;XXXX;QQQ;SNBGS;XXX;XX
9845;XXXX;XXX;XXX;XXX;XX
9846;XXXX;YYY;FADFBA;XXX;XX
9847;XXXX;KKK;FDSBSDF;XXX;XX
9849;XXXX;ÑÑÑ;DFGN;XXX;XX
9850;XXXX;PPP;SNBGS;XXX;XX
9852;XXXX;QQQ;XXX;XXX;XX
9854;XXXX;XXX;FADFBA;XXX;XX
9855;XXXX;YYY;FDSBSDF;XXX;XX
9856;XXXX;KKK;DFGN;XXX;XX
9857;XXXX;ÑÑÑ;SNBGS;XXX;XX
9859;XXXX;PPP;XXX;XXX;XX
9860;XXXX;QQQ;FADFBA;XXX;XX
9862;XXXX;XXX;FDSBSDF;XXX;XX
9863;XXXX;YYY;DFGN;XXX;XX
9864;XXXX;KKK;SNBGS;XXX;XX
9865;XXXX;ÑÑÑ;XXX;XXX;XX
9866;XXXX;PPP;FADFBA;XXX;XX
9867;XXXX;QQQ;FDSBSDF;XXX;XX
9868;XXXX;XXX;DFGN;XXX;XX
9869;XXXX;YYY;SNBGS;XXX;XX
9871;XXXX;KKK;XXX;XXX;XX
9872;XXXX;ÑÑÑ;FADFBA;XXX;XX
9873;XXXX;PPP;FDSBSDF;XXX;XX
9875;XXXX;QQQ;DFGN;XXX;XX
9876;XXXX;XXX;SNBGS;XXX;XX
9877;XXXX;YYY;XXX;XXX;XX
9878;XXXX;KKK;FADFBA;XXX;XX
9880;XXXX;ÑÑÑ;FDSBSDF;XXX;XX
9881;XXXX;PPP;DFGN;XXX;XX
9882;XXXX;QQQ;SNBGS;XXX;XX
9883;XXXX;XXX;XXX;XXX;XX
9884;XXXX;YYY;FADFBA;XXX;XX
9885;XXXX;KKK;FDSBSDF;XXX;XX
9886;XXXX;ÑÑÑ;DFGN;XXX;XX
9887;XXXX;PPP;SNBGS;XXX;XX
9888;XXXX;QQQ;XXX;XXX;XX
9889;XXXX;XXX;FADFBA;XXX;XX
9890;XXXX;YYY;FDSBSDF;XXX;XX
9891;XXXX;KKK;DFGN;XXX;XX
9892;XXXX;ÑÑÑ;SNBGS;XXX;XX
9893;XXXX;PPP;XXX;XXX;XX
9894;XXXX;QQQ;FADFBA;XXX;XX
9896;XXXX;XXX;FDSBSDF;XXX;XX
9897;XXXX;YYY;DFGN;XXX;XX
9898;XXXX;KKK;SNBGS;XXX;XX
9899;XXXX;ÑÑÑ;XXX;XXX;XX
9900;XXXX;PPP;FADFBA;XXX;XX
9902;XXXX;QQQ;FDSBSDF;XXX;XX
9904;XXXX;XXX;DFGN;XXX;XX
9905;XXXX;YYY;SNBGS;XXX;XX
9906;XXXX;KKK;XXX;XXX;XX
9908;XXXX;ÑÑÑ;FADFBA;XXX;XX
9909;XXXX;PPP;FDSBSDF;XXX;XX
9910;XXXX;QQQ;DFGN;XXX;XX
9912;XXXX;XXX;SNBGS;XXX;XX
9913;XXXX;YYY;XXX;XXX;XX
9914;XXXX;KKK;FADFBA;XXX;XX
9915;XXXX;ÑÑÑ;FDSBSDF;XXX;XX
9916;XXXX;PPP;DFGN;XXX;XX
9917;XXXX;QQQ;SNBGS;XXX;XX
9918;XXXX;XXX;XXX;XXX;XX
9919;XXXX;YYY;FADFBA;XXX;XX
9923;XXXX;KKK;FDSBSDF;XXX;XX
9924;XXXX;ÑÑÑ;DFGN;XXX;XX
9925;XXXX;PPP;SNBGS;XXX;XX
9927;XXXX;QQQ;XXX;XXX;XX
9928;XXXX;XXX;FADFBA;XXX;XX
9929;XXXX;YYY;FDSBSDF;XXX;XX
9930;XXXX;KKK;DFGN;XXX;XX
9931;XXXX;ÑÑÑ;SNBGS;XXX;XX
9932;XXXX;PPP;XXX;XXX;XX
9933;XXXX;QQQ;FADFBA;XXX;XX
9934;XXXX;XXX;FDSBSDF;XXX;XX
9937;XXXX;YYY;DFGN;XXX;XX
9938;XXXX;KKK;SNBGS;XXX;XX
9939;XXXX;ÑÑÑ;XXX;XXX;XX
9940;XXXX;PPP;FADFBA;XXX;XX
9941;XXXX;QQQ;FDSBSDF;XXX;XX
9942;XXXX;XXX;DFGN;XXX;XX
9943;XXXX;YYY;SNBGS;XXX;XX
9944;XXXX;KKK;XXX;XXX;XX
9945;XXXX;ÑÑÑ;FADFBA;XXX;XX
9946;XXXX;PPP;FDSBSDF;XXX;XX
9948;XXXX;QQQ;DFGN;XXX;XX
9950;XXXX;XXX;SNBGS;XXX;XX
9952;XXXX;YYY;XXX;XXX;XX
9953;XXXX;KKK;FADFBA;XXX;XX
9954;XXXX;ÑÑÑ;FDSBSDF;XXX;XX
9955;XXXX;PPP;DFGN;XXX;XX
9956;XXXX;QQQ;SNBGS;XXX;XX
9958;XXXX;XXX;XXX;XXX;XX
9959;XXXX;YYY;FADFBA;XXX;XX
9960;XXXX;KKK;FDSBSDF;XXX;XX
9962;XXXX;ÑÑÑ;DFGN;XXX;XX
9963;XXXX;PPP;SNBGS;XXX;XX
9964;XXXX;QQQ;XXX;XXX;XX
9965;XXXX;XXX;FADFBA;XXX;XX
9967;XXXX;YYY;FDSBSDF;XXX;XX
9968;XXXX;KKK;DFGN;XXX;XX
9969;XXXX;ÑÑÑ;SNBGS;XXX;XX
9970;XXXX;PPP;XXX;XXX;XX
9971;XXXX;QQQ;FADFBA;XXX;XX
9973;XXXX;XXX;FDSBSDF;XXX;XX
9974;XXXX;YYY;DFGN;XXX;XX
9976;XXXX;KKK;SNBGS;XXX;XX
9977;XXXX;ÑÑÑ;XXX;XXX;XX
9978;XXXX;PPP;FADFBA;XXX;XX
9979;XXXX;QQQ;FDSBSDF;XXX;XX
9980;XXXX;XXX;DFGN;XXX;XX
9981;XXXX;YYY;SNBGS;XXX;XX
9982;XXXX;KKK;XXX;XXX;XX
9983;XXXX;ÑÑÑ;FADFBA;XXX;XX
9984;XXXX;PPP;FDSBSDF;XXX;XX
9985;XXXX;QQQ;DFGN;XXX;XX
9986;XXXX;XXX;SNBGS;XXX;XX
9987;XXXX;YYY;XXX;XXX;XX
9988;XXXX;KKK;FADFBA;XXX;XX
9989;XXXX;ÑÑÑ;FDSBSDF;XXX;XX
9991;XXXX;PPP;DFGN;XXX;XX
9992;XXXX;QQQ;SNBGS;XXX;XX
9993;XXXX;XXX;XXX;XXX;XX
9994;XXXX;YYY;FADFBA;XXX;XX
9995;XXXX;KKK;FDSBSDF;XXX;XX
9996;XXXX;ÑÑÑ;DFGN;XXX;XX
9998;XXXX;PPP;SNBGS;XXX;XX
9999;XXXX;QQQ;XXX;XXX;XX
10000;XXXX;XXX;FADFBA;XXX;XX
10001;XXXX;YYY;FDSBSDF;XXX;XX
10002;XXXX;KKK;DFGN;XXX;XX
10003;XXXX;ÑÑÑ;SNBGS;XXX;XX
10004;XXXX;PPP;XXX;XXX;XX
10005;XXXX;QQQ;FADFBA;XXX;XX
10006;XXXX;XXX;FDSBSDF;XXX;XX
10007;XXXX;YYY;DFGN;XXX;XX
10008;XXXX;KKK;SNBGS;XXX;XX
10009;XXXX;ÑÑÑ;XXX;XXX;XX
10010;XXXX;PPP;FADFBA;XXX;XX
10011;XXXX;QQQ;FDSBSDF;XXX;XX
10012;XXXX;XXX;DFGN;XXX;XX
10013;XXXX;YYY;SNBGS;XXX;XX
10014;XXXX;KKK;XXX;XXX;XX
10015;XXXX;ÑÑÑ;FADFBA;XXX;XX
10016;XXXX;PPP;FDSBSDF;XXX;XX
10017;XXXX;QQQ;DFGN;XXX;XX
10019;XXXX;XXX;SNBGS;XXX;XX
10020;XXXX;YYY;XXX;XXX;XX
10021;XXXX;KKK;FADFBA;XXX;XX
10022;XXXX;ÑÑÑ;FDSBSDF;XXX;XX
10023;XXXX;PPP;DFGN;XXX;XX
10024;XXXX;QQQ;SNBGS;XXX;XX
10025;XXXX;XXX;XXX;XXX;XX
10026;XXXX;YYY;FADFBA;XXX;XX
10027;XXXX;KKK;FDSBSDF;XXX;XX
10028;XXXX;ÑÑÑ;DFGN;XXX;XX
10029;XXXX;PPP;SNBGS;XXX;XX
10031;XXXX;QQQ;XXX;XXX;XX
10032;XXXX;XXX;FADFBA;XXX;XX
10033;XXXX;YYY;FDSBSDF;XXX;XX
10034;XXXX;KKK;DFGN;XXX;XX
10037;XXXX;ÑÑÑ;SNBGS;XXX;XX
10038;XXXX;PPP;XXX;XXX;XX
10039;XXXX;QQQ;FADFBA;XXX;XX
10040;XXXX;XXX;FDSBSDF;XXX;XX
10041;XXXX;YYY;DFGN;XXX;XX
10042;XXXX;KKK;SNBGS;XXX;XX
10043;XXXX;ÑÑÑ;XXX;XXX;XX
10044;XXXX;PPP;FADFBA;XXX;XX
10045;XXXX;QQQ;FDSBSDF;XXX;XX
10046;XXXX;XXX;DFGN;XXX;XX
10048;XXXX;YYY;SNBGS;XXX;XX
10049;XXXX;KKK;XXX;XXX;XX
10050;XXXX;ÑÑÑ;FADFBA;XXX;XX
10051;XXXX;PPP;FDSBSDF;XXX;XX
10052;XXXX;QQQ;DFGN;XXX;XX
10053;XXXX;XXX;SNBGS;XXX;XX
10054;XXXX;YYY;XXX;XXX;XX
10055;XXXX;KKK;FADFBA;XXX;XX
10056;XXXX;ÑÑÑ;FDSBSDF;XXX;XX
10058;XXXX;PPP;DFGN;XXX;XX
10059;XXXX;QQQ;SNBGS;XXX;XX
10060;XXXX;XXX;XXX;XXX;XX
10061;XXXX;YYY;FADFBA;XXX;XX
10062;XXXX;KKK;FDSBSDF;XXX;XX
10063;XXXX;ÑÑÑ;DFGN;XXX;XX
10064;XXXX;PPP;SNBGS;XXX;XX
10065;XXXX;QQQ;XXX;XXX;XX
10066;XXXX;XXX;FADFBA;XXX;XX
10067;XXXX;YYY;FDSBSDF;XXX;XX
10068;XXXX;KKK;DFGN;XXX;XX
10069;XXXX;ÑÑÑ;SNBGS;XXX;XX
10070;XXXX;PPP;XXX;XXX;XX
10072;XXXX;QQQ;FADFBA;XXX;XX
10073;XXXX;XXX;FDSBSDF;XXX;XX
10074;XXXX;YYY;DFGN;XXX;XX
10075;XXXX;KKK;SNBGS;XXX;XX
10076;XXXX;ÑÑÑ;XXX;XXX;XX
10077;XXXX;PPP;FADFBA;XXX;XX
10078;XXXX;QQQ;FDSBSDF;XXX;XX
10080;XXXX;XXX;DFGN;XXX;XX
10081;XXXX;YYY;SNBGS;XXX;XX
10082;XXXX;KKK;XXX;XXX;XX
10083;XXXX;ÑÑÑ;FADFBA;XXX;XX
10084;XXXX;PPP;FDSBSDF;XXX;XX
10085;XXXX;QQQ;DFGN;XXX;XX
10087;XXXX;XXX;SNBGS;XXX;XX
10088;XXXX;YYY;XXX;XXX;XX
10089;XXXX;KKK;FADFBA;XXX;XX
10090;XXXX;ÑÑÑ;FDSBSDF;XXX;XX
10091;XXXX;PPP;DFGN;XXX;XX
10092;XXXX;QQQ;SNBGS;XXX;XX
10093;XXXX;XXX;XXX;XXX;XX
10094;XXXX;YYY;FADFBA;XXX;XX
10095;XXXX;KKK;FDSBSDF;XXX;XX
10096;XXXX;ÑÑÑ;DFGN;XXX;XX
10097;XXXX;PPP;SNBGS;XXX;XX
10098;XXXX;QQQ;XXX;XXX;XX
10099;XXXX;XXX;FADFBA;XXX;XX
10100;XXXX;YYY;FDSBSDF;XXX;XX
10101;XXXX;KKK;DFGN;XXX;XX
10102;XXXX;ÑÑÑ;SNBGS;XXX;XX
10103;XXXX;PPP;XXX;XXX;XX
10104;XXXX;QQQ;FADFBA;XXX;XX
10105;XXXX;XXX;FDSBSDF;XXX;XX
10106;XXXX;YYY;DFGN;XXX;XX
10108;XXXX;KKK;SNBGS;XXX;XX
10110;XXXX;ÑÑÑ;XXX;XXX;XX
10111;XXXX;PPP;FADFBA;XXX;XX
10112;XXXX;QQQ;FDSBSDF;XXX;XX
10115;XXXX;XXX;DFGN;XXX;XX
10116;XXXX;YYY;SNBGS;XXX;XX
10117;XXXX;KKK;XXX;XXX;XX
10118;XXXX;ÑÑÑ;FADFBA;XXX;XX
10119;XXXX;PPP;FDSBSDF;XXX;XX
10122;XXXX;QQQ;DFGN;XXX;XX
10123;XXXX;XXX;SNBGS;XXX;XX
10124;XXXX;YYY;XXX;XXX;XX
10125;XXXX;KKK;FADFBA;XXX;XX
10126;XXXX;ÑÑÑ;FDSBSDF;XXX;XX
10127;XXXX;PPP;DFGN;XXX;XX
10128;XXXX;QQQ;SNBGS;XXX;XX
10129;XXXX;XXX;XXX;XXX;XX
10130;XXXX;YYY;FADFBA;XXX;XX
10132;XXXX;KKK;FDSBSDF;XXX;XX
10133;XXXX;ÑÑÑ;DFGN;XXX;XX
10134;XXXX;PPP;SNBGS;XXX;XX
10135;XXXX;QQQ;XXX;XXX;XX
10136;XXXX;XXX;FADFBA;XXX;XX
10137;XXXX;YYY;FDSBSDF;XXX;XX
10138;XXXX;KKK;DFGN;XXX;XX
10139;XXXX;ÑÑÑ;SNBGS;XXX;XX
10140;XXXX;PPP;XXX;XXX;XX
10142;XXXX;QQQ;FADFBA;XXX;XX
10144;XXXX;XXX;FDSBSDF;XXX;XX
10145;XXXX;YYY;DFGN;XXX;XX
10146;XXXX;KKK;SNBGS;XXX;XX
10148;XXXX;ÑÑÑ;XXX;XXX;XX
10150;XXXX;PPP;FADFBA;XXX;XX
10151;XXXX;QQQ;FDSBSDF;XXX;XX
10152;XXXX;XXX;DFGN;XXX;XX
10153;XXXX;YYY;SNBGS;XXX;XX
10154;XXXX;KKK;XXX;XXX;XX
10155;XXXX;ÑÑÑ;FADFBA;XXX;XX
10156;XXXX;PPP;FDSBSDF;XXX;XX
10157;XXXX;QQQ;DFGN;XXX;XX
10158;XXXX;XXX;SNBGS;XXX;XX
10159;XXXX;YYY;XXX;XXX;XX
10160;XXXX;KKK;FADFBA;XXX;XX
10161;XXXX;ÑÑÑ;FDSBSDF;XXX;XX
10162;XXXX;PPP;DFGN;XXX;XX
10163;XXXX;QQQ;SNBGS;XXX;XX
10164;XXXX;XXX;XXX;XXX;XX
10165;XXXX;YYY;FADFBA;XXX;XX
10166;XXXX;KKK;FDSBSDF;XXX;XX
10167;XXXX;ÑÑÑ;DFGN;XXX;XX
10169;XXXX;PPP;SNBGS;XXX;XX
10171;XXXX;QQQ;XXX;XXX;XX
10172;XXXX;XXX;FADFBA;XXX;XX
10173;XXXX;YYY;FDSBSDF;XXX;XX
10174;XXXX;KKK;DFGN;XXX;XX
10175;XXXX;ÑÑÑ;SNBGS;XXX;XX
10176;XXXX;PPP;XXX;XXX;XX
10177;XXXX;QQQ;FADFBA;XXX;XX
10182;XXXX;XXX;FDSBSDF;XXX;XX
10183;XXXX;YYY;DFGN;XXX;XX
10184;XXXX;KKK;SNBGS;XXX;XX
10185;XXXX;ÑÑÑ;XXX;XXX;XX
10186;XXXX;PPP;FADFBA;XXX;XX
10187;XXXX;QQQ;FDSBSDF;XXX;XX
10188;XXXX;XXX;DFGN;XXX;XX
10189;XXXX;YYY;SNBGS;XXX;XX
10190;XXXX;KKK;XXX;XXX;XX
10193;XXXX;ÑÑÑ;FADFBA;XXX;XX
10194;XXXX;PPP;FDSBSDF;XXX;XX
10195;XXXX;QQQ;DFGN;XXX;XX
10196;XXXX;XXX;SNBGS;XXX;XX
10197;XXXX;YYY;XXX;XXX;XX
10198;XXXX;KKK;FADFBA;XXX;XX
10199;XXXX;ÑÑÑ;FDSBSDF;XXX;XX
10200;XXXX;PPP;DFGN;XXX;XX
10201;XXXX;QQQ;SNBGS;XXX;XX
10202;XXXX;XXX;XXX;XXX;XX
10203;XXXX;YYY;FADFBA;XXX;XX
10204;XXXX;KKK;FDSBSDF;XXX;XX
10205;XXXX;ÑÑÑ;DFGN;XXX;XX
10206;XXXX;PPP;SNBGS;XXX;XX
10207;XXXX;QQQ;XXX;XXX;XX
10208;XXXX;XXX;FADFBA;XXX;XX
10210;XXXX;YYY;FDSBSDF;XXX;XX
10211;XXXX;KKK;DFGN;XXX;XX
10212;XXXX;ÑÑÑ;SNBGS;XXX;XX
10213;XXXX;PPP;XXX;XXX;XX
10215;XXXX;QQQ;FADFBA;XXX;XX
10216;XXXX;XXX;FDSBSDF;XXX;XX
10217;XXXX;YYY;DFGN;XXX;XX
10218;XXXX;KKK;SNBGS;XXX;XX
10219;XXXX;ÑÑÑ;XXX;XXX;XX
10221;XXXX;PPP;FADFBA;XXX;XX
10225;XXXX;QQQ;FDSBSDF;XXX;XX
10226;XXXX;XXX;DFGN;XXX;XX
10227;XXXX;YYY;SNBGS;XXX;XX
10228;XXXX;KKK;XXX;XXX;XX
10230;XXXX;ÑÑÑ;FADFBA;XXX;XX
10231;XXXX;PPP;FDSBSDF;XXX;XX
10232;XXXX;QQQ;DFGN;XXX;XX
10234;XXXX;XXX;SNBGS;XXX;XX
10235;XXXX;YYY;XXX;XXX;XX
10236;XXXX;KKK;FADFBA;XXX;XX
10237;XXXX;ÑÑÑ;FDSBSDF;XXX;XX
10238;XXXX;PPP;DFGN;XXX;XX
10241;XXXX;QQQ;SNBGS;XXX;XX
10242;XXXX;XXX;XXX;XXX;XX
10243;XXXX;YYY;FADFBA;XXX;XX
10244;XXXX;KKK;FDSBSDF;XXX;XX
10246;XXXX;ÑÑÑ;DFGN;XXX;XX
10247;XXXX;PPP;SNBGS;XXX;XX
10248;XXXX;QQQ;XXX;XXX;XX
10249;XXXX;XXX;FADFBA;XXX;XX
10250;XXXX;YYY;FDSBSDF;XXX;XX
10251;XXXX;KKK;DFGN;XXX;XX
10252;XXXX;ÑÑÑ;SNBGS;XXX;XX
10253;XXXX;PPP;XXX;XXX;XX
10254;XXXX;QQQ;FADFBA;XXX;XX
10255;XXXX;XXX;FDSBSDF;XXX;XX
10256;XXXX;YYY;DFGN;XXX;XX
10257;XXXX;KKK;SNBGS;XXX;XX
10258;XXXX;ÑÑÑ;XXX;XXX;XX
10259;XXXX;PPP;FADFBA;XXX;XX
10260;XXXX;QQQ;FDSBSDF;XXX;XX
10261;XXXX;XXX;DFGN;XXX;XX
10262;XXXX;YYY;SNBGS;XXX;XX
10263;XXXX;KKK;XXX;XXX;XX
10265;XXXX;ÑÑÑ;FADFBA;XXX;XX
10266;XXXX;PPP;FDSBSDF;XXX;XX
10267;XXXX;QQQ;DFGN;XXX;XX
10270;XXXX;XXX;SNBGS;XXX;XX
10271;XXXX;YYY;XXX;XXX;XX
10273;XXXX;KKK;FADFBA;XXX;XX
10274;XXXX;ÑÑÑ;FDSBSDF;XXX;XX
10275;XXXX;PPP;DFGN;XXX;XX
10276;XXXX;QQQ;SNBGS;XXX;XX
10277;XXXX;XXX;XXX;XXX;XX
10278;XXXX;YYY;FADFBA;XXX;XX
10279;XXXX;KKK;FDSBSDF;XXX;XX
10281;XXXX;ÑÑÑ;DFGN;XXX;XX
10282;XXXX;PPP;SNBGS;XXX;XX
10283;XXXX;QQQ;XXX;XXX;XX
10284;XXXX;XXX;FADFBA;XXX;XX
10285;XXXX;YYY;FDSBSDF;XXX;XX
10286;XXXX;KKK;DFGN;XXX;XX
10287;XXXX;ÑÑÑ;SNBGS;XXX;XX
10288;XXXX;PPP;XXX;XXX;XX
10289;XXXX;QQQ;FADFBA;XXX;XX
10290;XXXX;XXX;FDSBSDF;XXX;XX
10291;XXXX;YYY;DFGN;XXX;XX
10292;XXXX;KKK;SNBGS;XXX;XX
10294;XXXX;ÑÑÑ;XXX;XXX;XX
10296;XXXX;PPP;FADFBA;XXX;XX
10297;XXXX;QQQ;FDSBSDF;XXX;XX
10299;XXXX;XXX;DFGN;XXX;XX
10301;XXXX;YYY;SNBGS;XXX;XX
10302;XXXX;KKK;XXX;XXX;XX
10304;XXXX;ÑÑÑ;FADFBA;XXX;XX
10305;XXXX;PPP;FDSBSDF;XXX;XX
10306;XXXX;QQQ;DFGN;XXX;XX
10307;XXXX;XXX;SNBGS;XXX;XX
10308;XXXX;YYY;XXX;XXX;XX
10309;XXXX;KKK;FADFBA;XXX;XX
10311;XXXX;ÑÑÑ;FDSBSDF;XXX;XX
10312;XXXX;PPP;DFGN;XXX;XX
10313;XXXX;QQQ;SNBGS;XXX;XX
10315;XXXX;XXX;XXX;XXX;XX
10316;XXXX;YYY;FADFBA;XXX;XX
10318;XXXX;KKK;FDSBSDF;XXX;XX
10319;XXXX;ÑÑÑ;DFGN;XXX;XX
10320;XXXX;PPP;SNBGS;XXX;XX
10321;XXXX;QQQ;XXX;XXX;XX
10322;XXXX;XXX;FADFBA;XXX;XX
10323;XXXX;YYY;FDSBSDF;XXX;XX
10324;XXXX;KKK;DFGN;XXX;XX
10325;XXXX;ÑÑÑ;SNBGS;XXX;XX
10326;XXXX;PPP;XXX;XXX;XX
10327;XXXX;QQQ;FADFBA;XXX;XX
10328;XXXX;XXX;FDSBSDF;XXX;XX
10330;XXXX;YYY;DFGN;XXX;XX
10331;XXXX;KKK;SNBGS;XXX;XX
10332;XXXX;ÑÑÑ;XXX;XXX;XX
10333;XXXX;PPP;FADFBA;XXX;XX
10334;XXXX;QQQ;FDSBSDF;XXX;XX
10335;XXXX;XXX;DFGN;XXX;XX
10337;XXXX;YYY;SNBGS;XXX;XX
10338;XXXX;KKK;XXX;XXX;XX
10339;XXXX;ÑÑÑ;FADFBA;XXX;XX
10340;XXXX;PPP;FDSBSDF;XXX;XX
10341;XXXX;QQQ;DFGN;XXX;XX
10342;XXXX;XXX;SNBGS;XXX;XX
10343;XXXX;YYY;XXX;XXX;XX
10344;XXXX;KKK;FADFBA;XXX;XX
10345;XXXX;ÑÑÑ;FDSBSDF;XXX;XX
10346;XXXX;PPP;DFGN;XXX;XX
10347;XXXX;QQQ;SNBGS;XXX;XX
10348;XXXX;XXX;XXX;XXX;XX
10349;XXXX;YYY;FADFBA;XXX;XX
10350;XXXX;KKK;FDSBSDF;XXX;XX
10352;XXXX;ÑÑÑ;DFGN;XXX;XX
10353;XXXX;PPP;SNBGS;XXX;XX
10356;XXXX;QQQ;XXX;XXX;XX
10358;XXXX;XXX;FADFBA;XXX;XX
10359;XXXX;YYY;FDSBSDF;XXX;XX
10361;XXXX;KKK;DFGN;XXX;XX
10365;XXXX;ÑÑÑ;SNBGS;XXX;XX
10366;XXXX;PPP;XXX;XXX;XX
10367;XXXX;QQQ;FADFBA;XXX;XX
10368;XXXX;XXX;FDSBSDF;XXX;XX
10369;XXXX;YYY;DFGN;XXX;XX
10370;XXXX;KKK;SNBGS;XXX;XX
10371;XXXX;ÑÑÑ;XXX;XXX;XX
10372;XXXX;PPP;FADFBA;XXX;XX
10373;XXXX;QQQ;FDSBSDF;XXX;XX
10374;XXXX;XXX;DFGN;XXX;XX
10375;XXXX;YYY;SNBGS;XXX;XX
10376;XXXX;KKK;XXX;XXX;XX
10377;XXXX;ÑÑÑ;FADFBA;XXX;XX
10378;XXXX;PPP;FDSBSDF;XXX;XX
10379;XXXX;QQQ;DFGN;XXX;XX
10380;XXXX;XXX;SNBGS;XXX;XX
10381;XXXX;YYY;XXX;XXX;XX
10382;XXXX;KKK;FADFBA;XXX;XX
10383;XXXX;ÑÑÑ;FDSBSDF;XXX;XX
10384;XXXX;PPP;DFGN;XXX;XX
10385;XXXX;QQQ;SNBGS;XXX;XX
10386;XXXX;XXX;XXX;XXX;XX
10389;XXXX;YYY;FADFBA;XXX;XX
10390;XXXX;KKK;FDSBSDF;XXX;XX
10391;XXXX;ÑÑÑ;DFGN;XXX;XX
10392;XXXX;PPP;SNBGS;XXX;XX
10393;XXXX;QQQ;XXX;XXX;XX
10394;XXXX;XXX;FADFBA;XXX;XX
10396;XXXX;YYY;FDSBSDF;XXX;XX
10397;XXXX;KKK;DFGN;XXX;XX
10398;XXXX;ÑÑÑ;SNBGS;XXX;XX
10399;XXXX;PPP;XXX;XXX;XX
10401;XXXX;QQQ;FADFBA;XXX;XX
10402;XXXX;XXX;FDSBSDF;XXX;XX
10403;XXXX;YYY;DFGN;XXX;XX
10404;XXXX;KKK;SNBGS;XXX;XX
10405;XXXX;ÑÑÑ;XXX;XXX;XX
10406;XXXX;PPP;FADFBA;XXX;XX
10407;XXXX;QQQ;FDSBSDF;XXX;XX
10408;XXXX;XXX;DFGN;XXX;XX
10411;XXXX;YYY;SNBGS;XXX;XX
10412;XXXX;KKK;XXX;XXX;XX
10413;XXXX;ÑÑÑ;FADFBA;XXX;XX
10414;XXXX;PPP;FDSBSDF;XXX;XX
10416;XXXX;QQQ;DFGN;XXX;XX
10417;XXXX;XXX;SNBGS;XXX;XX
10418;XXXX;YYY;XXX;XXX;XX
10419;XXXX;KKK;FADFBA;XXX;XX
10420;XXXX;ÑÑÑ;FDSBSDF;XXX;XX
10421;XXXX;PPP;DFGN;XXX;XX
10422;XXXX;QQQ;SNBGS;XXX;XX
10423;XXXX;XXX;XXX;XXX;XX
10424;XXXX;YYY;FADFBA;XXX;XX
10425;XXXX;KKK;FDSBSDF;XXX;XX
10426;XXXX;ÑÑÑ;DFGN;XXX;XX
10427;XXXX;PPP;SNBGS;XXX;XX
10428;XXXX;QQQ;XXX;XXX;XX
10430;XXXX;XXX;FADFBA;XXX;XX
10431;XXXX;YYY;FDSBSDF;XXX;XX
10432;XXXX;KKK;DFGN;XXX;XX
10433;XXXX;ÑÑÑ;SNBGS;XXX;XX
10434;XXXX;PPP;XXX;XXX;XX
10435;XXXX;QQQ;FADFBA;XXX;XX
10436;XXXX;XXX;FDSBSDF;XXX;XX
10437;XXXX;YYY;DFGN;XXX;XX
10438;XXXX;KKK;SNBGS;XXX;XX
10439;XXXX;ÑÑÑ;XXX;XXX;XX
10440;XXXX;PPP;FADFBA;XXX;XX
10441;XXXX;QQQ;FDSBSDF;XXX;XX
10442;XXXX;XXX;DFGN;XXX;XX
10443;XXXX;YYY;SNBGS;XXX;XX
10444;XXXX;KKK;XXX;XXX;XX
10445;XXXX;ÑÑÑ;FADFBA;XXX;XX
10446;XXXX;PPP;FDSBSDF;XXX;XX
10447;XXXX;QQQ;DFGN;XXX;XX
10449;XXXX;XXX;SNBGS;XXX;XX
10450;XXXX;YYY;XXX;XXX;XX
10451;XXXX;KKK;FADFBA;XXX;XX
10452;XXXX;ÑÑÑ;FDSBSDF;XXX;XX
10453;XXXX;PPP;DFGN;XXX;XX
10454;XXXX;QQQ;SNBGS;XXX;XX
10455;XXXX;XXX;XXX;XXX;XX
10456;XXXX;YYY;FADFBA;XXX;XX
10457;XXXX;KKK;FDSBSDF;XXX;XX
10459;XXXX;ÑÑÑ;DFGN;XXX;XX
10460;XXXX;PPP;SNBGS;XXX;XX
10461;XXXX;QQQ;XXX;XXX;XX
10462;XXXX;XXX;FADFBA;XXX;XX
10463;XXXX;YYY;FDSBSDF;XXX;XX
10465;XXXX;KKK;DFGN;XXX;XX
10466;XXXX;ÑÑÑ;SNBGS;XXX;XX
10467;XXXX;PPP;XXX;XXX;XX
10469;XXXX;QQQ;FADFBA;XXX;XX
10470;XXXX;XXX;FDSBSDF;XXX;XX
10471;XXXX;YYY;DFGN;XXX;XX
10472;XXXX;KKK;SNBGS;XXX;XX
10473;XXXX;ÑÑÑ;XXX;XXX;XX
10474;XXXX;PPP;FADFBA;XXX;XX
10475;XXXX;QQQ;FDSBSDF;XXX;XX
10476;XXXX;XXX;DFGN;XXX;XX
10477;XXXX;YYY;SNBGS;XXX;XX
10480;XXXX;KKK;XXX;XXX;XX
10481;XXXX;ÑÑÑ;FADFBA;XXX;XX
10482;XXXX;PPP;FDSBSDF;XXX;XX
10483;XXXX;QQQ;DFGN;XXX;XX
10484;XXXX;XXX;SNBGS;XXX;XX
10485;XXXX;YYY;XXX;XXX;XX
10486;XXXX;KKK;FADFBA;XXX;XX
10488;XXXX;ÑÑÑ;FDSBSDF;XXX;XX
10489;XXXX;PPP;DFGN;XXX;XX
10490;XXXX;QQQ;SNBGS;XXX;XX
10491;XXXX;XXX;XXX;XXX;XX
10492;XXXX;YYY;FADFBA;XXX;XX
10493;XXXX;KKK;FDSBSDF;XXX;XX
10494;XXXX;ÑÑÑ;DFGN;XXX;XX
10495;XXXX;PPP;SNBGS;XXX;XX
10496;XXXX;QQQ;XXX;XXX;XX
10497;XXXX;XXX;FADFBA;XXX;XX
10498;XXXX;YYY;FDSBSDF;XXX;XX
10500;XXXX;KKK;DFGN;XXX;XX
10501;XXXX;ÑÑÑ;SNBGS;XXX;XX
10502;XXXX;PPP;XXX;XXX;XX
10503;XXXX;QQQ;FADFBA;XXX;XX
10505;XXXX;XXX;FDSBSDF;XXX;XX
10508;XXXX;YYY;DFGN;XXX;XX
10509;XXXX;KKK;SNBGS;XXX;XX
10510;XXXX;ÑÑÑ;XXX;XXX;XX
10511;XXXX;PPP;FADFBA;XXX;XX
10512;XXXX;QQQ;FDSBSDF;XXX;XX
10514;XXXX;XXX;DFGN;XXX;XX
10515;XXXX;YYY;SNBGS;XXX;XX
10518;XXXX;KKK;XXX;XXX;XX
10519;XXXX;ÑÑÑ;FADFBA;XXX;XX
10520;XXXX;PPP;FDSBSDF;XXX;XX
10522;XXXX;QQQ;DFGN;XXX;XX
10523;XXXX;XXX;SNBGS;XXX;XX
10524;XXXX;YYY;XXX;XXX;XX
10525;XXXX;KKK;FADFBA;XXX;XX
10526;XXXX;ÑÑÑ;FDSBSDF;XXX;XX
10527;XXXX;PPP;DFGN;XXX;XX
10528;XXXX;QQQ;SNBGS;XXX;XX
10530;XXXX;XXX;XXX;XXX;XX
10531;XXXX;YYY;FADFBA;XXX;XX
10532;XXXX;KKK;FDSBSDF;XXX;XX
10535;XXXX;ÑÑÑ;DFGN;XXX;XX
10537;XXXX;PPP;SNBGS;XXX;XX
10538;XXXX;QQQ;XXX;XXX;XX
10539;XXXX;XXX;FADFBA;XXX;XX
10540;XXXX;YYY;FDSBSDF;XXX;XX
10541;XXXX;KKK;DFGN;XXX;XX
10542;XXXX;ÑÑÑ;SNBGS;XXX;XX
10543;XXXX;PPP;XXX;XXX;XX
10544;XXXX;QQQ;FADFBA;XXX;XX
10545;XXXX;XXX;FDSBSDF;XXX;XX
10546;XXXX;YYY;DFGN;XXX;XX
10547;XXXX;KKK;SNBGS;XXX;XX
10548;XXXX;ÑÑÑ;XXX;XXX;XX
10549;XXXX;PPP;FADFBA;XXX;XX
10550;XXXX;QQQ;FDSBSDF;XXX;XX
10551;XXXX;XXX;DFGN;XXX;XX
10553;XXXX;YYY;SNBGS;XXX;XX
10554;XXXX;KKK;XXX;XXX;XX
10555;XXXX;ÑÑÑ;FADFBA;XXX;XX
10556;XXXX;PPP;FDSBSDF;XXX;XX
10557;XXXX;QQQ;DFGN;XXX;XX
10560;XXXX;XXX;SNBGS;XXX;XX
10562;XXXX;YYY;XXX;XXX;XX
10563;XXXX;KKK;FADFBA;XXX;XX
10564;XXXX;ÑÑÑ;FDSBSDF;XXX;XX
10565;XXXX;PPP;DFGN;XXX;XX
10566;XXXX;QQQ;SNBGS;XXX;XX
10568;XXXX;XXX;XXX;XXX;XX
10570;XXXX;YYY;FADFBA;XXX;XX
10572;XXXX;KKK;FDSBSDF;XXX;XX
10573;XXXX;ÑÑÑ;DFGN;XXX;XX
10574;XXXX;PPP;SNBGS;XXX;XX
10575;XXXX;QQQ;XXX;XXX;XX
10576;XXXX;XXX;FADFBA;XXX;XX
10577;XXXX;YYY;FDSBSDF;XXX;XX
10578;XXXX;KKK;DFGN;XXX;XX
10579;XXXX;ÑÑÑ;SNBGS;XXX;XX
10580;XXXX;PPP;XXX;XXX;XX
10581;XXXX;QQQ;FADFBA;XXX;XX
10583;XXXX;XXX;FDSBSDF;XXX;XX
10584;XXXX;YYY;DFGN;XXX;XX
10585;XXXX;KKK;SNBGS;XXX;XX
10586;XXXX;ÑÑÑ;XXX;XXX;XX
10587;XXXX;PPP;FADFBA;XXX;XX
10588;XXXX;QQQ;FDSBSDF;XXX;XX
10589;XXXX;XXX;DFGN;XXX;XX
10590;XXXX;YYY;SNBGS;XXX;XX
10591;XXXX;KKK;XXX;XXX;XX
10592;XXXX;ÑÑÑ;FADFBA;XXX;XX
10593;XXXX;PPP;FDSBSDF;XXX;XX
10594;XXXX;QQQ;DFGN;XXX;XX
10595;XXXX;XXX;SNBGS;XXX;XX
10596;XXXX;YYY;XXX;XXX;XX
10598;XXXX;KKK;FADFBA;XXX;XX
10599;XXXX;ÑÑÑ;FDSBSDF;XXX;XX
10600;XXXX;PPP;DFGN;XXX;XX
10601;XXXX;QQQ;SNBGS;XXX;XX
10602;XXXX;XXX;XXX;XXX;XX
10603;XXXX;YYY;FADFBA;XXX;XX
10605;XXXX;KKK;FDSBSDF;XXX;XX
10606;XXXX;ÑÑÑ;DFGN;XXX;XX
10607;XXXX;PPP;SNBGS;XXX;XX
10608;XXXX;QQQ;XXX;XXX;XX
10610;XXXX;XXX;FADFBA;XXX;XX
10611;XXXX;YYY;FDSBSDF;XXX;XX
10612;XXXX;KKK;DFGN;XXX;XX
10613;XXXX;ÑÑÑ;SNBGS;XXX;XX
10614;XXXX;PPP;XXX;XXX;XX
10615;XXXX;QQQ;FADFBA;XXX;XX
10616;XXXX;XXX;FDSBSDF;XXX;XX
10617;XXXX;YYY;DFGN;XXX;XX
10618;XXXX;KKK;SNBGS;XXX;XX
10619;XXXX;ÑÑÑ;XXX;XXX;XX
10620;XXXX;PPP;FADFBA;XXX;XX
10621;XXXX;QQQ;FDSBSDF;XXX;XX
10622;XXXX;XXX;DFGN;XXX;XX
10623;XXXX;YYY;SNBGS;XXX;XX
10624;XXXX;KKK;XXX;XXX;XX
10625;XXXX;ÑÑÑ;FADFBA;XXX;XX
10626;XXXX;PPP;FDSBSDF;XXX;XX
10627;XXXX;QQQ;DFGN;XXX;XX
10629;XXXX;XXX;SNBGS;XXX;XX
10630;XXXX;YYY;XXX;XXX;XX
10631;XXXX;KKK;FADFBA;XXX;XX
10632;XXXX;ÑÑÑ;FDSBSDF;XXX;XX
10633;XXXX;PPP;DFGN;XXX;XX
10634;XXXX;QQQ;SNBGS;XXX;XX
10635;XXXX;XXX;XXX;XXX;XX
10636;XXXX;YYY;FADFBA;XXX;XX
10637;XXXX;KKK;FDSBSDF;XXX;XX
10638;XXXX;ÑÑÑ;DFGN;XXX;XX
10639;XXXX;PPP;SNBGS;XXX;XX
10640;XXXX;QQQ;XXX;XXX;XX
10641;XXXX;XXX;FADFBA;XXX;XX
10642;XXXX;YYY;FDSBSDF;XXX;XX
10643;XXXX;KKK;DFGN;XXX;XX
10644;XXXX;ÑÑÑ;SNBGS;XXX;XX
10645;XXXX;PPP;XXX;XXX;XX
10646;XXXX;QQQ;FADFBA;XXX;XX
10647;XXXX;XXX;FDSBSDF;XXX;XX
10649;XXXX;YYY;DFGN;XXX;XX
10650;XXXX;KKK;SNBGS;XXX;XX
10651;XXXX;ÑÑÑ;XXX;XXX;XX
10654;XXXX;PPP;FADFBA;XXX;XX
10655;XXXX;QQQ;FDSBSDF;XXX;XX
10657;XXXX;XXX;DFGN;XXX;XX
10658;XXXX;YYY;SNBGS;XXX;XX
10660;XXXX;KKK;XXX;XXX;XX
10661;XXXX;ÑÑÑ;FADFBA;XXX;XX
10662;XXXX;PPP;FDSBSDF;XXX;XX
10663;XXXX;QQQ;DFGN;XXX;XX
10664;XXXX;XXX;SNBGS;XXX;XX
10665;XXXX;YYY;XXX;XXX;XX
10666;XXXX;KKK;FADFBA;XXX;XX
10667;XXXX;ÑÑÑ;FDSBSDF;XXX;XX
10668;XXXX;PPP;DFGN;XXX;XX
10669;XXXX;QQQ;SNBGS;XXX;XX
10670;XXXX;XXX;XXX;XXX;XX
10672;XXXX;YYY;FADFBA;XXX;XX
10673;XXXX;KKK;FDSBSDF;XXX;XX
10674;XXXX;ÑÑÑ;DFGN;XXX;XX
10675;XXXX;PPP;SNBGS;XXX;XX
10676;XXXX;QQQ;XXX;XXX;XX
10677;XXXX;XXX;FADFBA;XXX;XX
10678;XXXX;YYY;FDSBSDF;XXX;XX
10679;XXXX;KKK;DFGN;XXX;XX
10680;XXXX;ÑÑÑ;SNBGS;XXX;XX
10681;XXXX;PPP;XXX;XXX;XX
10682;XXXX;QQQ;FADFBA;XXX;XX
10683;XXXX;XXX;FDSBSDF;XXX;XX
10686;XXXX;YYY;DFGN;XXX;XX
10687;XXXX;KKK;SNBGS;XXX;XX
10688;XXXX;ÑÑÑ;XXX;XXX;XX
10689;XXXX;PPP;FADFBA;XXX;XX
10690;XXXX;QQQ;FDSBSDF;XXX;XX
10692;XXXX;XXX;DFGN;XXX;XX
10693;XXXX;YYY;SNBGS;XXX;XX
10694;XXXX;KKK;XXX;XXX;XX
10695;XXXX;ÑÑÑ;FADFBA;XXX;XX
10696;XXXX;PPP;FDSBSDF;XXX;XX
10697;XXXX;QQQ;DFGN;XXX;XX
10699;XXXX;XXX;SNBGS;XXX;XX
10700;XXXX;YYY;XXX;XXX;XX
10701;XXXX;KKK;FADFBA;XXX;XX
10702;XXXX;ÑÑÑ;FDSBSDF;XXX;XX
10704;XXXX;PPP;DFGN;XXX;XX
10705;XXXX;QQQ;SNBGS;XXX;XX
10706;XXXX;XXX;XXX;XXX;XX
10707;XXXX;YYY;FADFBA;XXX;XX
10708;XXXX;KKK;FDSBSDF;XXX;XX
10710;XXXX;ÑÑÑ;DFGN;XXX;XX
10711;XXXX;PPP;SNBGS;XXX;XX
10712;XXXX;QQQ;XXX;XXX;XX
10713;XXXX;XXX;FADFBA;XXX;XX
10714;XXXX;YYY;FDSBSDF;XXX;XX
10716;XXXX;KKK;DFGN;XXX;XX
10718;XXXX;ÑÑÑ;SNBGS;XXX;XX
10719;XXXX;PPP;XXX;XXX;XX
10720;XXXX;QQQ;FADFBA;XXX;XX
10721;XXXX;XXX;FDSBSDF;XXX;XX
10722;XXXX;YYY;DFGN;XXX;XX
10723;XXXX;KKK;SNBGS;XXX;XX
10724;XXXX;ÑÑÑ;XXX;XXX;XX
10725;XXXX;PPP;FADFBA;XXX;XX
10727;XXXX;QQQ;FDSBSDF;XXX;XX
10730;XXXX;XXX;DFGN;XXX;XX
10731;XXXX;YYY;SNBGS;XXX;XX
10733;XXXX;KKK;XXX;XXX;XX
10735;XXXX;ÑÑÑ;FADFBA;XXX;XX
10741;XXXX;PPP;FDSBSDF;XXX;XX
10744;XXXX;QQQ;DFGN;XXX;XX
10745;XXXX;XXX;SNBGS;XXX;XX
10746;XXXX;YYY;XXX;XXX;XX
10747;XXXX;KKK;FADFBA;XXX;XX
10748;XXXX;ÑÑÑ;FDSBSDF;XXX;XX
10749;XXXX;PPP;DFGN;XXX;XX
10750;XXXX;QQQ;SNBGS;XXX;XX
10751;XXXX;XXX;XXX;XXX;XX
10752;XXXX;YYY;FADFBA;XXX;XX
10754;XXXX;KKK;FDSBSDF;XXX;XX
10755;XXXX;ÑÑÑ;DFGN;XXX;XX
10756;XXXX;PPP;SNBGS;XXX;XX
10757;XXXX;QQQ;XXX;XXX;XX
10758;XXXX;XXX;FADFBA;XXX;XX
10760;XXXX;YYY;FDSBSDF;XXX;XX
10761;XXXX;KKK;DFGN;XXX;XX
10762;XXXX;ÑÑÑ;SNBGS;XXX;XX
10763;XXXX;PPP;XXX;XXX;XX
10764;XXXX;QQQ;FADFBA;XXX;XX
10765;XXXX;XXX;FDSBSDF;XXX;XX
10766;XXXX;YYY;DFGN;XXX;XX
10767;XXXX;KKK;SNBGS;XXX;XX
10768;XXXX;ÑÑÑ;XXX;XXX;XX
10769;XXXX;PPP;FADFBA;XXX;XX
10770;XXXX;QQQ;FDSBSDF;XXX;XX
10771;XXXX;XXX;DFGN;XXX;XX
10772;XXXX;YYY;SNBGS;XXX;XX
10773;XXXX;KKK;XXX;XXX;XX
10774;XXXX;ÑÑÑ;FADFBA;XXX;XX
10775;XXXX;PPP;FDSBSDF;XXX;XX
10777;XXXX;QQQ;DFGN;XXX;XX
10778;XXXX;XXX;SNBGS;XXX;XX
10780;XXXX;YYY;XXX;XXX;XX
10782;XXXX;KKK;FADFBA;XXX;XX
10783;XXXX;ÑÑÑ;FDSBSDF;XXX;XX
10784;XXXX;PPP;DFGN;XXX;XX
10785;XXXX;QQQ;SNBGS;XXX;XX
10786;XXXX;XXX;XXX;XXX;XX
10787;XXXX;YYY;FADFBA;XXX;XX
10788;XXXX;KKK;FDSBSDF;XXX;XX
10789;XXXX;ÑÑÑ;DFGN;XXX;XX
10790;XXXX;PPP;SNBGS;XXX;XX
10792;XXXX;QQQ;XXX;XXX;XX
10793;XXXX;XXX;FADFBA;XXX;XX
10794;XXXX;YYY;FDSBSDF;XXX;XX
10795;XXXX;KKK;DFGN;XXX;XX
10796;XXXX;ÑÑÑ;SNBGS;XXX;XX
10797;XXXX;PPP;XXX;XXX;XX
10798;XXXX;QQQ;FADFBA;XXX;XX
10799;XXXX;XXX;FDSBSDF;XXX;XX
10800;XXXX;YYY;DFGN;XXX;XX
10801;XXXX;KKK;SNBGS;XXX;XX
10802;XXXX;ÑÑÑ;XXX;XXX;XX
10803;XXXX;PPP;FADFBA;XXX;XX
10805;XXXX;QQQ;FDSBSDF;XXX;XX
10807;XXXX;XXX;DFGN;XXX;XX
10809;XXXX;YYY;SNBGS;XXX;XX
10810;XXXX;KKK;XXX;XXX;XX
10812;XXXX;ÑÑÑ;FADFBA;XXX;XX
10813;XXXX;PPP;FDSBSDF;XXX;XX
10814;XXXX;QQQ;DFGN;XXX;XX
10815;XXXX;XXX;SNBGS;XXX;XX
10816;XXXX;YYY;XXX;XXX;XX
10817;XXXX;KKK;FADFBA;XXX;XX
10820;XXXX;ÑÑÑ;FDSBSDF;XXX;XX
10821;XXXX;PPP;DFGN;XXX;XX
10823;XXXX;QQQ;SNBGS;XXX;XX
10825;XXXX;XXX;XXX;XXX;XX
10826;XXXX;YYY;FADFBA;XXX;XX
10827;XXXX;KKK;FDSBSDF;XXX;XX
10828;XXXX;ÑÑÑ;DFGN;XXX;XX
10830;XXXX;PPP;SNBGS;XXX;XX
10831;XXXX;QQQ;XXX;XXX;XX
10832;XXXX;XXX;FADFBA;XXX;XX
10833;XXXX;YYY;FDSBSDF;XXX;XX
10834;XXXX;KKK;DFGN;XXX;XX
10835;XXXX;ÑÑÑ;SNBGS;XXX;XX
10836;XXXX;PPP;XXX;XXX;XX
10837;XXXX;QQQ;FADFBA;XXX;XX
10838;XXXX;XXX;FDSBSDF;XXX;XX
10839;XXXX;YYY;DFGN;XXX;XX
10840;XXXX;KKK;SNBGS;XXX;XX
10841;XXXX;ÑÑÑ;XXX;XXX;XX
10842;XXXX;PPP;FADFBA;XXX;XX
10843;XXXX;QQQ;FDSBSDF;XXX;XX
10844;XXXX;XXX;DFGN;XXX;XX
10846;XXXX;YYY;SNBGS;XXX;XX
10848;XXXX;KKK;XXX;XXX;XX
10849;XXXX;ÑÑÑ;FADFBA;XXX;XX
10850;XXXX;PPP;FDSBSDF;XXX;XX
10852;XXXX;QQQ;DFGN;XXX;XX
10853;XXXX;XXX;SNBGS;XXX;XX
10854;XXXX;YYY;XXX;XXX;XX
10855;XXXX;KKK;FADFBA;XXX;XX
10856;XXXX;ÑÑÑ;FDSBSDF;XXX;XX
10858;XXXX;PPP;DFGN;XXX;XX
10861;XXXX;QQQ;SNBGS;XXX;XX
10863;XXXX;XXX;XXX;XXX;XX
10866;XXXX;YYY;FADFBA;XXX;XX
10867;XXXX;KKK;FDSBSDF;XXX;XX
10869;XXXX;ÑÑÑ;DFGN;XXX;XX
10870;XXXX;PPP;SNBGS;XXX;XX
10871;XXXX;QQQ;XXX;XXX;XX
10872;XXXX;XXX;FADFBA;XXX;XX
10876;XXXX;YYY;FDSBSDF;XXX;XX
10877;XXXX;KKK;DFGN;XXX;XX
10878;XXXX;ÑÑÑ;SNBGS;XXX;XX
10879;XXXX;PPP;XXX;XXX;XX
10880;XXXX;QQQ;FADFBA;XXX;XX
10881;XXXX;XXX;FDSBSDF;XXX;XX
10882;XXXX;YYY;DFGN;XXX;XX
10884;XXXX;KKK;SNBGS;XXX;XX
10886;XXXX;ÑÑÑ;XXX;XXX;XX
10887;XXXX;PPP;FADFBA;XXX;XX
10888;XXXX;QQQ;FDSBSDF;XXX;XX
10889;XXXX;XXX;DFGN;XXX;XX
10890;XXXX;YYY;SNBGS;XXX;XX
10892;XXXX;KKK;XXX;XXX;XX
10893;XXXX;ÑÑÑ;FADFBA;XXX;XX
10894;XXXX;PPP;FDSBSDF;XXX;XX
10895;XXXX;QQQ;DFGN;XXX;XX
10896;XXXX;XXX;SNBGS;XXX;XX
10897;XXXX;YYY;XXX;XXX;XX
10898;XXXX;KKK;FADFBA;XXX;XX
10899;XXXX;ÑÑÑ;FDSBSDF;XXX;XX
10900;XXXX;PPP;DFGN;XXX;XX
10902;XXXX;QQQ;SNBGS;XXX;XX
10903;XXXX;XXX;XXX;XXX;XX
10904;XXXX;YYY;FADFBA;XXX;XX
10905;XXXX;KKK;FDSBSDF;XXX;XX
10906;XXXX;ÑÑÑ;DFGN;XXX;XX
10908;XXXX;PPP;SNBGS;XXX;XX
10909;XXXX;QQQ;XXX;XXX;XX
10913;XXXX;XXX;FADFBA;XXX;XX
10914;XXXX;YYY;FDSBSDF;XXX;XX
10915;XXXX;KKK;DFGN;XXX;XX
10916;XXXX;ÑÑÑ;SNBGS;XXX;XX
10917;XXXX;PPP;XXX;XXX;XX
10918;XXXX;QQQ;FADFBA;XXX;XX
10919;XXXX;XXX;FDSBSDF;XXX;XX
10920;XXXX;YYY;DFGN;XXX;XX
10921;XXXX;KKK;SNBGS;XXX;XX
10922;XXXX;ÑÑÑ;XXX;XXX;XX
10923;XXXX;PPP;FADFBA;XXX;XX
10924;XXXX;QQQ;FDSBSDF;XXX;XX
10925;XXXX;XXX;DFGN;XXX;XX
10927;XXXX;YYY;SNBGS;XXX;XX
10928;XXXX;KKK;XXX;XXX;XX
10929;XXXX;ÑÑÑ;FADFBA;XXX;XX
10930;XXXX;PPP;FDSBSDF;XXX;XX
10933;XXXX;QQQ;DFGN;XXX;XX
10934;XXXX;XXX;SNBGS;XXX;XX
10935;XXXX;YYY;XXX;XXX;XX
10937;XXXX;KKK;FADFBA;XXX;XX
10938;XXXX;ÑÑÑ;FDSBSDF;XXX;XX
10939;XXXX;PPP;DFGN;XXX;XX
10940;XXXX;QQQ;SNBGS;XXX;XX
10941;XXXX;XXX;XXX;XXX;XX
10942;XXXX;YYY;FADFBA;XXX;XX
10943;XXXX;KKK;FDSBSDF;XXX;XX
10944;XXXX;ÑÑÑ;DFGN;XXX;XX
10945;XXXX;PPP;SNBGS;XXX;XX
10946;XXXX;QQQ;XXX;XXX;XX
10947;XXXX;XXX;FADFBA;XXX;XX
10949;XXXX;YYY;FDSBSDF;XXX;XX
10950;XXXX;KKK;DFGN;XXX;XX
10952;XXXX;ÑÑÑ;SNBGS;XXX;XX
10953;XXXX;PPP;XXX;XXX;XX
10954;XXXX;QQQ;FADFBA;XXX;XX
10956;XXXX;XXX;FDSBSDF;XXX;XX
10958;XXXX;YYY;DFGN;XXX;XX
10959;XXXX;KKK;SNBGS;XXX;XX
10960;XXXX;ÑÑÑ;XXX;XXX;XX
10961;XXXX;PPP;FADFBA;XXX;XX
10962;XXXX;QQQ;FDSBSDF;XXX;XX
10965;XXXX;XXX;DFGN;XXX;XX
10966;XXXX;YYY;SNBGS;XXX;XX
10967;XXXX;KKK;XXX;XXX;XX
10968;XXXX;ÑÑÑ;FADFBA;XXX;XX
10970;XXXX;PPP;FDSBSDF;XXX;XX
10971;XXXX;QQQ;DFGN;XXX;XX
10972;XXXX;XXX;SNBGS;XXX;XX
10973;XXXX;YYY;XXX;XXX;XX
10974;XXXX;KKK;FADFBA;XXX;XX
10975;XXXX;ÑÑÑ;FDSBSDF;XXX;XX
10976;XXXX;PPP;DFGN;XXX;XX
10977;XXXX;QQQ;SNBGS;XXX;XX
10978;XXXX;XXX;XXX;XXX;XX
10979;XXXX;YYY;FADFBA;XXX;XX
10980;XXXX;KKK;FDSBSDF;XXX;XX
10981;XXXX;ÑÑÑ;DFGN;XXX;XX
10982;XXXX;PPP;SNBGS;XXX;XX
10983;XXXX;QQQ;XXX;XXX;XX
10985;XXXX;XXX;FADFBA;XXX;XX
10986;XXXX;YYY;FDSBSDF;XXX;XX
10987;XXXX;KKK;DFGN;XXX;XX
10988;XXXX;ÑÑÑ;SNBGS;XXX;XX
10989;XXXX;PPP;XXX;XXX;XX
10990;XXXX;QQQ;FADFBA;XXX;XX
10991;XXXX;XXX;FDSBSDF;XXX;XX
10992;XXXX;YYY;DFGN;XXX;XX
10993;XXXX;KKK;SNBGS;XXX;XX
10994;XXXX;ÑÑÑ;XXX;XXX;XX
10995;XXXX;PPP;FADFBA;XXX;XX
10996;XXXX;QQQ;FDSBSDF;XXX;XX
10997;XXXX;XXX;DFGN;XXX;XX
10998;XXXX;YYY;SNBGS;XXX;XX
10999;XXXX;KKK;XXX;XXX;XX
11002;XXXX;ÑÑÑ;FADFBA;XXX;XX
11003;XXXX;PPP;FDSBSDF;XXX;XX
11004;XXXX;QQQ;DFGN;XXX;XX
11006;XXXX;XXX;SNBGS;XXX;XX
11007;XXXX;YYY;XXX;XXX;XX
11008;XXXX;KKK;FADFBA;XXX;XX
11009;XXXX;ÑÑÑ;FDSBSDF;XXX;XX
11010;XXXX;PPP;DFGN;XXX;XX
11011;XXXX;QQQ;SNBGS;XXX;XX
11012;XXXX;XXX;XXX;XXX;XX
11013;XXXX;YYY;FADFBA;XXX;XX
11014;XXXX;KKK;FDSBSDF;XXX;XX
11015;XXXX;ÑÑÑ;DFGN;XXX;XX
11016;XXXX;PPP;SNBGS;XXX;XX
11017;XXXX;QQQ;XXX;XXX;XX
11018;XXXX;XXX;FADFBA;XXX;XX
11023;XXXX;YYY;FDSBSDF;XXX;XX
11024;XXXX;KKK;DFGN;XXX;XX
11026;XXXX;ÑÑÑ;SNBGS;XXX;XX
11027;XXXX;PPP;XXX;XXX;XX
11028;XXXX;QQQ;FADFBA;XXX;XX
11030;XXXX;XXX;FDSBSDF;XXX;XX
11034;XXXX;YYY;DFGN;XXX;XX
11035;XXXX;KKK;SNBGS;XXX;XX
11036;XXXX;ÑÑÑ;XXX;XXX;XX
11037;XXXX;PPP;FADFBA;XXX;XX
11038;XXXX;QQQ;FDSBSDF;XXX;XX
11039;XXXX;XXX;DFGN;XXX;XX
11040;XXXX;YYY;SNBGS;XXX;XX
11044;XXXX;KKK;XXX;XXX;XX
11045;XXXX;ÑÑÑ;FADFBA;XXX;XX
11046;XXXX;PPP;FDSBSDF;XXX;XX
11049;XXXX;QQQ;DFGN;XXX;XX
11050;XXXX;XXX;SNBGS;XXX;XX
11051;XXXX;YYY;XXX;XXX;XX
11052;XXXX;KKK;FADFBA;XXX;XX
11054;XXXX;ÑÑÑ;FDSBSDF;XXX;XX
11055;XXXX;PPP;DFGN;XXX;XX
11056;XXXX;QQQ;SNBGS;XXX;XX
11057;XXXX;XXX;XXX;XXX;XX
11058;XXXX;YYY;FADFBA;XXX;XX
11059;XXXX;KKK;FDSBSDF;XXX;XX
11060;XXXX;ÑÑÑ;DFGN;XXX;XX
11063;XXXX;PPP;SNBGS;XXX;XX
11064;XXXX;QQQ;XXX;XXX;XX
11065;XXXX;XXX;FADFBA;XXX;XX
11067;XXXX;YYY;FDSBSDF;XXX;XX
11069;XXXX;KKK;DFGN;XXX;XX
11077;XXXX;ÑÑÑ;SNBGS;XXX;XX
11079;XXXX;PPP;XXX;XXX;XX
11081;XXXX;QQQ;FADFBA;XXX;XX
11085;XXXX;XXX;FDSBSDF;XXX;XX
11086;XXXX;YYY;DFGN;XXX;XX
11089;XXXX;KKK;SNBGS;XXX;XX
11091;XXXX;ÑÑÑ;XXX;XXX;XX
11093;XXXX;PPP;FADFBA;XXX;XX
11094;XXXX;QQQ;FDSBSDF;XXX;XX
11095;XXXX;XXX;DFGN;XXX;XX
11096;XXXX;YYY;SNBGS;XXX;XX
11097;XXXX;KKK;XXX;XXX;XX
11098;XXXX;ÑÑÑ;FADFBA;XXX;XX
11099;XXXX;PPP;FDSBSDF;XXX;XX
11100;XXXX;QQQ;DFGN;XXX;XX
11102;XXXX;XXX;SNBGS;XXX;XX
11103;XXXX;YYY;XXX;XXX;XX
11104;XXXX;KKK;FADFBA;XXX;XX
11106;XXXX;ÑÑÑ;FDSBSDF;XXX;XX
11108;XXXX;PPP;DFGN;XXX;XX
11110;XXXX;QQQ;SNBGS;XXX;XX
11111;XXXX;XXX;XXX;XXX;XX
11112;XXXX;YYY;FADFBA;XXX;XX
11113;XXXX;KKK;FDSBSDF;XXX;XX
11114;XXXX;ÑÑÑ;DFGN;XXX;XX
11115;XXXX;PPP;SNBGS;XXX;XX
11116;XXXX;QQQ;XXX;XXX;XX
11122;XXXX;XXX;FADFBA;XXX;XX
11124;XXXX;YYY;FDSBSDF;XXX;XX
11125;XXXX;KKK;DFGN;XXX;XX
11126;XXXX;ÑÑÑ;SNBGS;XXX;XX
11127;XXXX;PPP;XXX;XXX;XX
11129;XXXX;QQQ;FADFBA;XXX;XX
11130;XXXX;XXX;FDSBSDF;XXX;XX
11131;XXXX;YYY;DFGN;XXX;XX
11132;XXXX;KKK;SNBGS;XXX;XX
11134;XXXX;ÑÑÑ;XXX;XXX;XX
11135;XXXX;PPP;FADFBA;XXX;XX
11136;XXXX;QQQ;FDSBSDF;XXX;XX
11137;XXXX;XXX;DFGN;XXX;XX
11139;XXXX;YYY;SNBGS;XXX;XX
11140;XXXX;KKK;XXX;XXX;XX
11142;XXXX;ÑÑÑ;FADFBA;XXX;XX
11143;XXXX;PPP;FDSBSDF;XXX;XX
11144;XXXX;QQQ;DFGN;XXX;XX
11145;XXXX;XXX;SNBGS;XXX;XX
11146;XXXX;YYY;XXX;XXX;XX
11148;XXXX;KKK;FADFBA;XXX;XX
11149;XXXX;ÑÑÑ;FDSBSDF;XXX;XX
11150;XXXX;PPP;DFGN;XXX;XX
11151;XXXX;QQQ;SNBGS;XXX;XX
11153;XXXX;XXX;XXX;XXX;XX
11154;XXXX;YYY;FADFBA;XXX;XX
11155;XXXX;KKK;FDSBSDF;XXX;XX
11157;XXXX;ÑÑÑ;DFGN;XXX;XX
11158;XXXX;PPP;SNBGS;XXX;XX
11160;XXXX;QQQ;XXX;XXX;XX
11163;XXXX;XXX;FADFBA;XXX;XX
11164;XXXX;YYY;FDSBSDF;XXX;XX
11167;XXXX;KKK;DFGN;XXX;XX
11168;XXXX;ÑÑÑ;SNBGS;XXX;XX
11169;XXXX;PPP;XXX;XXX;XX
11170;XXXX;QQQ;FADFBA;XXX;XX
11173;XXXX;XXX;FDSBSDF;XXX;XX
11175;XXXX;YYY;DFGN;XXX;XX
11176;XXXX;KKK;SNBGS;XXX;XX
11178;XXXX;ÑÑÑ;XXX;XXX;XX
11179;XXXX;PPP;FADFBA;XXX;XX
11181;XXXX;QQQ;FDSBSDF;XXX;XX
11183;XXXX;XXX;DFGN;XXX;XX
11184;XXXX;YYY;SNBGS;XXX;XX
11185;XXXX;KKK;XXX;XXX;XX
11186;XXXX;ÑÑÑ;FADFBA;XXX;XX
11187;XXXX;PPP;FDSBSDF;XXX;XX
11188;XXXX;QQQ;DFGN;XXX;XX
11189;XXXX;XXX;SNBGS;XXX;XX
11190;XXXX;YYY;XXX;XXX;XX
11191;XXXX;KKK;FADFBA;XXX;XX
11192;XXXX;ÑÑÑ;FDSBSDF;XXX;XX
11193;XXXX;PPP;DFGN;XXX;XX
11194;XXXX;QQQ;SNBGS;XXX;XX
11195;XXXX;XXX;XXX;XXX;XX
11197;XXXX;YYY;FADFBA;XXX;XX
11198;XXXX;KKK;FDSBSDF;XXX;XX
11199;XXXX;ÑÑÑ;DFGN;XXX;XX
11200;XXXX;PPP;SNBGS;XXX;XX
11201;XXXX;QQQ;XXX;XXX;XX
11202;XXXX;XXX;FADFBA;XXX;XX
11203;XXXX;YYY;FDSBSDF;XXX;XX
11204;XXXX;KKK;DFGN;XXX;XX
11205;XXXX;ÑÑÑ;SNBGS;XXX;XX
11206;XXXX;PPP;XXX;XXX;XX
11207;XXXX;QQQ;FADFBA;XXX;XX
11209;XXXX;XXX;FDSBSDF;XXX;XX
11210;XXXX;YYY;DFGN;XXX;XX
11211;XXXX;KKK;SNBGS;XXX;XX
11212;XXXX;ÑÑÑ;XXX;XXX;XX
11214;XXXX;PPP;FADFBA;XXX;XX
11215;XXXX;QQQ;FDSBSDF;XXX;XX
11216;XXXX;XXX;DFGN;XXX;XX
11218;XXXX;YYY;SNBGS;XXX;XX
11219;XXXX;KKK;XXX;XXX;XX
11220;XXXX;ÑÑÑ;FADFBA;XXX;XX
11222;XXXX;PPP;FDSBSDF;XXX;XX
11223;XXXX;QQQ;DFGN;XXX;XX
11227;XXXX;XXX;SNBGS;XXX;XX
11228;XXXX;YYY;XXX;XXX;XX
11229;XXXX;KKK;FADFBA;XXX;XX
11230;XXXX;ÑÑÑ;FDSBSDF;XXX;XX
11231;XXXX;PPP;DFGN;XXX;XX
11232;XXXX;QQQ;SNBGS;XXX;XX
11233;XXXX;XXX;XXX;XXX;XX
11234;XXXX;YYY;FADFBA;XXX;XX
11235;XXXX;KKK;FDSBSDF;XXX;XX
11240;XXXX;ÑÑÑ;DFGN;XXX;XX
11241;XXXX;PPP;SNBGS;XXX;XX
11243;XXXX;QQQ;XXX;XXX;XX
11245;XXXX;XXX;FADFBA;XXX;XX
11247;XXXX;YYY;FDSBSDF;XXX;XX
11248;XXXX;KKK;DFGN;XXX;XX
11249;XXXX;ÑÑÑ;SNBGS;XXX;XX
11250;XXXX;PPP;XXX;XXX;XX
11252;XXXX;QQQ;FADFBA;XXX;XX
11253;XXXX;XXX;FDSBSDF;XXX;XX
11255;XXXX;YYY;DFGN;XXX;XX
11256;XXXX;KKK;SNBGS;XXX;XX
11258;XXXX;ÑÑÑ;XXX;XXX;XX
11260;XXXX;PPP;FADFBA;XXX;XX
11261;XXXX;QQQ;FDSBSDF;XXX;XX
11262;XXXX;XXX;DFGN;XXX;XX
11263;XXXX;YYY;SNBGS;XXX;XX
11264;XXXX;KKK;XXX;XXX;XX
11268;XXXX;ÑÑÑ;FADFBA;XXX;XX
11269;XXXX;PPP;FDSBSDF;XXX;XX
11271;XXXX;QQQ;DFGN;XXX;XX
11272;XXXX;XXX;SNBGS;XXX;XX
11273;XXXX;YYY;XXX;XXX;XX
11274;XXXX;KKK;FADFBA;XXX;XX
11277;XXXX;ÑÑÑ;FDSBSDF;XXX;XX
11278;XXXX;PPP;DFGN;XXX;XX
11279;XXXX;QQQ;SNBGS;XXX;XX
11280;XXXX;XXX;XXX;XXX;XX
11282;XXXX;YYY;FADFBA;XXX;XX
11283;XXXX;KKK;FDSBSDF;XXX;XX
11284;XXXX;ÑÑÑ;DFGN;XXX;XX
11285;XXXX;PPP;SNBGS;XXX;XX
11286;XXXX;QQQ;XXX;XXX;XX
11287;XXXX;XXX;FADFBA;XXX;XX
11290;XXXX;YYY;FDSBSDF;XXX;XX
11292;XXXX;KKK;DFGN;XXX;XX
11293;XXXX;ÑÑÑ;SNBGS;XXX;XX
11294;XXXX;PPP;XXX;XXX;XX
11295;XXXX;QQQ;FADFBA;XXX;XX
11296;XXXX;XXX;FDSBSDF;XXX;XX
11298;XXXX;YYY;DFGN;XXX;XX
11300;XXXX;KKK;SNBGS;XXX;XX
11301;XXXX;ÑÑÑ;XXX;XXX;XX
11302;XXXX;PPP;FADFBA;XXX;XX
11303;XXXX;QQQ;FDSBSDF;XXX;XX
11305;XXXX;XXX;DFGN;XXX;XX
11307;XXXX;YYY;SNBGS;XXX;XX
11309;XXXX;KKK;XXX;XXX;XX
11310;XXXX;ÑÑÑ;FADFBA;XXX;XX
11311;XXXX;PPP;FDSBSDF;XXX;XX
11312;XXXX;QQQ;DFGN;XXX;XX
11313;XXXX;XXX;SNBGS;XXX;XX
11314;XXXX;YYY;XXX;XXX;XX
11315;XXXX;KKK;FADFBA;XXX;XX
11316;XXXX;ÑÑÑ;FDSBSDF;XXX;XX
11318;XXXX;PPP;DFGN;XXX;XX
11319;XXXX;QQQ;SNBGS;XXX;XX
11320;XXXX;XXX;XXX;XXX;XX
11321;XXXX;YYY;FADFBA;XXX;XX
11322;XXXX;KKK;FDSBSDF;XXX;XX
11323;XXXX;ÑÑÑ;DFGN;XXX;XX
11324;XXXX;PPP;SNBGS;XXX;XX
11325;XXXX;QQQ;XXX;XXX;XX
11326;XXXX;XXX;FADFBA;XXX;XX
11327;XXXX;YYY;FDSBSDF;XXX;XX
11328;XXXX;KKK;DFGN;XXX;XX
11329;XXXX;ÑÑÑ;SNBGS;XXX;XX
11330;XXXX;PPP;XXX;XXX;XX
11331;XXXX;QQQ;FADFBA;XXX;XX
11332;XXXX;XXX;FDSBSDF;XXX;XX
11334;XXXX;YYY;DFGN;XXX;XX
11335;XXXX;KKK;SNBGS;XXX;XX
11336;XXXX;ÑÑÑ;XXX;XXX;XX
11337;XXXX;PPP;FADFBA;XXX;XX
11339;XXXX;QQQ;FDSBSDF;XXX;XX
11340;XXXX;XXX;DFGN;XXX;XX
11343;XXXX;YYY;SNBGS;XXX;XX
11344;XXXX;KKK;XXX;XXX;XX
11345;XXXX;ÑÑÑ;FADFBA;XXX;XX
11346;XXXX;PPP;FDSBSDF;XXX;XX
11347;XXXX;QQQ;DFGN;XXX;XX
11349;XXXX;XXX;SNBGS;XXX;XX
11350;XXXX;YYY;XXX;XXX;XX
11352;XXXX;KKK;FADFBA;XXX;XX
11353;XXXX;ÑÑÑ;FDSBSDF;XXX;XX
11354;XXXX;PPP;DFGN;XXX;XX
11355;XXXX;QQQ;SNBGS;XXX;XX
11357;XXXX;XXX;XXX;XXX;XX
11358;XXXX;YYY;FADFBA;XXX;XX
11359;XXXX;KKK;FDSBSDF;XXX;XX
11361;XXXX;ÑÑÑ;DFGN;XXX;XX
11362;XXXX;PPP;SNBGS;XXX;XX
11363;XXXX;QQQ;XXX;XXX;XX
11364;XXXX;XXX;FADFBA;XXX;XX
11365;XXXX;YYY;FDSBSDF;XXX;XX
11367;XXXX;KKK;DFGN;XXX;XX
11368;XXXX;ÑÑÑ;SNBGS;XXX;XX
11369;XXXX;PPP;XXX;XXX;XX
11370;XXXX;QQQ;FADFBA;XXX;XX
11371;XXXX;XXX;FDSBSDF;XXX;XX
11372;XXXX;YYY;DFGN;XXX;XX
11373;XXXX;KKK;SNBGS;XXX;XX
11374;XXXX;ÑÑÑ;XXX;XXX;XX
11376;XXXX;PPP;FADFBA;XXX;XX
11377;XXXX;QQQ;FDSBSDF;XXX;XX
11378;XXXX;XXX;DFGN;XXX;XX
11379;XXXX;YYY;SNBGS;XXX;XX
11380;XXXX;KKK;XXX;XXX;XX
11386;XXXX;ÑÑÑ;FADFBA;XXX;XX
11387;XXXX;PPP;FDSBSDF;XXX;XX
11388;XXXX;QQQ;DFGN;XXX;XX
11389;XXXX;XXX;SNBGS;XXX;XX
11391;XXXX;YYY;XXX;XXX;XX
11392;XXXX;KKK;FADFBA;XXX;XX
11393;XXXX;ÑÑÑ;FDSBSDF;XXX;XX
11394;XXXX;PPP;DFGN;XXX;XX
11395;XXXX;QQQ;SNBGS;XXX;XX
11396;XXXX;XXX;XXX;XXX;XX
11397;XXXX;YYY;FADFBA;XXX;XX
11398;XXXX;KKK;FDSBSDF;XXX;XX
11400;XXXX;ÑÑÑ;DFGN;XXX;XX
11403;XXXX;PPP;SNBGS;XXX;XX
11404;XXXX;QQQ;XXX;XXX;XX
11405;XXXX;XXX;FADFBA;XXX;XX
11407;XXXX;YYY;FDSBSDF;XXX;XX
11409;XXXX;KKK;DFGN;XXX;XX
11412;XXXX;ÑÑÑ;SNBGS;XXX;XX
11413;XXXX;PPP;XXX;XXX;XX
11414;XXXX;QQQ;FADFBA;XXX;XX
11415;XXXX;XXX;FDSBSDF;XXX;XX
11416;XXXX;YYY;DFGN;XXX;XX
11417;XXXX;KKK;SNBGS;XXX;XX
11418;XXXX;ÑÑÑ;XXX;XXX;XX
11419;XXXX;PPP;FADFBA;XXX;XX
11420;XXXX;QQQ;FDSBSDF;XXX;XX
11421;XXXX;XXX;DFGN;XXX;XX
11422;XXXX;YYY;SNBGS;XXX;XX
11423;XXXX;KKK;XXX;XXX;XX
11424;XXXX;ÑÑÑ;FADFBA;XXX;XX
11425;XXXX;PPP;FDSBSDF;XXX;XX
11426;XXXX;QQQ;DFGN;XXX;XX
11427;XXXX;XXX;SNBGS;XXX;XX
11428;XXXX;YYY;XXX;XXX;XX
11429;XXXX;KKK;FADFBA;XXX;XX
11430;XXXX;ÑÑÑ;FDSBSDF;XXX;XX
11431;XXXX;PPP;DFGN;XXX;XX
11432;XXXX;QQQ;SNBGS;XXX;XX
11433;XXXX;XXX;XXX;XXX;XX
11434;XXXX;YYY;FADFBA;XXX;XX
11436;XXXX;KKK;FDSBSDF;XXX;XX
11437;XXXX;ÑÑÑ;DFGN;XXX;XX
11438;XXXX;PPP;SNBGS;XXX;XX
11439;XXXX;QQQ;XXX;XXX;XX
11440;XXXX;XXX;FADFBA;XXX;XX
11441;XXXX;YYY;FDSBSDF;XXX;XX
11443;XXXX;KKK;DFGN;XXX;XX
11444;XXXX;ÑÑÑ;SNBGS;XXX;XX
11445;XXXX;PPP;XXX;XXX;XX
11446;XXXX;QQQ;FADFBA;XXX;XX
11447;XXXX;XXX;FDSBSDF;XXX;XX
11448;XXXX;YYY;DFGN;XXX;XX
11449;XXXX;KKK;SNBGS;XXX;XX
11450;XXXX;ÑÑÑ;XXX;XXX;XX
11451;XXXX;PPP;FADFBA;XXX;XX
11452;XXXX;QQQ;FDSBSDF;XXX;XX
11453;XXXX;XXX;DFGN;XXX;XX
11454;XXXX;YYY;SNBGS;XXX;XX
11455;XXXX;KKK;XXX;XXX;XX
11456;XXXX;ÑÑÑ;FADFBA;XXX;XX
11457;XXXX;PPP;FDSBSDF;XXX;XX
11458;XXXX;QQQ;DFGN;XXX;XX
11460;XXXX;XXX;SNBGS;XXX;XX
11461;XXXX;YYY;XXX;XXX;XX
11463;XXXX;KKK;FADFBA;XXX;XX
11464;XXXX;ÑÑÑ;FDSBSDF;XXX;XX
11465;XXXX;PPP;DFGN;XXX;XX
11466;XXXX;QQQ;SNBGS;XXX;XX
11467;XXXX;XXX;XXX;XXX;XX
11468;XXXX;YYY;FADFBA;XXX;XX
11469;XXXX;KKK;FDSBSDF;XXX;XX
11470;XXXX;ÑÑÑ;DFGN;XXX;XX
11471;XXXX;PPP;SNBGS;XXX;XX
11472;XXXX;QQQ;XXX;XXX;XX
11473;XXXX;XXX;FADFBA;XXX;XX
11474;XXXX;YYY;FDSBSDF;XXX;XX
11475;XXXX;KKK;DFGN;XXX;XX
11476;XXXX;ÑÑÑ;SNBGS;XXX;XX
11478;XXXX;PPP;XXX;XXX;XX
11479;XXXX;QQQ;FADFBA;XXX;XX
11480;XXXX;XXX;FDSBSDF;XXX;XX
11481;XXXX;YYY;DFGN;XXX;XX
11483;XXXX;KKK;SNBGS;XXX;XX
11484;XXXX;ÑÑÑ;XXX;XXX;XX
11485;XXXX;PPP;FADFBA;XXX;XX
11486;XXXX;QQQ;FDSBSDF;XXX;XX
11487;XXXX;XXX;DFGN;XXX;XX
11488;XXXX;YYY;SNBGS;XXX;XX
11489;XXXX;KKK;XXX;XXX;XX
11490;XXXX;ÑÑÑ;FADFBA;XXX;XX
11491;XXXX;PPP;FDSBSDF;XXX;XX
11494;XXXX;QQQ;DFGN;XXX;XX
11495;XXXX;XXX;SNBGS;XXX;XX
11496;XXXX;YYY;XXX;XXX;XX
11498;XXXX;KKK;FADFBA;XXX;XX
11499;XXXX;ÑÑÑ;FDSBSDF;XXX;XX
11500;XXXX;PPP;DFGN;XXX;XX
11501;XXXX;QQQ;SNBGS;XXX;XX
11502;XXXX;XXX;XXX;XXX;XX
11503;XXXX;YYY;FADFBA;XXX;XX
11504;XXXX;KKK;FDSBSDF;XXX;XX
11505;XXXX;ÑÑÑ;DFGN;XXX;XX
11506;XXXX;PPP;SNBGS;XXX;XX
11507;XXXX;QQQ;XXX;XXX;XX
11509;XXXX;XXX;FADFBA;XXX;XX
11510;XXXX;YYY;FDSBSDF;XXX;XX
11511;XXXX;KKK;DFGN;XXX;XX
11512;XXXX;ÑÑÑ;SNBGS;XXX;XX
11513;XXXX;PPP;XXX;XXX;XX
11514;XXXX;QQQ;FADFBA;XXX;XX
11515;XXXX;XXX;FDSBSDF;XXX;XX
11516;XXXX;YYY;DFGN;XXX;XX
11517;XXXX;KKK;SNBGS;XXX;XX
11520;XXXX;ÑÑÑ;XXX;XXX;XX
11521;XXXX;PPP;FADFBA;XXX;XX
11523;XXXX;QQQ;FDSBSDF;XXX;XX
11526;XXXX;XXX;DFGN;XXX;XX
11528;XXXX;YYY;SNBGS;XXX;XX
11529;XXXX;KKK;XXX;XXX;XX
11530;XXXX;ÑÑÑ;FADFBA;XXX;XX
11531;XXXX;PPP;FDSBSDF;XXX;XX
11532;XXXX;QQQ;DFGN;XXX;XX
11533;XXXX;XXX;SNBGS;XXX;XX
11534;XXXX;YYY;XXX;XXX;XX
11535;XXXX;KKK;FADFBA;XXX;XX
11536;XXXX;ÑÑÑ;FDSBSDF;XXX;XX
11538;XXXX;PPP;DFGN;XXX;XX
11540;XXXX;QQQ;SNBGS;XXX;XX
11541;XXXX;XXX;XXX;XXX;XX
11542;XXXX;YYY;FADFBA;XXX;XX
11543;XXXX;KKK;FDSBSDF;XXX;XX
11544;XXXX;ÑÑÑ;DFGN;XXX;XX
11545;XXXX;PPP;SNBGS;XXX;XX
11546;XXXX;QQQ;XXX;XXX;XX
11548;XXXX;XXX;FADFBA;XXX;XX
11551;XXXX;YYY;FDSBSDF;XXX;XX
11553;XXXX;KKK;DFGN;XXX;XX
11554;XXXX;ÑÑÑ;SNBGS;XXX;XX
11555;XXXX;PPP;XXX;XXX;XX
11557;XXXX;QQQ;FADFBA;XXX;XX
11558;XXXX;XXX;FDSBSDF;XXX;XX
11560;XXXX;YYY;DFGN;XXX;XX
11561;XXXX;KKK;SNBGS;XXX;XX
11565;XXXX;ÑÑÑ;XXX;XXX;XX
11567;XXXX;PPP;FADFBA;XXX;XX
11568;XXXX;QQQ;FDSBSDF;XXX;XX
11569;XXXX;XXX;DFGN;XXX;XX
11570;XXXX;YYY;SNBGS;XXX;XX
11571;XXXX;KKK;XXX;XXX;XX
11572;XXXX;ÑÑÑ;FADFBA;XXX;XX
11573;XXXX;PPP;FDSBSDF;XXX;XX
11574;XXXX;QQQ;DFGN;XXX;XX
11575;XXXX;XXX;SNBGS;XXX;XX
11577;XXXX;YYY;XXX;XXX;XX
11578;XXXX;KKK;FADFBA;XXX;XX
11579;XXXX;ÑÑÑ;FDSBSDF;XXX;XX
11580;XXXX;PPP;DFGN;XXX;XX
11581;XXXX;QQQ;SNBGS;XXX;XX
11582;XXXX;XXX;XXX;XXX;XX
11583;XXXX;YYY;FADFBA;XXX;XX
11586;XXXX;KKK;FDSBSDF;XXX;XX
11588;XXXX;ÑÑÑ;DFGN;XXX;XX
11589;XXXX;PPP;SNBGS;XXX;XX
11590;XXXX;QQQ;XXX;XXX;XX
11591;XXXX;XXX;FADFBA;XXX;XX
11592;XXXX;YYY;FDSBSDF;XXX;XX
11593;XXXX;KKK;DFGN;XXX;XX
11594;XXXX;ÑÑÑ;SNBGS;XXX;XX
11595;XXXX;PPP;XXX;XXX;XX
11598;XXXX;QQQ;FADFBA;XXX;XX
11600;XXXX;XXX;FDSBSDF;XXX;XX
11601;XXXX;YYY;DFGN;XXX;XX
11603;XXXX;KKK;SNBGS;XXX;XX
11605;XXXX;ÑÑÑ;XXX;XXX;XX
11607;XXXX;PPP;FADFBA;XXX;XX
11608;XXXX;QQQ;FDSBSDF;XXX;XX
11609;XXXX;XXX;DFGN;XXX;XX
11610;XXXX;YYY;SNBGS;XXX;XX
11611;XXXX;KKK;XXX;XXX;XX
11612;XXXX;ÑÑÑ;FADFBA;XXX;XX
11613;XXXX;PPP;FDSBSDF;XXX;XX
11616;XXXX;QQQ;DFGN;XXX;XX
11617;XXXX;XXX;SNBGS;XXX;XX
11618;XXXX;YYY;XXX;XXX;XX
11620;XXXX;KKK;FADFBA;XXX;XX
11621;XXXX;ÑÑÑ;FDSBSDF;XXX;XX
11622;XXXX;PPP;DFGN;XXX;XX
11623;XXXX;QQQ;SNBGS;XXX;XX
11624;XXXX;XXX;XXX;XXX;XX
11625;XXXX;YYY;FADFBA;XXX;XX
11626;XXXX;KKK;FDSBSDF;XXX;XX
11627;XXXX;ÑÑÑ;DFGN;XXX;XX
11628;XXXX;PPP;SNBGS;XXX;XX
11629;XXXX;QQQ;XXX;XXX;XX
11630;XXXX;XXX;FADFBA;XXX;XX
11631;XXXX;YYY;FDSBSDF;XXX;XX
11633;XXXX;KKK;DFGN;XXX;XX
11634;XXXX;ÑÑÑ;SNBGS;XXX;XX
11635;XXXX;PPP;XXX;XXX;XX
11636;XXXX;QQQ;FADFBA;XXX;XX
11637;XXXX;XXX;FDSBSDF;XXX;XX
11638;XXXX;YYY;DFGN;XXX;XX
11639;XXXX;KKK;SNBGS;XXX;XX
11640;XXXX;ÑÑÑ;XXX;XXX;XX
11642;XXXX;PPP;FADFBA;XXX;XX
11643;XXXX;QQQ;FDSBSDF;XXX;XX
11644;XXXX;XXX;DFGN;XXX;XX
11645;XXXX;YYY;SNBGS;XXX;XX
11647;XXXX;KKK;XXX;XXX;XX
11650;XXXX;ÑÑÑ;FADFBA;XXX;XX
11651;XXXX;PPP;FDSBSDF;XXX;XX
11652;XXXX;QQQ;DFGN;XXX;XX
11653;XXXX;XXX;SNBGS;XXX;XX
11654;XXXX;YYY;XXX;XXX;XX
11655;XXXX;KKK;FADFBA;XXX;XX
11656;XXXX;ÑÑÑ;FDSBSDF;XXX;XX
11657;XXXX;PPP;DFGN;XXX;XX
11659;XXXX;QQQ;SNBGS;XXX;XX
11661;XXXX;XXX;XXX;XXX;XX
11662;XXXX;YYY;FADFBA;XXX;XX
11663;XXXX;KKK;FDSBSDF;XXX;XX
11667;XXXX;ÑÑÑ;DFGN;XXX;XX
11668;XXXX;PPP;SNBGS;XXX;XX
11669;XXXX;QQQ;XXX;XXX;XX
11670;XXXX;XXX;FADFBA;XXX;XX
11671;XXXX;YYY;FDSBSDF;XXX;XX
11672;XXXX;KKK;DFGN;XXX;XX
11673;XXXX;ÑÑÑ;SNBGS;XXX;XX
11674;XXXX;PPP;XXX;XXX;XX
11675;XXXX;QQQ;FADFBA;XXX;XX
11676;XXXX;XXX;FDSBSDF;XXX;XX
11677;XXXX;YYY;DFGN;XXX;XX
11678;XXXX;KKK;SNBGS;XXX;XX
11679;XXXX;ÑÑÑ;XXX;XXX;XX
11680;XXXX;PPP;FADFBA;XXX;XX
11681;XXXX;QQQ;FDSBSDF;XXX;XX
11682;XXXX;XXX;DFGN;XXX;XX
11683;XXXX;YYY;SNBGS;XXX;XX
11684;XXXX;KKK;XXX;XXX;XX
11685;XXXX;ÑÑÑ;FADFBA;XXX;XX
11686;XXXX;PPP;FDSBSDF;XXX;XX
11688;XXXX;QQQ;DFGN;XXX;XX
11689;XXXX;XXX;SNBGS;XXX;XX
11690;XXXX;YYY;XXX;XXX;XX
11695;XXXX;KKK;FADFBA;XXX;XX
11696;XXXX;ÑÑÑ;FDSBSDF;XXX;XX
11697;XXXX;PPP;DFGN;XXX;XX
11699;XXXX;QQQ;SNBGS;XXX;XX
11700;XXXX;XXX;XXX;XXX;XX
11701;XXXX;YYY;FADFBA;XXX;XX
11702;XXXX;KKK;FDSBSDF;XXX;XX
11703;XXXX;ÑÑÑ;DFGN;XXX;XX
11704;XXXX;PPP;SNBGS;XXX;XX
11705;XXXX;QQQ;XXX;XXX;XX
11706;XXXX;XXX;FADFBA;XXX;XX
11707;XXXX;YYY;FDSBSDF;XXX;XX
11708;XXXX;KKK;DFGN;XXX;XX
11709;XXXX;ÑÑÑ;SNBGS;XXX;XX
11710;XXXX;PPP;XXX;XXX;XX
11711;XXXX;QQQ;FADFBA;XXX;XX
11712;XXXX;XXX;FDSBSDF;XXX;XX
11713;XXXX;YYY;DFGN;XXX;XX
11714;XXXX;KKK;SNBGS;XXX;XX
11715;XXXX;ÑÑÑ;XXX;XXX;XX
11716;XXXX;PPP;FADFBA;XXX;XX
11717;XXXX;QQQ;FDSBSDF;XXX;XX
11718;XXXX;XXX;DFGN;XXX;XX
11719;XXXX;YYY;SNBGS;XXX;XX
11720;XXXX;KKK;XXX;XXX;XX
11722;XXXX;ÑÑÑ;FADFBA;XXX;XX
11723;XXXX;PPP;FDSBSDF;XXX;XX
11724;XXXX;QQQ;DFGN;XXX;XX
11725;XXXX;XXX;SNBGS;XXX;XX
11726;XXXX;YYY;XXX;XXX;XX
11727;XXXX;KKK;FADFBA;XXX;XX
11730;XXXX;ÑÑÑ;FDSBSDF;XXX;XX
11732;XXXX;PPP;DFGN;XXX;XX
11734;XXXX;QQQ;SNBGS;XXX;XX
11735;XXXX;XXX;XXX;XXX;XX
11736;XXXX;YYY;FADFBA;XXX;XX
11737;XXXX;KKK;FDSBSDF;XXX;XX
11738;XXXX;ÑÑÑ;DFGN;XXX;XX
11739;XXXX;PPP;SNBGS;XXX;XX
11740;XXXX;QQQ;XXX;XXX;XX
11741;XXXX;XXX;FADFBA;XXX;XX
11742;XXXX;YYY;FDSBSDF;XXX;XX
11743;XXXX;KKK;DFGN;XXX;XX
11744;XXXX;ÑÑÑ;SNBGS;XXX;XX
11746;XXXX;PPP;XXX;XXX;XX
11747;XXXX;QQQ;FADFBA;XXX;XX
11748;XXXX;XXX;FDSBSDF;XXX;XX
11749;XXXX;YYY;DFGN;XXX;XX
11750;XXXX;KKK;SNBGS;XXX;XX
11751;XXXX;ÑÑÑ;XXX;XXX;XX
11752;XXXX;PPP;FADFBA;XXX;XX
11753;XXXX;QQQ;FDSBSDF;XXX;XX
11754;XXXX;XXX;DFGN;XXX;XX
11756;XXXX;YYY;SNBGS;XXX;XX
11757;XXXX;KKK;XXX;XXX;XX
11758;XXXX;ÑÑÑ;FADFBA;XXX;XX
11759;XXXX;PPP;FDSBSDF;XXX;XX
11761;XXXX;QQQ;DFGN;XXX;XX
11762;XXXX;XXX;SNBGS;XXX;XX
11763;XXXX;YYY;XXX;XXX;XX
11764;XXXX;KKK;FADFBA;XXX;XX
11766;XXXX;ÑÑÑ;FDSBSDF;XXX;XX
11769;XXXX;PPP;DFGN;XXX;XX
11771;XXXX;QQQ;SNBGS;XXX;XX
11772;XXXX;XXX;XXX;XXX;XX
11773;XXXX;YYY;FADFBA;XXX;XX
11774;XXXX;KKK;FDSBSDF;XXX;XX
11775;XXXX;ÑÑÑ;DFGN;XXX;XX
11776;XXXX;PPP;SNBGS;XXX;XX
11778;XXXX;QQQ;XXX;XXX;XX
11779;XXXX;XXX;FADFBA;XXX;XX
11781;XXXX;YYY;FDSBSDF;XXX;XX
11782;XXXX;KKK;DFGN;XXX;XX
11783;XXXX;ÑÑÑ;SNBGS;XXX;XX
11784;XXXX;PPP;XXX;XXX;XX
11786;XXXX;QQQ;FADFBA;XXX;XX
11787;XXXX;XXX;FDSBSDF;XXX;XX
11788;XXXX;YYY;DFGN;XXX;XX
11789;XXXX;KKK;SNBGS;XXX;XX
11791;XXXX;ÑÑÑ;XXX;XXX;XX
11792;XXXX;PPP;FADFBA;XXX;XX
11793;XXXX;QQQ;FDSBSDF;XXX;XX
11794;XXXX;XXX;DFGN;XXX;XX
11795;XXXX;YYY;SNBGS;XXX;XX
11796;XXXX;KKK;XXX;XXX;XX
11797;XXXX;ÑÑÑ;FADFBA;XXX;XX
11798;XXXX;PPP;FDSBSDF;XXX;XX
11800;XXXX;QQQ;DFGN;XXX;XX
11801;XXXX;XXX;SNBGS;XXX;XX
11802;XXXX;YYY;XXX;XXX;XX
11804;XXXX;KKK;FADFBA;XXX;XX
11805;XXXX;ÑÑÑ;FDSBSDF;XXX;XX
11806;XXXX;PPP;DFGN;XXX;XX
11807;XXXX;QQQ;SNBGS;XXX;XX
11808;XXXX;XXX;XXX;XXX;XX
11809;XXXX;YYY;FADFBA;XXX;XX
11810;XXXX;KKK;FDSBSDF;XXX;XX
11811;XXXX;ÑÑÑ;DFGN;XXX;XX
11813;XXXX;PPP;SNBGS;XXX;XX
11814;XXXX;QQQ;XXX;XXX;XX
11815;XXXX;XXX;FADFBA;XXX;XX
11816;XXXX;YYY;FDSBSDF;XXX;XX
11817;XXXX;KKK;DFGN;XXX;XX
11818;XXXX;ÑÑÑ;SNBGS;XXX;XX
11819;XXXX;PPP;XXX;XXX;XX
11821;XXXX;QQQ;FADFBA;XXX;XX
11822;XXXX;XXX;FDSBSDF;XXX;XX
11823;XXXX;YYY;DFGN;XXX;XX
11824;XXXX;KKK;SNBGS;XXX;XX
11826;XXXX;ÑÑÑ;XXX;XXX;XX
11827;XXXX;PPP;FADFBA;XXX;XX
11829;XXXX;QQQ;FDSBSDF;XXX;XX
11832;XXXX;XXX;DFGN;XXX;XX
11833;XXXX;YYY;SNBGS;XXX;XX
11834;XXXX;KKK;XXX;XXX;XX
11835;XXXX;ÑÑÑ;FADFBA;XXX;XX
11836;XXXX;PPP;FDSBSDF;XXX;XX
11837;XXXX;QQQ;DFGN;XXX;XX
11838;XXXX;XXX;SNBGS;XXX;XX
11839;XXXX;YYY;XXX;XXX;XX
11840;XXXX;KKK;FADFBA;XXX;XX
11841;XXXX;ÑÑÑ;FDSBSDF;XXX;XX
11842;XXXX;PPP;DFGN;XXX;XX
11843;XXXX;QQQ;SNBGS;XXX;XX
11844;XXXX;XXX;XXX;XXX;XX
11845;XXXX;YYY;FADFBA;XXX;XX
11846;XXXX;KKK;FDSBSDF;XXX;XX
11847;XXXX;ÑÑÑ;DFGN;XXX;XX
11850;XXXX;PPP;SNBGS;XXX;XX
11851;XXXX;QQQ;XXX;XXX;XX
11852;XXXX;XXX;FADFBA;XXX;XX
11853;XXXX;YYY;FDSBSDF;XXX;XX
11854;XXXX;KKK;DFGN;XXX;XX
11855;XXXX;ÑÑÑ;SNBGS;XXX;XX
11857;XXXX;PPP;XXX;XXX;XX
11858;XXXX;QQQ;FADFBA;XXX;XX
11859;XXXX;XXX;FDSBSDF;XXX;XX
11860;XXXX;YYY;DFGN;XXX;XX
11861;XXXX;KKK;SNBGS;XXX;XX
11863;XXXX;ÑÑÑ;XXX;XXX;XX
11864;XXXX;PPP;FADFBA;XXX;XX
11865;XXXX;QQQ;FDSBSDF;XXX;XX
11867;XXXX;XXX;DFGN;XXX;XX
11869;XXXX;YYY;SNBGS;XXX;XX
11870;XXXX;KKK;XXX;XXX;XX
11871;XXXX;ÑÑÑ;FADFBA;XXX;XX
11872;XXXX;PPP;FDSBSDF;XXX;XX
11873;XXXX;QQQ;DFGN;XXX;XX
11874;XXXX;XXX;SNBGS;XXX;XX
11875;XXXX;YYY;XXX;XXX;XX
11876;XXXX;KKK;FADFBA;XXX;XX
11877;XXXX;ÑÑÑ;FDSBSDF;XXX;XX
11878;XXXX;PPP;DFGN;XXX;XX
11879;XXXX;QQQ;SNBGS;XXX;XX
11880;XXXX;XXX;XXX;XXX;XX
11881;XXXX;YYY;FADFBA;XXX;XX
11882;XXXX;KKK;FDSBSDF;XXX;XX
11883;XXXX;ÑÑÑ;DFGN;XXX;XX
11884;XXXX;PPP;SNBGS;XXX;XX
11885;XXXX;QQQ;XXX;XXX;XX
11886;XXXX;XXX;FADFBA;XXX;XX
11887;XXXX;YYY;FDSBSDF;XXX;XX
11889;XXXX;KKK;DFGN;XXX;XX
11890;XXXX;ÑÑÑ;SNBGS;XXX;XX
11892;XXXX;PPP;XXX;XXX;XX
11893;XXXX;QQQ;FADFBA;XXX;XX
11894;XXXX;XXX;FDSBSDF;XXX;XX
11896;XXXX;YYY;DFGN;XXX;XX
11897;XXXX;KKK;SNBGS;XXX;XX
11898;XXXX;ÑÑÑ;XXX;XXX;XX
11899;XXXX;PPP;FADFBA;XXX;XX
11900;XXXX;QQQ;FDSBSDF;XXX;XX
11901;XXXX;XXX;DFGN;XXX;XX
11902;XXXX;YYY;SNBGS;XXX;XX
11903;XXXX;KKK;XXX;XXX;XX
11904;XXXX;ÑÑÑ;FADFBA;XXX;XX
11905;XXXX;PPP;FDSBSDF;XXX;XX
11906;XXXX;QQQ;DFGN;XXX;XX
11907;XXXX;XXX;SNBGS;XXX;XX
11908;XXXX;YYY;XXX;XXX;XX
11909;XXXX;KKK;FADFBA;XXX;XX
11910;XXXX;ÑÑÑ;FDSBSDF;XXX;XX
11912;XXXX;PPP;DFGN;XXX;XX
11913;XXXX;QQQ;SNBGS;XXX;XX
11914;XXXX;XXX;XXX;XXX;XX
11915;XXXX;YYY;FADFBA;XXX;XX
11916;XXXX;KKK;FDSBSDF;XXX;XX
11917;XXXX;ÑÑÑ;DFGN;XXX;XX
11918;XXXX;PPP;SNBGS;XXX;XX
11919;XXXX;QQQ;XXX;XXX;XX
11920;XXXX;XXX;FADFBA;XXX;XX
11921;XXXX;YYY;FDSBSDF;XXX;XX
11922;XXXX;KKK;DFGN;XXX;XX
11923;XXXX;ÑÑÑ;SNBGS;XXX;XX
11924;XXXX;PPP;XXX;XXX;XX
11925;XXXX;QQQ;FADFBA;XXX;XX
11926;XXXX;XXX;FDSBSDF;XXX;XX
11927;XXXX;YYY;DFGN;XXX;XX
11928;XXXX;KKK;SNBGS;XXX;XX
11929;XXXX;ÑÑÑ;XXX;XXX;XX
11930;XXXX;PPP;FADFBA;XXX;XX
11932;XXXX;QQQ;FDSBSDF;XXX;XX
11933;XXXX;XXX;DFGN;XXX;XX
11934;XXXX;YYY;SNBGS;XXX;XX
11935;XXXX;KKK;XXX;XXX;XX
11937;XXXX;ÑÑÑ;FADFBA;XXX;XX
11938;XXXX;PPP;FDSBSDF;XXX;XX
11939;XXXX;QQQ;DFGN;XXX;XX
11940;XXXX;XXX;SNBGS;XXX;XX
11941;XXXX;YYY;XXX;XXX;XX
11942;XXXX;KKK;FADFBA;XXX;XX
11943;XXXX;ÑÑÑ;FDSBSDF;XXX;XX
11944;XXXX;PPP;DFGN;XXX;XX
11946;XXXX;QQQ;SNBGS;XXX;XX
11948;XXXX;XXX;XXX;XXX;XX
11949;XXXX;YYY;FADFBA;XXX;XX
11951;XXXX;KKK;FDSBSDF;XXX;XX
11952;XXXX;ÑÑÑ;DFGN;XXX;XX
11953;XXXX;PPP;SNBGS;XXX;XX
11954;XXXX;QQQ;XXX;XXX;XX
11955;XXXX;XXX;FADFBA;XXX;XX
11956;XXXX;YYY;FDSBSDF;XXX;XX
11957;XXXX;KKK;DFGN;XXX;XX
11958;XXXX;ÑÑÑ;SNBGS;XXX;XX
11959;XXXX;PPP;XXX;XXX;XX
11960;XXXX;QQQ;FADFBA;XXX;XX
11961;XXXX;XXX;FDSBSDF;XXX;XX
11963;XXXX;YYY;DFGN;XXX;XX
11964;XXXX;KKK;SNBGS;XXX;XX
11965;XXXX;ÑÑÑ;XXX;XXX;XX
11967;XXXX;PPP;FADFBA;XXX;XX
11968;XXXX;QQQ;FDSBSDF;XXX;XX
11970;XXXX;XXX;DFGN;XXX;XX
11971;XXXX;YYY;SNBGS;XXX;XX
11972;XXXX;KKK;XXX;XXX;XX
11973;XXXX;ÑÑÑ;FADFBA;XXX;XX
11974;XXXX;PPP;FDSBSDF;XXX;XX
11975;XXXX;QQQ;DFGN;XXX;XX
11976;XXXX;XXX;SNBGS;XXX;XX
11977;XXXX;YYY;XXX;XXX;XX
11978;XXXX;KKK;FADFBA;XXX;XX
11979;XXXX;ÑÑÑ;FDSBSDF;XXX;XX
11981;XXXX;PPP;DFGN;XXX;XX
11982;XXXX;QQQ;SNBGS;XXX;XX
11983;XXXX;XXX;XXX;XXX;XX
11984;XXXX;YYY;FADFBA;XXX;XX
11985;XXXX;KKK;FDSBSDF;XXX;XX
11986;XXXX;ÑÑÑ;DFGN;XXX;XX
11987;XXXX;PPP;SNBGS;XXX;XX
11988;XXXX;QQQ;XXX;XXX;XX
11989;XXXX;XXX;FADFBA;XXX;XX
11990;XXXX;YYY;FDSBSDF;XXX;XX
11991;XXXX;KKK;DFGN;XXX;XX
11993;XXXX;ÑÑÑ;SNBGS;XXX;XX
11994;XXXX;PPP;XXX;XXX;XX
11995;XXXX;QQQ;FADFBA;XXX;XX
11997;XXXX;XXX;FDSBSDF;XXX;XX
11998;XXXX;YYY;DFGN;XXX;XX
11999;XXXX;KKK;SNBGS;XXX;XX
12000;XXXX;ÑÑÑ;XXX;XXX;XX
12004;XXXX;PPP;FADFBA;XXX;XX
12005;XXXX;QQQ;FDSBSDF;XXX;XX
12008;XXXX;XXX;DFGN;XXX;XX
12010;XXXX;YYY;SNBGS;XXX;XX
12012;XXXX;KKK;XXX;XXX;XX
12013;XXXX;ÑÑÑ;FADFBA;XXX;XX
12016;XXXX;PPP;FDSBSDF;XXX;XX
12017;XXXX;QQQ;DFGN;XXX;XX
12018;XXXX;XXX;SNBGS;XXX;XX
12019;XXXX;YYY;XXX;XXX;XX
12020;XXXX;KKK;FADFBA;XXX;XX
12021;XXXX;ÑÑÑ;FDSBSDF;XXX;XX
12022;XXXX;PPP;DFGN;XXX;XX
12023;XXXX;QQQ;SNBGS;XXX;XX
12025;XXXX;XXX;XXX;XXX;XX
12026;XXXX;YYY;FADFBA;XXX;XX
12027;XXXX;KKK;FDSBSDF;XXX;XX
12028;XXXX;ÑÑÑ;DFGN;XXX;XX
12030;XXXX;PPP;SNBGS;XXX;XX
12031;XXXX;QQQ;XXX;XXX;XX
12032;XXXX;XXX;FADFBA;XXX;XX
12033;XXXX;YYY;FDSBSDF;XXX;XX
12034;XXXX;KKK;DFGN;XXX;XX
12035;XXXX;ÑÑÑ;SNBGS;XXX;XX
12036;XXXX;PPP;XXX;XXX;XX
12037;XXXX;QQQ;FADFBA;XXX;XX
12038;XXXX;XXX;FDSBSDF;XXX;XX
12039;XXXX;YYY;DFGN;XXX;XX
12040;XXXX;KKK;SNBGS;XXX;XX
12041;XXXX;ÑÑÑ;XXX;XXX;XX
12042;XXXX;PPP;FADFBA;XXX;XX
12043;XXXX;QQQ;FDSBSDF;XXX;XX
12044;XXXX;XXX;DFGN;XXX;XX
12045;XXXX;YYY;SNBGS;XXX;XX
12046;XXXX;KKK;XXX;XXX;XX
12047;XXXX;ÑÑÑ;FADFBA;XXX;XX
12048;XXXX;PPP;FDSBSDF;XXX;XX
12049;XXXX;QQQ;DFGN;XXX;XX
12050;XXXX;XXX;SNBGS;XXX;XX
12051;XXXX;YYY;XXX;XXX;XX
12052;XXXX;KKK;FADFBA;XXX;XX
12053;XXXX;ÑÑÑ;FDSBSDF;XXX;XX
12054;XXXX;PPP;DFGN;XXX;XX
12055;XXXX;QQQ;SNBGS;XXX;XX
12056;XXXX;XXX;XXX;XXX;XX
12057;XXXX;YYY;FADFBA;XXX;XX
12058;XXXX;KKK;FDSBSDF;XXX;XX
12059;XXXX;ÑÑÑ;DFGN;XXX;XX
12060;XXXX;PPP;SNBGS;XXX;XX
12061;XXXX;QQQ;XXX;XXX;XX
12062;XXXX;XXX;FADFBA;XXX;XX
12063;XXXX;YYY;FDSBSDF;XXX;XX
12064;XXXX;KKK;DFGN;XXX;XX
12065;XXXX;ÑÑÑ;SNBGS;XXX;XX
12066;XXXX;PPP;XXX;XXX;XX
12067;XXXX;QQQ;FADFBA;XXX;XX
12068;XXXX;XXX;FDSBSDF;XXX;XX
12069;XXXX;YYY;DFGN;XXX;XX
12070;XXXX;KKK;SNBGS;XXX;XX
12071;XXXX;ÑÑÑ;XXX;XXX;XX
12072;XXXX;PPP;FADFBA;XXX;XX
12073;XXXX;QQQ;FDSBSDF;XXX;XX
12074;XXXX;XXX;DFGN;XXX;XX
12075;XXXX;YYY;SNBGS;XXX;XX
12076;XXXX;KKK;XXX;XXX;XX
12077;XXXX;ÑÑÑ;FADFBA;XXX;XX
12080;XXXX;PPP;FDSBSDF;XXX;XX
12081;XXXX;QQQ;DFGN;XXX;XX
12082;XXXX;XXX;SNBGS;XXX;XX
12085;XXXX;YYY;XXX;XXX;XX
12086;XXXX;KKK;FADFBA;XXX;XX
12087;XXXX;ÑÑÑ;FDSBSDF;XXX;XX
12088;XXXX;PPP;DFGN;XXX;XX
12089;XXXX;QQQ;SNBGS;XXX;XX
12091;XXXX;XXX;XXX;XXX;XX
12092;XXXX;YYY;FADFBA;XXX;XX
12093;XXXX;KKK;FDSBSDF;XXX;XX
12094;XXXX;ÑÑÑ;DFGN;XXX;XX
12096;XXXX;PPP;SNBGS;XXX;XX
12097;XXXX;QQQ;XXX;XXX;XX
12098;XXXX;XXX;FADFBA;XXX;XX
12099;XXXX;YYY;FDSBSDF;XXX;XX
12100;XXXX;KKK;DFGN;XXX;XX
12101;XXXX;ÑÑÑ;SNBGS;XXX;XX
12102;XXXX;PPP;XXX;XXX;XX
12103;XXXX;QQQ;FADFBA;XXX;XX
12104;XXXX;XXX;FDSBSDF;XXX;XX
12105;XXXX;YYY;DFGN;XXX;XX
12106;XXXX;KKK;SNBGS;XXX;XX
12108;XXXX;ÑÑÑ;XXX;XXX;XX
12110;XXXX;PPP;FADFBA;XXX;XX
12111;XXXX;QQQ;FDSBSDF;XXX;XX
12112;XXXX;XXX;DFGN;XXX;XX
12113;XXXX;YYY;SNBGS;XXX;XX
12114;XXXX;KKK;XXX;XXX;XX
12115;XXXX;ÑÑÑ;FADFBA;XXX;XX
12116;XXXX;PPP;FDSBSDF;XXX;XX
12117;XXXX;QQQ;DFGN;XXX;XX
12118;XXXX;XXX;SNBGS;XXX;XX
12119;XXXX;YYY;XXX;XXX;XX
12120;XXXX;KKK;FADFBA;XXX;XX
12121;XXXX;ÑÑÑ;FDSBSDF;XXX;XX
12122;XXXX;PPP;DFGN;XXX;XX
12124;XXXX;QQQ;SNBGS;XXX;XX
12125;XXXX;XXX;XXX;XXX;XX
12126;XXXX;YYY;FADFBA;XXX;XX
12127;XXXX;KKK;FDSBSDF;XXX;XX
12129;XXXX;ÑÑÑ;DFGN;XXX;XX
12130;XXXX;PPP;SNBGS;XXX;XX
12131;XXXX;QQQ;XXX;XXX;XX
12132;XXXX;XXX;FADFBA;XXX;XX
12133;XXXX;YYY;FDSBSDF;XXX;XX
12134;XXXX;KKK;DFGN;XXX;XX
12136;XXXX;ÑÑÑ;SNBGS;XXX;XX
12137;XXXX;PPP;XXX;XXX;XX
12138;XXXX;QQQ;FADFBA;XXX;XX
12139;XXXX;XXX;FDSBSDF;XXX;XX
12141;XXXX;YYY;DFGN;XXX;XX
12142;XXXX;KKK;SNBGS;XXX;XX
12143;XXXX;ÑÑÑ;XXX;XXX;XX
12144;XXXX;PPP;FADFBA;XXX;XX
12145;XXXX;QQQ;FDSBSDF;XXX;XX
12147;XXXX;XXX;DFGN;XXX;XX
12148;XXXX;YYY;SNBGS;XXX;XX
12151;XXXX;KKK;XXX;XXX;XX
12152;XXXX;ÑÑÑ;FADFBA;XXX;XX
12153;XXXX;PPP;FDSBSDF;XXX;XX
12154;XXXX;QQQ;DFGN;XXX;XX
12155;XXXX;XXX;SNBGS;XXX;XX
12158;XXXX;YYY;XXX;XXX;XX
12159;XXXX;KKK;FADFBA;XXX;XX
12160;XXXX;ÑÑÑ;FDSBSDF;XXX;XX
12161;XXXX;PPP;DFGN;XXX;XX
12162;XXXX;QQQ;SNBGS;XXX;XX
12163;XXXX;XXX;XXX;XXX;XX
12164;XXXX;YYY;FADFBA;XXX;XX
12165;XXXX;KKK;FDSBSDF;XXX;XX
12166;XXXX;ÑÑÑ;DFGN;XXX;XX
12167;XXXX;PPP;SNBGS;XXX;XX
12168;XXXX;QQQ;XXX;XXX;XX
12169;XXXX;XXX;FADFBA;XXX;XX
12170;XXXX;YYY;FDSBSDF;XXX;XX
12171;XXXX;KKK;DFGN;XXX;XX
12172;XXXX;ÑÑÑ;SNBGS;XXX;XX
12173;XXXX;PPP;XXX;XXX;XX
12174;XXXX;QQQ;FADFBA;XXX;XX
12175;XXXX;XXX;FDSBSDF;XXX;XX
12177;XXXX;YYY;DFGN;XXX;XX
12178;XXXX;KKK;SNBGS;XXX;XX
12179;XXXX;ÑÑÑ;XXX;XXX;XX
12180;XXXX;PPP;FADFBA;XXX;XX
12181;XXXX;QQQ;FDSBSDF;XXX;XX
12182;XXXX;XXX;DFGN;XXX;XX
12183;XXXX;YYY;SNBGS;XXX;XX
12184;XXXX;KKK;XXX;XXX;XX
12185;XXXX;ÑÑÑ;FADFBA;XXX;XX
12186;XXXX;PPP;FDSBSDF;XXX;XX
12187;XXXX;QQQ;DFGN;XXX;XX
12188;XXXX;XXX;SNBGS;XXX;XX
12190;XXXX;YYY;XXX;XXX;XX
12191;XXXX;KKK;FADFBA;XXX;XX
12192;XXXX;ÑÑÑ;FDSBSDF;XXX;XX
12193;XXXX;PPP;DFGN;XXX;XX
12195;XXXX;QQQ;SNBGS;XXX;XX
12196;XXXX;XXX;XXX;XXX;XX
12197;XXXX;YYY;FADFBA;XXX;XX
12198;XXXX;KKK;FDSBSDF;XXX;XX
12199;XXXX;ÑÑÑ;DFGN;XXX;XX
12200;XXXX;PPP;SNBGS;XXX;XX
12201;XXXX;QQQ;XXX;XXX;XX
12202;XXXX;XXX;FADFBA;XXX;XX
12203;XXXX;YYY;FDSBSDF;XXX;XX
12204;XXXX;KKK;DFGN;XXX;XX
12206;XXXX;ÑÑÑ;SNBGS;XXX;XX
12209;XXXX;PPP;XXX;XXX;XX
12210;XXXX;QQQ;FADFBA;XXX;XX
12211;XXXX;XXX;FDSBSDF;XXX;XX
12212;XXXX;YYY;DFGN;XXX;XX
12213;XXXX;KKK;SNBGS;XXX;XX
12214;XXXX;ÑÑÑ;XXX;XXX;XX
12215;XXXX;PPP;FADFBA;XXX;XX
12216;XXXX;QQQ;FDSBSDF;XXX;XX
12217;XXXX;XXX;DFGN;XXX;XX
12218;XXXX;YYY;SNBGS;XXX;XX
12219;XXXX;KKK;XXX;XXX;XX
12220;XXXX;ÑÑÑ;FADFBA;XXX;XX
12221;XXXX;PPP;FDSBSDF;XXX;XX
12222;XXXX;QQQ;DFGN;XXX;XX
12223;XXXX;XXX;SNBGS;XXX;XX
12224;XXXX;YYY;XXX;XXX;XX
12225;XXXX;KKK;FADFBA;XXX;XX
12226;XXXX;ÑÑÑ;FDSBSDF;XXX;XX
12227;XXXX;PPP;DFGN;XXX;XX
12228;XXXX;QQQ;SNBGS;XXX;XX
12229;XXXX;XXX;XXX;XXX;XX
12230;XXXX;YYY;FADFBA;XXX;XX
12231;XXXX;KKK;FDSBSDF;XXX;XX
12233;XXXX;ÑÑÑ;DFGN;XXX;XX
12234;XXXX;PPP;SNBGS;XXX;XX
12235;XXXX;QQQ;XXX;XXX;XX
12236;XXXX;XXX;FADFBA;XXX;XX
12237;XXXX;YYY;FDSBSDF;XXX;XX
12238;XXXX;KKK;DFGN;XXX;XX
12239;XXXX;ÑÑÑ;SNBGS;XXX;XX
12240;XXXX;PPP;XXX;XXX;XX
12241;XXXX;QQQ;FADFBA;XXX;XX
12242;XXXX;XXX;FDSBSDF;XXX;XX
12243;XXXX;YYY;DFGN;XXX;XX
12244;XXXX;KKK;SNBGS;XXX;XX
12246;XXXX;ÑÑÑ;XXX;XXX;XX
12248;XXXX;PPP;FADFBA;XXX;XX
12249;XXXX;QQQ;FDSBSDF;XXX;XX
12250;XXXX;XXX;DFGN;XXX;XX
12251;XXXX;YYY;SNBGS;XXX;XX
12252;XXXX;KKK;XXX;XXX;XX
12253;XXXX;ÑÑÑ;FADFBA;XXX;XX
12254;XXXX;PPP;FDSBSDF;XXX;XX
12255;XXXX;QQQ;DFGN;XXX;XX
12256;XXXX;XXX;SNBGS;XXX;XX
12257;XXXX;YYY;XXX;XXX;XX
12258;XXXX;KKK;FADFBA;XXX;XX
12259;XXXX;ÑÑÑ;FDSBSDF;XXX;XX
12260;XXXX;PPP;DFGN;XXX;XX
12261;XXXX;QQQ;SNBGS;XXX;XX
12263;XXXX;XXX;XXX;XXX;XX
12264;XXXX;YYY;FADFBA;XXX;XX
12266;XXXX;KKK;FDSBSDF;XXX;XX
12267;XXXX;ÑÑÑ;DFGN;XXX;XX
12268;XXXX;PPP;SNBGS;XXX;XX
12269;XXXX;QQQ;XXX;XXX;XX
12272;XXXX;XXX;FADFBA;XXX;XX
12274;XXXX;YYY;FDSBSDF;XXX;XX
12275;XXXX;KKK;DFGN;XXX;XX
12276;XXXX;ÑÑÑ;SNBGS;XXX;XX
12277;XXXX;PPP;XXX;XXX;XX
12278;XXXX;QQQ;FADFBA;XXX;XX
12279;XXXX;XXX;FDSBSDF;XXX;XX
12280;XXXX;YYY;DFGN;XXX;XX
12281;XXXX;KKK;SNBGS;XXX;XX
12282;XXXX;ÑÑÑ;XXX;XXX;XX
12283;XXXX;PPP;FADFBA;XXX;XX
12284;XXXX;QQQ;FDSBSDF;XXX;XX
12285;XXXX;XXX;DFGN;XXX;XX
12286;XXXX;YYY;SNBGS;XXX;XX
12287;XXXX;KKK;XXX;XXX;XX
12288;XXXX;ÑÑÑ;FADFBA;XXX;XX
12289;XXXX;PPP;FDSBSDF;XXX;XX
12290;XXXX;QQQ;DFGN;XXX;XX
12291;XXXX;XXX;SNBGS;XXX;XX
12292;XXXX;YYY;XXX;XXX;XX
12293;XXXX;KKK;FADFBA;XXX;XX
12294;XXXX;ÑÑÑ;FDSBSDF;XXX;XX
12295;XXXX;PPP;DFGN;XXX;XX
12296;XXXX;QQQ;SNBGS;XXX;XX
12297;XXXX;XXX;XXX;XXX;XX
12298;XXXX;YYY;FADFBA;XXX;XX
12299;XXXX;KKK;FDSBSDF;XXX;XX
12300;XXXX;ÑÑÑ;DFGN;XXX;XX
12301;XXXX;PPP;SNBGS;XXX;XX
12302;XXXX;QQQ;XXX;XXX;XX
12303;XXXX;XXX;FADFBA;XXX;XX
12304;XXXX;YYY;FDSBSDF;XXX;XX
12305;XXXX;KKK;DFGN;XXX;XX
12306;XXXX;ÑÑÑ;SNBGS;XXX;XX
12307;XXXX;PPP;XXX;XXX;XX
12308;XXXX;QQQ;FADFBA;XXX;XX
12309;XXXX;XXX;FDSBSDF;XXX;XX
12310;XXXX;YYY;DFGN;XXX;XX
12311;XXXX;KKK;SNBGS;XXX;XX
12312;XXXX;ÑÑÑ;XXX;XXX;XX
12313;XXXX;PPP;FADFBA;XXX;XX
12314;XXXX;QQQ;FDSBSDF;XXX;XX
12315;XXXX;XXX;DFGN;XXX;XX
12316;XXXX;YYY;SNBGS;XXX;XX
12317;XXXX;KKK;XXX;XXX;XX
12318;XXXX;ÑÑÑ;FADFBA;XXX;XX
12319;XXXX;PPP;FDSBSDF;XXX;XX
12320;XXXX;QQQ;DFGN;XXX;XX
12321;XXXX;XXX;SNBGS;XXX;XX
12322;XXXX;YYY;XXX;XXX;XX
12323;XXXX;KKK;FADFBA;XXX;XX
12324;XXXX;ÑÑÑ;FDSBSDF;XXX;XX
12325;XXXX;PPP;DFGN;XXX;XX
12326;XXXX;QQQ;SNBGS;XXX;XX
12327;XXXX;XXX;XXX;XXX;XX
12328;XXXX;YYY;FADFBA;XXX;XX
12329;XXXX;KKK;FDSBSDF;XXX;XX
12330;XXXX;ÑÑÑ;DFGN;XXX;XX
12337;XXXX;PPP;SNBGS;XXX;XX
12339;XXXX;QQQ;XXX;XXX;XX
12340;XXXX;XXX;FADFBA;XXX;XX
12341;XXXX;YYY;FDSBSDF;XXX;XX
12342;XXXX;KKK;DFGN;XXX;XX
12343;XXXX;ÑÑÑ;SNBGS;XXX;XX
12344;XXXX;PPP;XXX;XXX;XX
12345;XXXX;QQQ;FADFBA;XXX;XX
12346;XXXX;XXX;FDSBSDF;XXX;XX
12347;XXXX;YYY;DFGN;XXX;XX
12348;XXXX;KKK;SNBGS;XXX;XX
12349;XXXX;ÑÑÑ;XXX;XXX;XX
12350;XXXX;PPP;FADFBA;XXX;XX
12351;XXXX;QQQ;FDSBSDF;XXX;XX
12352;XXXX;XXX;DFGN;XXX;XX
12353;XXXX;YYY;SNBGS;XXX;XX
12354;XXXX;KKK;XXX;XXX;XX
12355;XXXX;ÑÑÑ;FADFBA;XXX;XX
12356;XXXX;PPP;FDSBSDF;XXX;XX
12357;XXXX;QQQ;DFGN;XXX;XX
12358;XXXX;XXX;SNBGS;XXX;XX
12359;XXXX;YYY;XXX;XXX;XX
12360;XXXX;KKK;FADFBA;XXX;XX
12361;XXXX;ÑÑÑ;FDSBSDF;XXX;XX
12362;XXXX;PPP;DFGN;XXX;XX
12363;XXXX;QQQ;SNBGS;XXX;XX
12364;XXXX;XXX;XXX;XXX;XX
12365;XXXX;YYY;FADFBA;XXX;XX
12366;XXXX;KKK;FDSBSDF;XXX;XX
12367;XXXX;ÑÑÑ;DFGN;XXX;XX
12369;XXXX;PPP;SNBGS;XXX;XX
12370;XXXX;QQQ;XXX;XXX;XX
12373;XXXX;XXX;FADFBA;XXX;XX
12375;XXXX;YYY;FDSBSDF;XXX;XX
12376;XXXX;KKK;DFGN;XXX;XX
12377;XXXX;ÑÑÑ;SNBGS;XXX;XX
12378;XXXX;PPP;XXX;XXX;XX
12379;XXXX;QQQ;FADFBA;XXX;XX
12380;XXXX;XXX;FDSBSDF;XXX;XX
12387;XXXX;YYY;DFGN;XXX;XX
12388;XXXX;KKK;SNBGS;XXX;XX
12389;XXXX;ÑÑÑ;XXX;XXX;XX
12391;XXXX;PPP;FADFBA;XXX;XX
12392;XXXX;QQQ;FDSBSDF;XXX;XX
12393;XXXX;XXX;DFGN;XXX;XX
12394;XXXX;YYY;SNBGS;XXX;XX
12395;XXXX;KKK;XXX;XXX;XX
12396;XXXX;ÑÑÑ;FADFBA;XXX;XX
12397;XXXX;PPP;FDSBSDF;XXX;XX
12398;XXXX;QQQ;DFGN;XXX;XX
12399;XXXX;XXX;SNBGS;XXX;XX
12400;XXXX;YYY;XXX;XXX;XX
12401;XXXX;KKK;FADFBA;XXX;XX
12402;XXXX;ÑÑÑ;FDSBSDF;XXX;XX
12403;XXXX;PPP;DFGN;XXX;XX
12404;XXXX;QQQ;SNBGS;XXX;XX
12405;XXXX;XXX;XXX;XXX;XX
12406;XXXX;YYY;FADFBA;XXX;XX
12408;XXXX;KKK;FDSBSDF;XXX;XX
12409;XXXX;ÑÑÑ;DFGN;XXX;XX
12410;XXXX;PPP;SNBGS;XXX;XX
12411;XXXX;QQQ;XXX;XXX;XX
12413;XXXX;XXX;FADFBA;XXX;XX
12414;XXXX;YYY;FDSBSDF;XXX;XX
12415;XXXX;KKK;DFGN;XXX;XX
12416;XXXX;ÑÑÑ;SNBGS;XXX;XX
12417;XXXX;PPP;XXX;XXX;XX
12418;XXXX;QQQ;FADFBA;XXX;XX
12419;XXXX;XXX;FDSBSDF;XXX;XX
12420;XXXX;YYY;DFGN;XXX;XX
12421;XXXX;KKK;SNBGS;XXX;XX
12422;XXXX;ÑÑÑ;XXX;XXX;XX
12423;XXXX;PPP;FADFBA;XXX;XX
12424;XXXX;QQQ;FDSBSDF;XXX;XX
12425;XXXX;XXX;DFGN;XXX;XX
12426;XXXX;YYY;SNBGS;XXX;XX
12427;XXXX;KKK;XXX;XXX;XX
12429;XXXX;ÑÑÑ;FADFBA;XXX;XX
12430;XXXX;PPP;FDSBSDF;XXX;XX
12431;XXXX;QQQ;DFGN;XXX;XX
12432;XXXX;XXX;SNBGS;XXX;XX
12433;XXXX;YYY;XXX;XXX;XX
12435;XXXX;KKK;FADFBA;XXX;XX
12436;XXXX;ÑÑÑ;FDSBSDF;XXX;XX
12437;XXXX;PPP;DFGN;XXX;XX
12439;XXXX;QQQ;SNBGS;XXX;XX
12440;XXXX;XXX;XXX;XXX;XX
12441;XXXX;YYY;FADFBA;XXX;XX
12442;XXXX;KKK;FDSBSDF;XXX;XX
12443;XXXX;ÑÑÑ;DFGN;XXX;XX
12444;XXXX;PPP;SNBGS;XXX;XX
12445;XXXX;QQQ;XXX;XXX;XX
12446;XXXX;XXX;FADFBA;XXX;XX
12447;XXXX;YYY;FDSBSDF;XXX;XX
12448;XXXX;KKK;DFGN;XXX;XX
12449;XXXX;ÑÑÑ;SNBGS;XXX;XX
12450;XXXX;PPP;XXX;XXX;XX
12451;XXXX;QQQ;FADFBA;XXX;XX
12453;XXXX;XXX;FDSBSDF;XXX;XX
12454;XXXX;YYY;DFGN;XXX;XX
12455;XXXX;KKK;SNBGS;XXX;XX
12456;XXXX;ÑÑÑ;XXX;XXX;XX
12457;XXXX;PPP;FADFBA;XXX;XX
12458;XXXX;QQQ;FDSBSDF;XXX;XX
12459;XXXX;XXX;DFGN;XXX;XX
12460;XXXX;YYY;SNBGS;XXX;XX
12461;XXXX;KKK;XXX;XXX;XX
12463;XXXX;ÑÑÑ;FADFBA;XXX;XX
12464;XXXX;PPP;FDSBSDF;XXX;XX
12465;XXXX;QQQ;DFGN;XXX;XX
12466;XXXX;XXX;SNBGS;XXX;XX
12468;XXXX;YYY;XXX;XXX;XX
12469;XXXX;KKK;FADFBA;XXX;XX
12470;XXXX;ÑÑÑ;FDSBSDF;XXX;XX
12471;XXXX;PPP;DFGN;XXX;XX
12472;XXXX;QQQ;SNBGS;XXX;XX
12473;XXXX;XXX;XXX;XXX;XX
12474;XXXX;YYY;FADFBA;XXX;XX
12475;XXXX;KKK;FDSBSDF;XXX;XX
12476;XXXX;ÑÑÑ;DFGN;XXX;XX
12477;XXXX;PPP;SNBGS;XXX;XX
12478;XXXX;QQQ;XXX;XXX;XX
12479;XXXX;XXX;FADFBA;XXX;XX
12480;XXXX;YYY;FDSBSDF;XXX;XX
12481;XXXX;KKK;DFGN;XXX;XX
12482;XXXX;ÑÑÑ;SNBGS;XXX;XX
12483;XXXX;PPP;XXX;XXX;XX
12484;XXXX;QQQ;FADFBA;XXX;XX
12485;XXXX;XXX;FDSBSDF;XXX;XX
12486;XXXX;YYY;DFGN;XXX;XX
12487;XXXX;KKK;SNBGS;XXX;XX
12488;XXXX;ÑÑÑ;XXX;XXX;XX
12489;XXXX;PPP;FADFBA;XXX;XX
12490;XXXX;QQQ;FDSBSDF;XXX;XX
12492;XXXX;XXX;DFGN;XXX;XX
12493;XXXX;YYY;SNBGS;XXX;XX
12494;XXXX;KKK;XXX;XXX;XX
12495;XXXX;ÑÑÑ;FADFBA;XXX;XX
12496;XXXX;PPP;FDSBSDF;XXX;XX
12497;XXXX;QQQ;DFGN;XXX;XX
12499;XXXX;XXX;SNBGS;XXX;XX
12501;XXXX;YYY;XXX;XXX;XX
12503;XXXX;KKK;FADFBA;XXX;XX
12504;XXXX;ÑÑÑ;FDSBSDF;XXX;XX
12505;XXXX;PPP;DFGN;XXX;XX
12506;XXXX;QQQ;SNBGS;XXX;XX
12507;XXXX;XXX;XXX;XXX;XX
12508;XXXX;YYY;FADFBA;XXX;XX
12509;XXXX;KKK;FDSBSDF;XXX;XX
12510;XXXX;ÑÑÑ;DFGN;XXX;XX
12511;XXXX;PPP;SNBGS;XXX;XX
12512;XXXX;QQQ;XXX;XXX;XX
12513;XXXX;XXX;FADFBA;XXX;XX
12514;XXXX;YYY;FDSBSDF;XXX;XX
12515;XXXX;KKK;DFGN;XXX;XX
12516;XXXX;ÑÑÑ;SNBGS;XXX;XX
12517;XXXX;PPP;XXX;XXX;XX
12518;XXXX;QQQ;FADFBA;XXX;XX
12522;XXXX;XXX;FDSBSDF;XXX;XX
12523;XXXX;YYY;DFGN;XXX;XX
12524;XXXX;KKK;SNBGS;XXX;XX
12525;XXXX;ÑÑÑ;XXX;XXX;XX
12526;XXXX;PPP;FADFBA;XXX;XX
12527;XXXX;QQQ;FDSBSDF;XXX;XX
12528;XXXX;XXX;DFGN;XXX;XX
12529;XXXX;YYY;SNBGS;XXX;XX
12530;XXXX;KKK;XXX;XXX;XX
12531;XXXX;ÑÑÑ;FADFBA;XXX;XX
12534;XXXX;PPP;FDSBSDF;XXX;XX
12535;XXXX;QQQ;DFGN;XXX;XX
12538;XXXX;XXX;SNBGS;XXX;XX
12539;XXXX;YYY;XXX;XXX;XX
12541;XXXX;KKK;FADFBA;XXX;XX
12542;XXXX;ÑÑÑ;FDSBSDF;XXX;XX
12543;XXXX;PPP;DFGN;XXX;XX
12546;XXXX;QQQ;SNBGS;XXX;XX
12547;XXXX;XXX;XXX;XXX;XX
12548;XXXX;YYY;FADFBA;XXX;XX
12549;XXXX;KKK;FDSBSDF;XXX;XX
12551;XXXX;ÑÑÑ;DFGN;XXX;XX
12552;XXXX;PPP;SNBGS;XXX;XX
12553;XXXX;QQQ;XXX;XXX;XX
12554;XXXX;XXX;FADFBA;XXX;XX
12557;XXXX;YYY;FDSBSDF;XXX;XX
12559;XXXX;KKK;DFGN;XXX;XX
12560;XXXX;ÑÑÑ;SNBGS;XXX;XX
12562;XXXX;PPP;XXX;XXX;XX
12564;XXXX;QQQ;FADFBA;XXX;XX
12566;XXXX;XXX;FDSBSDF;XXX;XX
12567;XXXX;YYY;DFGN;XXX;XX
12570;XXXX;KKK;SNBGS;XXX;XX
12572;XXXX;ÑÑÑ;XXX;XXX;XX
12573;XXXX;PPP;FADFBA;XXX;XX
12575;XXXX;QQQ;FDSBSDF;XXX;XX
12577;XXXX;XXX;DFGN;XXX;XX
12578;XXXX;YYY;SNBGS;XXX;XX
12579;XXXX;KKK;XXX;XXX;XX
12580;XXXX;ÑÑÑ;FADFBA;XXX;XX
12585;XXXX;PPP;FDSBSDF;XXX;XX
12586;XXXX;QQQ;DFGN;XXX;XX
12588;XXXX;XXX;SNBGS;XXX;XX
12589;XXXX;YYY;XXX;XXX;XX
12590;XXXX;KKK;FADFBA;XXX;XX
12591;XXXX;ÑÑÑ;FDSBSDF;XXX;XX
12592;XXXX;PPP;DFGN;XXX;XX
12593;XXXX;QQQ;SNBGS;XXX;XX
12594;XXXX;XXX;XXX;XXX;XX
12595;XXXX;YYY;FADFBA;XXX;XX
12596;XXXX;KKK;FDSBSDF;XXX;XX
12597;XXXX;ÑÑÑ;DFGN;XXX;XX
12598;XXXX;PPP;SNBGS;XXX;XX
12599;XXXX;QQQ;XXX;XXX;XX
12600;XXXX;XXX;FADFBA;XXX;XX
12602;XXXX;YYY;FDSBSDF;XXX;XX
12603;XXXX;KKK;DFGN;XXX;XX
12605;XXXX;ÑÑÑ;SNBGS;XXX;XX
12606;XXXX;PPP;XXX;XXX;XX
12608;XXXX;QQQ;FADFBA;XXX;XX
12611;XXXX;XXX;FDSBSDF;XXX;XX
12612;XXXX;YYY;DFGN;XXX;XX
12613;XXXX;KKK;SNBGS;XXX;XX
12614;XXXX;ÑÑÑ;XXX;XXX;XX
12615;XXXX;PPP;FADFBA;XXX;XX
12617;XXXX;QQQ;FDSBSDF;XXX;XX
12618;XXXX;XXX;DFGN;XXX;XX
12621;XXXX;YYY;SNBGS;XXX;XX
12622;XXXX;KKK;XXX;XXX;XX
12623;XXXX;ÑÑÑ;FADFBA;XXX;XX
12624;XXXX;PPP;FDSBSDF;XXX;XX
12625;XXXX;QQQ;DFGN;XXX;XX
12626;XXXX;XXX;SNBGS;XXX;XX
12628;XXXX;YYY;XXX;XXX;XX
12629;XXXX;KKK;FADFBA;XXX;XX
12631;XXXX;ÑÑÑ;FDSBSDF;XXX;XX
12632;XXXX;PPP;DFGN;XXX;XX
12633;XXXX;QQQ;SNBGS;XXX;XX
12634;XXXX;XXX;XXX;XXX;XX
12635;XXXX;YYY;FADFBA;XXX;XX
12636;XXXX;KKK;FDSBSDF;XXX;XX
12637;XXXX;ÑÑÑ;DFGN;XXX;XX
12638;XXXX;PPP;SNBGS;XXX;XX
12639;XXXX;QQQ;XXX;XXX;XX
12640;XXXX;XXX;FADFBA;XXX;XX
12642;XXXX;YYY;FDSBSDF;XXX;XX
12643;XXXX;KKK;DFGN;XXX;XX
12644;XXXX;ÑÑÑ;SNBGS;XXX;XX
12645;XXXX;PPP;XXX;XXX;XX
12647;XXXX;QQQ;FADFBA;XXX;XX
12648;XXXX;XXX;FDSBSDF;XXX;XX
12649;XXXX;YYY;DFGN;XXX;XX
12650;XXXX;KKK;SNBGS;XXX;XX
12651;XXXX;ÑÑÑ;XXX;XXX;XX
12652;XXXX;PPP;FADFBA;XXX;XX
12653;XXXX;QQQ;FDSBSDF;XXX;XX
12654;XXXX;XXX;DFGN;XXX;XX
12655;XXXX;YYY;SNBGS;XXX;XX
12656;XXXX;KKK;XXX;XXX;XX
12658;XXXX;ÑÑÑ;FADFBA;XXX;XX
12659;XXXX;PPP;FDSBSDF;XXX;XX
12660;XXXX;QQQ;DFGN;XXX;XX
12661;XXXX;XXX;SNBGS;XXX;XX
12662;XXXX;YYY;XXX;XXX;XX
12663;XXXX;KKK;FADFBA;XXX;XX
12665;XXXX;ÑÑÑ;FDSBSDF;XXX;XX
12666;XXXX;PPP;DFGN;XXX;XX
12667;XXXX;QQQ;SNBGS;XXX;XX
12668;XXXX;XXX;XXX;XXX;XX
12669;XXXX;YYY;FADFBA;XXX;XX
12670;XXXX;KKK;FDSBSDF;XXX;XX
12671;XXXX;ÑÑÑ;DFGN;XXX;XX
12673;XXXX;PPP;SNBGS;XXX;XX
12675;XXXX;QQQ;XXX;XXX;XX
12676;XXXX;XXX;FADFBA;XXX;XX
12677;XXXX;YYY;FDSBSDF;XXX;XX
12678;XXXX;KKK;DFGN;XXX;XX
12679;XXXX;ÑÑÑ;SNBGS;XXX;XX
12680;XXXX;PPP;XXX;XXX;XX
12681;XXXX;QQQ;FADFBA;XXX;XX
12682;XXXX;XXX;FDSBSDF;XXX;XX
12685;XXXX;YYY;DFGN;XXX;XX
12686;XXXX;KKK;SNBGS;XXX;XX
12687;XXXX;ÑÑÑ;XXX;XXX;XX
12689;XXXX;PPP;FADFBA;XXX;XX
12690;XXXX;QQQ;FDSBSDF;XXX;XX
12691;XXXX;XXX;DFGN;XXX;XX
12692;XXXX;YYY;SNBGS;XXX;XX
12693;XXXX;KKK;XXX;XXX;XX
12694;XXXX;ÑÑÑ;FADFBA;XXX;XX
12695;XXXX;PPP;FDSBSDF;XXX;XX
12696;XXXX;QQQ;DFGN;XXX;XX
12697;XXXX;XXX;SNBGS;XXX;XX
12698;XXXX;YYY;XXX;XXX;XX
12699;XXXX;KKK;FADFBA;XXX;XX
12700;XXXX;ÑÑÑ;FDSBSDF;XXX;XX
12702;XXXX;PPP;DFGN;XXX;XX
12703;XXXX;QQQ;SNBGS;XXX;XX
12704;XXXX;XXX;XXX;XXX;XX
12705;XXXX;YYY;FADFBA;XXX;XX
12706;XXXX;KKK;FDSBSDF;XXX;XX
12707;XXXX;ÑÑÑ;DFGN;XXX;XX
12708;XXXX;PPP;SNBGS;XXX;XX
12709;XXXX;QQQ;XXX;XXX;XX
12711;XXXX;XXX;FADFBA;XXX;XX
12712;XXXX;YYY;FDSBSDF;XXX;XX
12713;XXXX;KKK;DFGN;XXX;XX
12714;XXXX;ÑÑÑ;SNBGS;XXX;XX
12715;XXXX;PPP;XXX;XXX;XX
12716;XXXX;QQQ;FADFBA;XXX;XX
12717;XXXX;XXX;FDSBSDF;XXX;XX
12718;XXXX;YYY;DFGN;XXX;XX
12719;XXXX;KKK;SNBGS;XXX;XX
12720;XXXX;ÑÑÑ;XXX;XXX;XX
12721;XXXX;PPP;FADFBA;XXX;XX
12722;XXXX;QQQ;FDSBSDF;XXX;XX
12723;XXXX;XXX;DFGN;XXX;XX
12724;XXXX;YYY;SNBGS;XXX;XX
12725;XXXX;KKK;XXX;XXX;XX
12726;XXXX;ÑÑÑ;FADFBA;XXX;XX
12727;XXXX;PPP;FDSBSDF;XXX;XX
12728;XXXX;QQQ;DFGN;XXX;XX
12730;XXXX;XXX;SNBGS;XXX;XX
12733;XXXX;YYY;XXX;XXX;XX
12734;XXXX;KKK;FADFBA;XXX;XX
12735;XXXX;ÑÑÑ;FDSBSDF;XXX;XX
12736;XXXX;PPP;DFGN;XXX;XX
12737;XXXX;QQQ;SNBGS;XXX;XX
12738;XXXX;XXX;XXX;XXX;XX
12739;XXXX;YYY;FADFBA;XXX;XX
12740;XXXX;KKK;FDSBSDF;XXX;XX
12741;XXXX;ÑÑÑ;DFGN;XXX;XX
12742;XXXX;PPP;SNBGS;XXX;XX
12745;XXXX;QQQ;XXX;XXX;XX
12746;XXXX;XXX;FADFBA;XXX;XX
12747;XXXX;YYY;FDSBSDF;XXX;XX
12748;XXXX;KKK;DFGN;XXX;XX
12749;XXXX;ÑÑÑ;SNBGS;XXX;XX
12750;XXXX;PPP;XXX;XXX;XX
12751;XXXX;QQQ;FADFBA;XXX;XX
12753;XXXX;XXX;FDSBSDF;XXX;XX
12754;XXXX;YYY;DFGN;XXX;XX
12755;XXXX;KKK;SNBGS;XXX;XX
12756;XXXX;ÑÑÑ;XXX;XXX;XX
12757;XXXX;PPP;FADFBA;XXX;XX
12758;XXXX;QQQ;FDSBSDF;XXX;XX
12759;XXXX;XXX;DFGN;XXX;XX
12760;XXXX;YYY;SNBGS;XXX;XX
12761;XXXX;KKK;XXX;XXX;XX
12762;XXXX;ÑÑÑ;FADFBA;XXX;XX
12763;XXXX;PPP;FDSBSDF;XXX;XX
12764;XXXX;QQQ;DFGN;XXX;XX
12765;XXXX;XXX;SNBGS;XXX;XX
12766;XXXX;YYY;XXX;XXX;XX
12767;XXXX;KKK;FADFBA;XXX;XX
12768;XXXX;ÑÑÑ;FDSBSDF;XXX;XX
12769;XXXX;PPP;DFGN;XXX;XX
12770;XXXX;QQQ;SNBGS;XXX;XX
12771;XXXX;XXX;XXX;XXX;XX
12772;XXXX;YYY;FADFBA;XXX;XX
12773;XXXX;KKK;FDSBSDF;XXX;XX
12774;XXXX;ÑÑÑ;DFGN;XXX;XX
12775;XXXX;PPP;SNBGS;XXX;XX
12780;XXXX;QQQ;XXX;XXX;XX
12782;XXXX;XXX;FADFBA;XXX;XX
12783;XXXX;YYY;FDSBSDF;XXX;XX
12784;XXXX;KKK;DFGN;XXX;XX
12786;XXXX;ÑÑÑ;SNBGS;XXX;XX
12787;XXXX;PPP;XXX;XXX;XX
12788;XXXX;QQQ;FADFBA;XXX;XX
12791;XXXX;XXX;FDSBSDF;XXX;XX
12793;XXXX;YYY;DFGN;XXX;XX
12795;XXXX;KKK;SNBGS;XXX;XX
12796;XXXX;ÑÑÑ;XXX;XXX;XX
12797;XXXX;PPP;FADFBA;XXX;XX
12799;XXXX;QQQ;FDSBSDF;XXX;XX
12800;XXXX;XXX;DFGN;XXX;XX
12801;XXXX;YYY;SNBGS;XXX;XX
12802;XXXX;KKK;XXX;XXX;XX
12803;XXXX;ÑÑÑ;FADFBA;XXX;XX
12805;XXXX;PPP;FDSBSDF;XXX;XX
12806;XXXX;QQQ;DFGN;XXX;XX
12808;XXXX;XXX;SNBGS;XXX;XX
12810;XXXX;YYY;XXX;XXX;XX
12811;XXXX;KKK;FADFBA;XXX;XX
12812;XXXX;ÑÑÑ;FDSBSDF;XXX;XX
12813;XXXX;PPP;DFGN;XXX;XX
12814;XXXX;QQQ;SNBGS;XXX;XX
12815;XXXX;XXX;XXX;XXX;XX
12816;XXXX;YYY;FADFBA;XXX;XX
12819;XXXX;KKK;FDSBSDF;XXX;XX
12820;XXXX;ÑÑÑ;DFGN;XXX;XX
12821;XXXX;PPP;SNBGS;XXX;XX
12822;XXXX;QQQ;XXX;XXX;XX
12823;XXXX;XXX;FADFBA;XXX;XX
12824;XXXX;YYY;FDSBSDF;XXX;XX
12825;XXXX;KKK;DFGN;XXX;XX
12826;XXXX;ÑÑÑ;SNBGS;XXX;XX
12827;XXXX;PPP;XXX;XXX;XX
12828;XXXX;QQQ;FADFBA;XXX;XX
12830;XXXX;XXX;FDSBSDF;XXX;XX
12831;XXXX;YYY;DFGN;XXX;XX
12832;XXXX;KKK;SNBGS;XXX;XX
12833;XXXX;ÑÑÑ;XXX;XXX;XX
12835;XXXX;PPP;FADFBA;XXX;XX
12836;XXXX;QQQ;FDSBSDF;XXX;XX
12837;XXXX;XXX;DFGN;XXX;XX
12838;XXXX;YYY;SNBGS;XXX;XX
12839;XXXX;KKK;XXX;XXX;XX
12840;XXXX;ÑÑÑ;FADFBA;XXX;XX
12841;XXXX;PPP;FDSBSDF;XXX;XX
12842;XXXX;QQQ;DFGN;XXX;XX
12844;XXXX;XXX;SNBGS;XXX;XX
12846;XXXX;YYY;XXX;XXX;XX
12847;XXXX;KKK;FADFBA;XXX;XX
12848;XXXX;ÑÑÑ;FDSBSDF;XXX;XX
12849;XXXX;PPP;DFGN;XXX;XX
12850;XXXX;QQQ;SNBGS;XXX;XX
12852;XXXX;XXX;XXX;XXX;XX
12853;XXXX;YYY;FADFBA;XXX;XX
12860;XXXX;KKK;FDSBSDF;XXX;XX
12886;XXXX;ÑÑÑ;DFGN;XXX;XX
12887;XXXX;PPP;SNBGS;XXX;XX
12889;XXXX;QQQ;XXX;XXX;XX
12907;XXXX;XXX;FADFBA;XXX;XX
12908;XXXX;YYY;FDSBSDF;XXX;XX
12913;XXXX;KKK;DFGN;XXX;XX
12914;XXXX;ÑÑÑ;SNBGS;XXX;XX
12915;XXXX;PPP;XXX;XXX;XX
12916;XXXX;QQQ;FADFBA;XXX;XX
12918;XXXX;XXX;FDSBSDF;XXX;XX
12923;XXXX;YYY;DFGN;XXX;XX
12924;XXXX;KKK;SNBGS;XXX;XX
12928;XXXX;ÑÑÑ;XXX;XXX;XX
12930;XXXX;PPP;FADFBA;XXX;XX
12932;XXXX;QQQ;FDSBSDF;XXX;XX
12933;XXXX;XXX;DFGN;XXX;XX
12934;XXXX;YYY;SNBGS;XXX;XX
12935;XXXX;KKK;XXX;XXX;XX
12936;XXXX;ÑÑÑ;FADFBA;XXX;XX
12937;XXXX;PPP;FDSBSDF;XXX;XX
12939;XXXX;QQQ;DFGN;XXX;XX
12940;XXXX;XXX;SNBGS;XXX;XX
12941;XXXX;YYY;XXX;XXX;XX
12942;XXXX;KKK;FADFBA;XXX;XX
12943;XXXX;ÑÑÑ;FDSBSDF;XXX;XX
12944;XXXX;PPP;DFGN;XXX;XX
12945;XXXX;QQQ;SNBGS;XXX;XX
12946;XXXX;XXX;XXX;XXX;XX
12947;XXXX;YYY;FADFBA;XXX;XX
12948;XXXX;KKK;FDSBSDF;XXX;XX
12949;XXXX;ÑÑÑ;DFGN;XXX;XX
12951;XXXX;PPP;SNBGS;XXX;XX
12953;XXXX;QQQ;XXX;XXX;XX
12954;XXXX;XXX;FADFBA;XXX;XX
12955;XXXX;YYY;FDSBSDF;XXX;XX
12956;XXXX;KKK;DFGN;XXX;XX
12957;XXXX;ÑÑÑ;SNBGS;XXX;XX
12958;XXXX;PPP;XXX;XXX;XX
12959;XXXX;QQQ;FADFBA;XXX;XX
12960;XXXX;XXX;FDSBSDF;XXX;XX
12961;XXXX;YYY;DFGN;XXX;XX
12962;XXXX;KKK;SNBGS;XXX;XX
12963;XXXX;ÑÑÑ;XXX;XXX;XX
12964;XXXX;PPP;FADFBA;XXX;XX
12965;XXXX;QQQ;FDSBSDF;XXX;XX
12966;XXXX;XXX;DFGN;XXX;XX
12967;XXXX;YYY;SNBGS;XXX;XX
12968;XXXX;KKK;XXX;XXX;XX
12969;XXXX;ÑÑÑ;FADFBA;XXX;XX
12970;XXXX;PPP;FDSBSDF;XXX;XX
12972;XXXX;QQQ;DFGN;XXX;XX
12974;XXXX;XXX;SNBGS;XXX;XX
12975;XXXX;YYY;XXX;XXX;XX
12976;XXXX;KKK;FADFBA;XXX;XX
12977;XXXX;ÑÑÑ;FDSBSDF;XXX;XX
12979;XXXX;PPP;DFGN;XXX;XX
12980;XXXX;QQQ;SNBGS;XXX;XX
12982;XXXX;XXX;XXX;XXX;XX
12983;XXXX;YYY;FADFBA;XXX;XX
12986;XXXX;KKK;FDSBSDF;XXX;XX
12987;XXXX;ÑÑÑ;DFGN;XXX;XX
12988;XXXX;PPP;SNBGS;XXX;XX
12990;XXXX;QQQ;XXX;XXX;XX
12991;XXXX;XXX;FADFBA;XXX;XX
12992;XXXX;YYY;FDSBSDF;XXX;XX
12993;XXXX;KKK;DFGN;XXX;XX
12994;XXXX;ÑÑÑ;SNBGS;XXX;XX
12995;XXXX;PPP;XXX;XXX;XX
12996;XXXX;QQQ;FADFBA;XXX;XX
12997;XXXX;XXX;FDSBSDF;XXX;XX
12998;XXXX;YYY;DFGN;XXX;XX
13000;XXXX;KKK;SNBGS;XXX;XX
13001;XXXX;ÑÑÑ;XXX;XXX;XX
13002;XXXX;PPP;FADFBA;XXX;XX
13003;XXXX;QQQ;FDSBSDF;XXX;XX
13004;XXXX;XXX;DFGN;XXX;XX
13005;XXXX;YYY;SNBGS;XXX;XX
13006;XXXX;KKK;XXX;XXX;XX
13007;XXXX;ÑÑÑ;FADFBA;XXX;XX
13008;XXXX;PPP;FDSBSDF;XXX;XX
13009;XXXX;QQQ;DFGN;XXX;XX
13010;XXXX;XXX;SNBGS;XXX;XX
13011;XXXX;YYY;XXX;XXX;XX
13012;XXXX;KKK;FADFBA;XXX;XX
13013;XXXX;ÑÑÑ;FDSBSDF;XXX;XX
13014;XXXX;PPP;DFGN;XXX;XX
13015;XXXX;QQQ;SNBGS;XXX;XX
13016;XXXX;XXX;XXX;XXX;XX
13017;XXXX;YYY;FADFBA;XXX;XX
13018;XXXX;KKK;FDSBSDF;XXX;XX
13019;XXXX;ÑÑÑ;DFGN;XXX;XX
13020;XXXX;PPP;SNBGS;XXX;XX
13022;XXXX;QQQ;XXX;XXX;XX
13024;XXXX;XXX;FADFBA;XXX;XX
13025;XXXX;YYY;FDSBSDF;XXX;XX
13026;XXXX;KKK;DFGN;XXX;XX
13027;XXXX;ÑÑÑ;SNBGS;XXX;XX
13028;XXXX;PPP;XXX;XXX;XX
13029;XXXX;QQQ;FADFBA;XXX;XX
13030;XXXX;XXX;FDSBSDF;XXX;XX
13032;XXXX;YYY;DFGN;XXX;XX
13033;XXXX;KKK;SNBGS;XXX;XX
13034;XXXX;ÑÑÑ;XXX;XXX;XX
13035;XXXX;PPP;FADFBA;XXX;XX
13036;XXXX;QQQ;FDSBSDF;XXX;XX
13039;XXXX;XXX;DFGN;XXX;XX
13040;XXXX;YYY;SNBGS;XXX;XX
13041;XXXX;KKK;XXX;XXX;XX
13042;XXXX;ÑÑÑ;FADFBA;XXX;XX
13043;XXXX;PPP;FDSBSDF;XXX;XX
13044;XXXX;QQQ;DFGN;XXX;XX
13045;XXXX;XXX;SNBGS;XXX;XX
13046;XXXX;YYY;XXX;XXX;XX
13047;XXXX;KKK;FADFBA;XXX;XX
13048;XXXX;;FDSBSDF;XXX;XX
13049;XXXX;Jairo Steven Trujillo Zúñiga;DFGN;XXX;XX
13050;XXXX;Jairo Steven Trujillo Zúñiga;SNBGS;XXX;XX
13051;XXXX;Jairo Steven Trujillo Zúñiga;XXX;XXX;XX
13054;XXXX;Fabian Camilo Narváez Bustos;FADFBA;XXX;XX
13055;XXXX;Jairo Steven Trujillo Zúñiga;FDSBSDF;XXX;XX
13056;XXXX;Jairo Steven Trujillo Zúñiga;DFGN;XXX;XX
13057;XXXX;;SNBGS;XXX;XX
13058;XXXX;;XXX;XXX;XX
13059;XXXX;;FADFBA;XXX;XX
13061;XXXX;;FDSBSDF;XXX;XX
13067;XXXX;;DFGN;XXX;XX
13075;XXXX;Fabian Camilo Narváez Bustos;SNBGS;XXX;XX
13077;XXXX;Anny Dahianna Mejía Castañeda;XXX;XXX;XX
13078;XXXX;Anny Dahianna Mejía Castañeda;FADFBA;XXX;XX
13079;XXXX;Anny Dahianna Mejía Castañeda;FDSBSDF;XXX;XX
13080;XXXX;Anny Dahianna Mejía Castañeda;DFGN;XXX;XX
13081;XXXX;Anny Dahianna Mejía Castañeda;SNBGS;XXX;XX
13082;XXXX;Anny Dahianna Mejía Castañeda;XXX;XXX;XX
13083;XXXX;Anny Dahianna Mejía Castañeda;FADFBA;XXX;XX
13107;XXXX;Anny Dahianna Mejía Castañeda;FDSBSDF;XXX;XX
13110;XXXX;Adrian Hernando Henao Pineda;DFGN;XXX;XX
13113;XXXX;Adrian Hernando Henao Pineda;SNBGS;XXX;XX
13114;XXXX;Anny Dahianna Mejía Castañeda;XXX;XXX;XX
13115;XXXX;Anny Dahianna Mejía Castañeda;FADFBA;XXX;XX
13116;XXXX;Adrian Hernando Henao Pineda;FDSBSDF;XXX;XX
13117;XXXX;Anny Dahianna Mejía Castañeda;DFGN;XXX;XX
13118;XXXX;Anny Dahianna Mejía Castañeda;SNBGS;XXX;XX
13119;XXXX;Anny Dahianna Mejía Castañeda;XXX;XXX;XX
13120;XXXX;Anny Dahianna Mejía Castañeda;FADFBA;XXX;XX
13121;XXXX;Anny Dahianna Mejía Castañeda;FDSBSDF;XXX;XX
13124;XXXX;Anny Dahianna Mejía Castañeda;DFGN;XXX;XX
13339;XXXX;;SNBGS;XXX;XX
13282;XXXX;;XXX;XXX;XX
13340;XXXX;;FADFBA;XXX;XX
10225;XXXX;Raul Beltrán Neira;FDSBSDF;XXX;XX
13292;XXXX;;DFGN;XXX;XX
13318;XXXX;;SNBGS;XXX;XX
13319;XXXX;;XXX;XXX;XX
13317;XXXX;;FADFBA;XXX;XX
13338;XXXX;;FDSBSDF;XXX;XX
13070;XXXX;;DFGN;XXX;XX
13315;XXXX;;SNBGS;XXX;XX
5895;XXXX;;XXX;XXX;XX
5912;XXXX;;FADFBA;XXX;XX
5913;XXXX;;FDSBSDF;XXX;XX
5914;XXXX;;DFGN;XXX;XX
5920;XXXX;;SNBGS;XXX;XX
5922;XXXX;;XXX;XXX;XX
5932;XXXX;;FADFBA;XXX;XX
5934;XXXX;;FDSBSDF;XXX;XX
5980;XXXX;;DFGN;XXX;XX
6133;XXXX;;SNBGS;XXX;XX
13073;XXXX;;XXX;XXX;XX
6226;XXXX;;FADFBA;XXX;XX
6227;XXXX;;FDSBSDF;XXX;XX
6228;XXXX;;DFGN;XXX;XX
6229;XXXX;;SNBGS;XXX;XX
6236;XXXX;;XXX;XXX;XX
6256;XXXX;;FADFBA;XXX;XX
6257;XXXX;;FDSBSDF;XXX;XX
6258;XXXX;;DFGN;XXX;XX
6260;XXXX;;SNBGS;XXX;XX
6261;XXXX;;XXX;XXX;XX
6262;XXXX;;FADFBA;XXX;XX
6270;XXXX;;FDSBSDF;XXX;XX
6271;XXXX;;DFGN;XXX;XX
6298;XXXX;;SNBGS;XXX;XX
6302;XXXX;;XXX;XXX;XX
6304;XXXX;;FADFBA;XXX;XX
6309;XXXX;;FDSBSDF;XXX;XX
13072;XXXX;;DFGN;XXX;XX
13331;XXXX;;SNBGS;XXX;XX
13314;XXXX;;XXX;XXX;XX
13180;XXXX;;FADFBA;XXX;XX
13337;XXXX;;FDSBSDF;XXX;XX
13178;XXXX;;DFGN;XXX;XX
13342;XXXX;;SNBGS;XXX;XX
6296;XXXX;;XXX;XXX;XX
6299;XXXX;;FADFBA;XXX;XX
13327;XXXX;;FDSBSDF;XXX;XX
5969;XXXX;;DFGN;XXX;XX
13322;XXXX;;SNBGS;XXX;XX
13341;XXXX;;XXX;XXX;XX
13330;XXXX;;FADFBA;XXX;XX
13321;XXXX;;FDSBSDF;XXX;XX
6111;XXXX;;DFGN;XXX;XX
13329;XXXX;;SNBGS;XXX;XX
13332;XXXX;;XXX;XXX;XX
13305;XXXX;;FADFBA;XXX;XX
13328;XXXX;;FDSBSDF;XXX;XX
6521;XXXX;;DFGN;XXX;XX
13336;XXXX;;SNBGS;XXX;XX
6146;XXXX;;XXX;XXX;XX
13255;XXXX;;FADFBA;XXX;XX
12777;XXXX;;FDSBSDF;XXX;XX
12156;XXXX;Joaquín Alberto Gómez Alarcón;DFGN;XXX;XX
11182;XXXX;Ingri Aleira Alfonso Álvarez;SNBGS;XXX;XX
12906;XXXX;;XXX;XXX;XX
12006;XXXX;Julio Cesar Ortíz Fuentes;FADFBA;XXX;XX
13232;XXXX;;FDSBSDF;XXX;XX
13252;XXXX;;DFGN;XXX;XX
13241;XXXX;;SNBGS;XXX;XX
13299;XXXX;;XXX;XXX;XX
13300;XXXX;;FADFBA;XXX;XX
13205;XXXX;;FDSBSDF;XXX;XX
13184;XXXX;;DFGN;XXX;XX
13186;XXXX;;SNBGS;XXX;XX
13230;XXXX;;XXX;XXX;XX
13261;XXXX;;FADFBA;XXX;XX
13226;XXXX;;FDSBSDF;XXX;XX
12973;XXXX;;DFGN;XXX;XX
13286;XXXX;;SNBGS;XXX;XX
13069;XXXX;;XXX;XXX;XX
13071;XXXX;;FADFBA;XXX;XX
12971;XXXX;;FDSBSDF;XXX;XX
12922;XXXX;;DFGN;XXX;XX
13062;XXXX;;SNBGS;XXX;XX
12891;XXXX;;XXX;XXX;XX
12897;XXXX;;FADFBA;XXX;XX
13066;XXXX;;FDSBSDF;XXX;XX
13279;XXXX;;DFGN;XXX;XX
12892;XXXX;;SNBGS;XXX;XX
13060;XXXX;;XXX;XXX;XX
13063;XXXX;;FADFBA;XXX;XX
13065;XXXX;;FDSBSDF;XXX;XX
13284;XXXX;;DFGN;XXX;XX
11641;XXXX;Eimar Fernando Paez Rios;SNBGS;XXX;XX
13264;XXXX;;XXX;XXX;XX
13266;XXXX;;FADFBA;XXX;XX
13181;XXXX;;FDSBSDF;XXX;XX
11604;XXXX;Julio Cesar Ortíz Fuentes;DFGN;XXX;XX
12123;XXXX;Julio Cesar Ortíz Fuentes;SNBGS;XXX;XX
11606;XXXX;Julio Cesar Ortíz Fuentes;XXX;XXX;XX
13283;XXXX;;FADFBA;XXX;XX
13287;XXXX;;FDSBSDF;XXX;XX
13242;XXXX;;DFGN;XXX;XX
13240;XXXX;;SNBGS;XXX;XX
13239;XXXX;;XXX;XXX;XX
13238;XXXX;;FADFBA;XXX;XX
13237;XXXX;;FDSBSDF;XXX;XX
13285;XXXX;;DFGN;XXX;XX
13250;XXXX;;SNBGS;XXX;XX
13249;XXXX;;XXX;XXX;XX
13231;XXXX;;FADFBA;XXX;XX
13248;XXXX;;FDSBSDF;XXX;XX
12368;XXXX;;DFGN;XXX;XX
13246;XXXX;;SNBGS;XXX;XX
13251;XXXX;;XXX;XXX;XX
13245;XXXX;;FADFBA;XXX;XX
13288;XXXX;;FDSBSDF;XXX;XX
13244;XXXX;;DFGN;XXX;XX
13243;XXXX;;SNBGS;XXX;XX
13236;XXXX;;XXX;XXX;XX
13235;XXXX;;FADFBA;XXX;XX
13234;XXXX;;FDSBSDF;XXX;XX
13233;XXXX;;DFGN;XXX;XX
13228;XXXX;;SNBGS;XXX;XX
13227;XXXX;;XXX;XXX;XX
13280;XXXX;;FADFBA;XXX;XX
13291;XXXX;;FDSBSDF;XXX;XX
13277;XXXX;;DFGN;XXX;XX
13278;XXXX;;SNBGS;XXX;XX
13275;XXXX;;XXX;XXX;XX
13289;XXXX;;FADFBA;XXX;XX
13183;XXXX;;FDSBSDF;XXX;XX
13064;XXXX;;DFGN;XXX;XX
13229;XXXX;;SNBGS;XXX;XX
13269;XXXX;;XXX;XXX;XX
12876;XXXX;;FADFBA;XXX;XX
13259;XXXX;;FDSBSDF;XXX;XX
11477;XXXX;Julio Cesar Ortíz Fuentes;DFGN;XXX;XX
11138;XXXX;Julio Cesar Ortíz Fuentes;SNBGS;XXX;XX
13301;XXXX;;XXX;XXX;XX
11947;XXXX;Anyi Paola Moreno Forero;FADFBA;XXX;XX
13177;XXXX;;FDSBSDF;XXX;XX
13182;XXXX;;DFGN;XXX;XX
13176;XXXX;;SNBGS;XXX;XX
12778;XXXX;;XXX;XXX;XX
12779;XXXX;;FADFBA;XXX;XX
12776;XXXX;;FDSBSDF;XXX;XX
12873;XXXX;;DFGN;XXX;XX
12854;XXXX;;SNBGS;XXX;XX
12683;XXXX;;XXX;XXX;XX
12869;XXXX;;FADFBA;XXX;XX
12874;XXXX;;FDSBSDF;XXX;XX
12888;XXXX;;DFGN;XXX;XX
12785;XXXX;;SNBGS;XXX;XX
12804;XXXX;;XXX;XXX;XX
13281;XXXX;;FADFBA;XXX;XX
12885;XXXX;;FDSBSDF;XXX;XX
12890;XXXX;;DFGN;XXX;XX
13276;XXXX;;SNBGS;XXX;XX
13256;XXXX;;XXX;XXX;XX
13253;XXXX;;FADFBA;XXX;XX
13265;XXXX;;FDSBSDF;XXX;XX
13267;XXXX;;DFGN;XXX;XX
13268;XXXX;;SNBGS;XXX;XX
12905;XXXX;;XXX;XXX;XX
13125;XXXX;;FADFBA;XXX;XX
13126;XXXX;;FDSBSDF;XXX;XX
13127;XXXX;;DFGN;XXX;XX
13257;XXXX;;SNBGS;XXX;XX
13262;XXXX;;XXX;XXX;XX
12789;XXXX;;FADFBA;XXX;XX
12809;XXXX;;FDSBSDF;XXX;XX
13258;XXXX;;DFGN;XXX;XX
13263;XXXX;;SNBGS;XXX;XX
13122;XXXX;;XXX;XXX;XX
12875;XXXX;;FADFBA;XXX;XX
13270;XXXX;;FDSBSDF;XXX;XX
12807;XXXX;;DFGN;XXX;XX
12790;XXXX;;SNBGS;XXX;XX
13274;XXXX;;XXX;XXX;XX
12684;XXXX;;FADFBA;XXX;XX
12792;XXXX;;FDSBSDF;XXX;XX
12798;XXXX;;DFGN;XXX;XX
12921;XXXX;;SNBGS;XXX;XX
12893;XXXX;;XXX;XXX;XX
12917;XXXX;;FADFBA;XXX;XX
13254;XXXX;;FDSBSDF;XXX;XX
12910;XXXX;;DFGN;XXX;XX
12909;XXXX;;SNBGS;XXX;XX
13272;XXXX;;XXX;XXX;XX
13273;XXXX;;FADFBA;XXX;XX
13290;XXXX;;FDSBSDF;XXX;XX
5343;XXXX;Luis Fernando Benavides Linares;DFGN;XXX;XX
5354;XXXX;Luis Fernando Benavides Linares;SNBGS;XXX;XX
5351;XXXX;Luis Fernando Benavides Linares;XXX;XXX;XX
5352;XXXX;Luis Fernando Benavides Linares;FADFBA;XXX;XX
5542;XXXX;Luis Fernando Benavides Linares;FDSBSDF;XXX;XX
12851;XXXX;;DFGN;XXX;XX
13323;XXXX;;SNBGS;XXX;XX
13335;XXXX;;XXX;XXX;XX
7314;XXXX;Iván Darío Ruíz Joven;FADFBA;XXX;XX
13524;XXXX;Iván Darío Ruíz Joven;FDSBSDF;XXX;XX
13538;XXXX;Iván Darío Ruíz Joven;DFGN;XXX;XX
13539;XXXX;Iván Darío Ruíz Joven;SNBGS;XXX;XX
13540;XXXX;Iván Darío Ruíz Joven;XXX;XXX;XX
13542;XXXX;Iván Darío Ruíz Joven;FADFBA;XXX;XX
13544;XXXX;Iván Darío Ruíz Joven;FDSBSDF;XXX;XX
13546;XXXX;Iván Darío Ruíz Joven;DFGN;XXX;XX
13549;XXXX;Iván Darío Ruíz Joven;SNBGS;XXX;XX
13550;XXXX;Iván Darío Ruíz Joven;XXX;XXX;XX
13555;XXXX;Iván Darío Ruíz Joven;FADFBA;XXX;XX
13582;XXXX;;FDSBSDF;XXX;XX
13584;XXXX;;DFGN;XXX;XX
