Num_int;farm_id;Tecnico;map_date;Region;Nom_pol;area_pol;latitud;longitud
2770;2770_A;;XXXX;XXXX;XXXXX;0,4782590;XXXX;XXXX
2770;2770_B;;XXXX;XXXX;XXXXX;0,2517590;XXXX;XXXX
2644;2644_B;;XXXX;XXXX;XXXXX;0,6228370;XXXX;XXXX
2644;2644_A;;XXXX;XXXX;XXXXX;3,3903220;XXXX;XXXX
2640;2640;;XXXX;XXXX;XXXXX;10,3215910;XXXX;XXXX
2444;2444;;XXXX;XXXX;XXXXX;1,9916730;XXXX;XXXX
2133;2133_A;;XXXX;XXXX;XXXXX;2,4984040;XXXX;XXXX
2133;2133_B;;XXXX;XXXX;XXXXX;0,8683860;XXXX;XXXX
2130;2130_A;;XXXX;XXXX;XXXXX;1,4553510;XXXX;XXXX
2130;2130_B;;XXXX;XXXX;XXXXX;0,9181350;XXXX;XXXX
2130;2130_C;;XXXX;XXXX;XXXXX;0,9143390;XXXX;XXXX
1962;1962;;XXXX;XXXX;XXXXX;2,2992090;XXXX;XXXX
7580;7580_A;;XXXX;XXXX;XXXXX;3,3647570;XXXX;XXXX
7580;7580_B;;XXXX;XXXX;XXXXX;2,6423330;XXXX;XXXX
7577;7577_A;;XXXX;XXXX;XXXXX;2,1545420;XXXX;XXXX
7577;7577_B;;XXXX;XXXX;XXXXX;1,5149320;XXXX;XXXX
7577;7577_C;;XXXX;XXXX;XXXXX;0,8431350;XXXX;XXXX
7556;7556;;XXXX;XXXX;XXXXX;3,2289330;XXXX;XXXX
7552;7552;;XXXX;XXXX;XXXXX;5,2544230;XXXX;XXXX
7549;7549;;XXXX;XXXX;XXXXX;5,1404520;XXXX;XXXX
7541;7541;;XXXX;XXXX;XXXXX;3,5021700;XXXX;XXXX
7537;7537;;XXXX;XXXX;XXXXX;7,8346900;XXXX;XXXX
7511;7511;;XXXX;XXXX;XXXXX;9,3952230;XXXX;XXXX
7504;7504;;XXXX;XXXX;XXXXX;4,5603310;XXXX;XXXX
7418;7418;;XXXX;XXXX;XXXXX;4,9801890;XXXX;XXXX
7076;7076;;XXXX;XXXX;XXXXX;4,6556520;XXXX;XXXX
3884;3884;;XXXX;XXXX;XXXXX;2,4860540;XXXX;XXXX
3738;3738;;XXXX;XXXX;XXXXX;3,8234690;XXXX;XXXX
3424;3424_A;;XXXX;XXXX;XXXXX;2,7294660;XXXX;XXXX
3424;3424_B;;XXXX;XXXX;XXXXX;0,2060540;XXXX;XXXX
2746;2746;;XXXX;XXXX;XXXXX;3,3363580;XXXX;XXXX
2684;2684_A;;XXXX;XXXX;XXXXX;2,8400120;XXXX;XXXX
2684;2684_B;;XXXX;XXXX;XXXXX;0,3671920;XXXX;XXXX
2684;2684_C;;XXXX;XXXX;XXXXX;0,0548510;XXXX;XXXX
2315;2315;;XXXX;XXXX;XXXXX;7,1000640;XXXX;XXXX
7177;7177_A;;XXXX;XXXX;XXXXX;4,2830930;XXXX;XXXX
7177;7177_B;;XXXX;XXXX;XXXXX;1,8890070;XXXX;XXXX
12944;12944;;XXXX;XXXX;XXXXX;6,1922460;XXXX;XXXX
3866;3866;;XXXX;XXXX;XXXXX;9,3912080;XXXX;XXXX
3525;3525_A;;XXXX;XXXX;XXXXX;1,4909430;XXXX;XXXX
3525;3525_B;;XXXX;XXXX;XXXXX;0,9247230;XXXX;XXXX
3525;3525_C;;XXXX;XXXX;XXXXX;1,4644870;XXXX;XXXX
3337;3337_B;;XXXX;XXXX;XXXXX;0,5426230;XXXX;XXXX
3337;3337_A;;XXXX;XXXX;XXXXX;3,4316950;XXXX;XXXX
3121;3121_C;;XXXX;XXXX;XXXXX;0,7636640;XXXX;XXXX
3121;3121_B;;XXXX;XXXX;XXXXX;2,2365310;XXXX;XXXX
3121;3121_A;;XXXX;XXXX;XXXXX;1,7872730;XXXX;XXXX
2891;2891;;XXXX;XXXX;XXXXX;2,8009700;XXXX;XXXX
2880;2880;;XXXX;XXXX;XXXXX;5,1058000;XXXX;XXXX
12464;12464;;XXXX;XXXX;XXXXX;3,9775710;XXXX;XXXX
8167;8167_C;;XXXX;XXXX;XXXXX;3,7346560;XXXX;XXXX
8123;8123_A;;XXXX;XXXX;XXXXX;9,5677080;XXXX;XXXX
8123;8123_B;;XXXX;XXXX;XXXXX;5,3216430;XXXX;XXXX
8135;8135_D;;XXXX;XXXX;XXXXX;7,8004410;XXXX;XXXX
8135;8135_E;;XXXX;XXXX;XXXXX;0,7033000;XXXX;XXXX
8135;8135_C;;XXXX;XXXX;XXXXX;23,1498530;XXXX;XXXX
8135;8135_B;;XXXX;XXXX;XXXXX;9,5451280;XXXX;XXXX
8135;8135_A;;XXXX;XXXX;XXXXX;10,0771600;XXXX;XXXX
8143;8143_B;;XXXX;XXXX;XXXXX;7,9219230;XXXX;XXXX
8143;8143_C;;XXXX;XXXX;XXXXX;2,2679120;XXXX;XXXX
8143;8143_A;;XXXX;XXXX;XXXXX;2,8435140;XXXX;XXXX
8148;8148_A;;XXXX;XXXX;XXXXX;4,4633530;XXXX;XXXX
8148;8148_B;;XXXX;XXXX;XXXXX;8,2096100;XXXX;XXXX
8165;8165_B;;XXXX;XXXX;XXXXX;2,5075870;XXXX;XXXX
8165;8165_A;;XXXX;XXXX;XXXXX;3,3304350;XXXX;XXXX
8158;8158;;XXXX;XXXX;XXXXX;6,9092550;XXXX;XXXX
8161;8161_D;;XXXX;XXXX;XXXXX;4,5269310;XXXX;XXXX
8161;8161_C;;XXXX;XXXX;XXXXX;1,2804620;XXXX;XXXX
8161;8161_B;;XXXX;XXXX;XXXXX;2,4933610;XXXX;XXXX
8162;8162_B;;XXXX;XXXX;XXXXX;12,0721640;XXXX;XXXX
8162;8162_A;;XXXX;XXXX;XXXXX;5,7374730;XXXX;XXXX
8164;8164_A;;XXXX;XXXX;XXXXX;26,1533990;XXXX;XXXX
8164;8164_B;;XXXX;XXXX;XXXXX;0,4764910;XXXX;XXXX
8168;8168_D;;XXXX;XXXX;XXXXX;9,7468760;XXXX;XXXX
8168;8168_C;;XXXX;XXXX;XXXXX;3,4828580;XXXX;XXXX
8168;8168_B;;XXXX;XXXX;XXXXX;3,8990480;XXXX;XXXX
8168;8168_A;;XXXX;XXXX;XXXXX;9,1627630;XXXX;XXXX
8516;8516_C;;XXXX;XXXX;XXXXX;17,0958550;XXXX;XXXX
8161;8161_A;;XXXX;XXXX;XXXXX;4,8322980;XXXX;XXXX
8536;8536_A;;XXXX;XXXX;XXXXX;11,1202540;XXXX;XXXX
8536;8536_B;;XXXX;XXXX;XXXXX;9,8416730;XXXX;XXXX
9767;9767_G;;XXXX;XXXX;XXXXX;10,8230760;XXXX;XXXX
9767;9767_F;;XXXX;XXXX;XXXXX;3,7753020;XXXX;XXXX
9767;9767_H;;XXXX;XXXX;XXXXX;5,3487040;XXXX;XXXX
9763;9763;;XXXX;XXXX;XXXXX;6,2069480;XXXX;XXXX
8092;8092;;XXXX;XXXX;XXXXX;6,6820200;XXXX;XXXX
8118;8118_C;;XXXX;XXXX;XXXXX;0,5688140;XXXX;XXXX
8118;8118_B;;XXXX;XXXX;XXXXX;3,7251750;XXXX;XXXX
8118;8118_A;;XXXX;XXXX;XXXXX;2,2777280;XXXX;XXXX
8121;8121_E;;XXXX;XXXX;XXXXX;17,3678600;XXXX;XXXX
8121;8121_D;;XXXX;XXXX;XXXXX;2,5374420;XXXX;XXXX
8121;8121_C;;XXXX;XXXX;XXXXX;5,7329080;XXXX;XXXX
8121;8121_A;;XXXX;XXXX;XXXXX;7,9864950;XXXX;XXXX
8121;8121_B;;XXXX;XXXX;XXXXX;6,1016300;XXXX;XXXX
9767;9767_E;;XXXX;XXXX;XXXXX;1,4814470;XXXX;XXXX
9767;9767_D;;XXXX;XXXX;XXXXX;6,9605720;XXXX;XXXX
9767;9767_C;;XXXX;XXXX;XXXXX;12,6893800;XXXX;XXXX
9767;9767_B;;XXXX;XXXX;XXXXX;4,7997800;XXXX;XXXX
9767;9767_A;;XXXX;XXXX;XXXXX;9,9920050;XXXX;XXXX
8167;8167_B;;XXXX;XXXX;XXXXX;6,2847780;XXXX;XXXX
8167;8167_A;;XXXX;XXXX;XXXXX;2,3717840;XXXX;XXXX
9626;9626_C;;XXXX;XXXX;XXXXX;0,9612340;XXXX;XXXX
9626;9626_B;;XXXX;XXXX;XXXXX;1,3657310;XXXX;XXXX
9626;9626_A;;XXXX;XXXX;XXXXX;3,2853710;XXXX;XXXX
9296;9296;;XXXX;XXXX;XXXXX;4,7983210;XXXX;XXXX
9122;9122;;XXXX;XXXX;XXXXX;3,9629410;XXXX;XXXX
9119;9119_B;;XXXX;XXXX;XXXXX;6,0221020;XXXX;XXXX
9119;9119_A;;XXXX;XXXX;XXXXX;4,9533830;XXXX;XXXX
9118;9118;;XXXX;XXXX;XXXXX;5,9994980;XXXX;XXXX
9117;9117;;XXXX;XXXX;XXXXX;1,9287390;XXXX;XXXX
12777;12777;;XXXX;XXXX;XXXXX;14,1386490;XXXX;XXXX
12776;12776_A;;XXXX;XXXX;XXXXX;0,4381200;XXXX;XXXX
10605;10605;;XXXX;XXXX;XXXXX;6,6733700;XXXX;XXXX
12920;12920;;XXXX;XXXX;XXXXX;6,6093530;XXXX;XXXX
12776;12776_C;;XXXX;XXXX;XXXXX;3,5840210;XXXX;XXXX
12917;12917_A;;XXXX;XXXX;XXXXX;0,7825970;XXXX;XXXX
12917;12917_B;;XXXX;XXXX;XXXXX;8,2728320;XXXX;XXXX
12776;12776_B;;XXXX;XXXX;XXXXX;0,9386560;XXXX;XXXX
12919;12919;;XXXX;XXXX;XXXXX;5,9768190;XXXX;XXXX
12921;12921;;XXXX;XXXX;XXXXX;7,0987890;XXXX;XXXX
9533;9533_B;;XXXX;XXXX;XXXXX;1,1997950;XXXX;XXXX
9353;9353_A;;XXXX;XXXX;XXXXX;0,9477530;XXXX;XXXX
9353;9353_B;;XXXX;XXXX;XXXXX;3,9919600;XXXX;XXXX
9337;9337_A;;XXXX;XXXX;XXXXX;3,6997390;XXXX;XXXX
9337;9337_B;;XXXX;XXXX;XXXXX;0,4387400;XXXX;XXXX
9337;9337_C;;XXXX;XXXX;XXXXX;0,1586240;XXXX;XXXX
9323;9323_A;;XXXX;XXXX;XXXXX;3,0685490;XXXX;XXXX
9323;9323_B;;XXXX;XXXX;XXXXX;1,2433650;XXXX;XXXX
9309;9309_A;;XXXX;XXXX;XXXXX;4,7444470;XXXX;XXXX
9309;9309_B;;XXXX;XXXX;XXXXX;0,2971830;XXXX;XXXX
9279;9279_A;;XXXX;XXXX;XXXXX;0,2882680;XXXX;XXXX
9279;9279_B;;XXXX;XXXX;XXXXX;0,8992940;XXXX;XXXX
9279;9279_C;;XXXX;XXXX;XXXXX;0,7669020;XXXX;XXXX
9279;9279_D;;XXXX;XXXX;XXXXX;0,8153980;XXXX;XXXX
9279;9279_E;;XXXX;XXXX;XXXXX;1,3432960;XXXX;XXXX
9269;9269_A;;XXXX;XXXX;XXXXX;5,2399680;XXXX;XXXX
9269;9269_B;;XXXX;XXXX;XXXXX;0,7866670;XXXX;XXXX
9262;9262;;XXXX;XXXX;XXXXX;9,5616810;XXXX;XXXX
9238;9238;;XXXX;XXXX;XXXXX;4,1893010;XXXX;XXXX
9192;9192;;XXXX;XXXX;XXXXX;3,3511310;XXXX;XXXX
9191;9191;;XXXX;XXXX;XXXXX;3,9996090;XXXX;XXXX
9190;9190_A;;XXXX;XXXX;XXXXX;3,0368630;XXXX;XXXX
9190;9190_B;;XXXX;XXXX;XXXXX;0,9483400;XXXX;XXXX
9178;9178;;XXXX;XXXX;XXXXX;4,3708630;XXXX;XXXX
9113;9113_A;;XXXX;XXXX;XXXXX;0,5795130;XXXX;XXXX
9113;9113_B;;XXXX;XXXX;XXXXX;2,0094700;XXXX;XXXX
9113;9113_C;;XXXX;XXXX;XXXXX;0,3901140;XXXX;XXXX
9113;9113_D;;XXXX;XXXX;XXXXX;1,0693820;XXXX;XXXX
9113;9113_E;;XXXX;XXXX;XXXXX;0,3819980;XXXX;XXXX
9960;9960;;XXXX;XXXX;XXXXX;23,2999620;XXXX;XXXX
10511;10511;;XXXX;XXXX;XXXXX;44,5029440;XXXX;XXXX
12905;12905;;XXXX;XXXX;XXXXX;4,0946170;XXXX;XXXX
12892;12892_D;;XXXX;XXXX;XXXXX;2,1365460;XXXX;XXXX
12892;12892_A;;XXXX;XXXX;XXXXX;0,4466900;XXXX;XXXX
12892;12892_B;;XXXX;XXXX;XXXXX;1,3536230;XXXX;XXXX
12892;12892_C;;XXXX;XXXX;XXXXX;3,3167070;XXXX;XXXX
9176;9176_A;;XXXX;XXXX;XXXXX;1,4388210;XXXX;XXXX
9127;9127_A;;XXXX;XXXX;XXXXX;0,3015800;XXXX;XXXX
9127;9127_B;;XXXX;XXXX;XXXXX;0,1462920;XXXX;XXXX
9127;9127_C;;XXXX;XXXX;XXXXX;0,4507070;XXXX;XXXX
9176;9176_B;;XXXX;XXXX;XXXXX;0,9038440;XXXX;XXXX
12388;12388_A;;XXXX;XXXX;XXXXX;4,0970540;XXXX;XXXX
12388;12388_B;;XXXX;XXXX;XXXXX;0,9927570;XXXX;XXXX
12182;12182;;XXXX;XXXX;XXXXX;2,7208110;XXXX;XXXX
12025;12025_B;;XXXX;XXXX;XXXXX;3,8689060;XXXX;XXXX
12023;12023_B;;XXXX;XXXX;XXXXX;0,9092590;XXXX;XXXX
12023;12023_A;;XXXX;XXXX;XXXXX;3,4383090;XXXX;XXXX
12000;12000_B;;XXXX;XXXX;XXXXX;6,0179560;XXXX;XXXX
12000;12000_A;;XXXX;XXXX;XXXXX;12,3196810;XXXX;XXXX
11984;11984;;XXXX;XXXX;XXXXX;5,4195140;XXXX;XXXX
11929;11929;;XXXX;XXXX;XXXXX;7,4717280;XXXX;XXXX
11910;11910_D;;XXXX;XXXX;XXXXX;0,5569020;XXXX;XXXX
11910;11910_C;;XXXX;XXXX;XXXXX;0,4964040;XXXX;XXXX
11910;11910_B;;XXXX;XXXX;XXXXX;1,0788430;XXXX;XXXX
11910;11910_A;;XXXX;XXXX;XXXXX;2,8281790;XXXX;XXXX
11829;11829;;XXXX;XXXX;XXXXX;25,2428880;XXXX;XXXX
11764;11764;;XXXX;XXXX;XXXXX;16,0661900;XXXX;XXXX
11711;11711_B;;XXXX;XXXX;XXXXX;7,0191640;XXXX;XXXX
11708;11708;;XXXX;XXXX;XXXXX;4,5880300;XXXX;XXXX
11703;11703_C;;XXXX;XXXX;XXXXX;3,7681490;XXXX;XXXX
11703;11703_B;;XXXX;XXXX;XXXXX;2,4381340;XXXX;XXXX
11703;11703_A;;XXXX;XXXX;XXXXX;22,8513900;XXXX;XXXX
11672;11672;;XXXX;XXXX;XXXXX;4,7011820;XXXX;XXXX
11668;11668_B;;XXXX;XXXX;XXXXX;1,2369240;XXXX;XXXX
11668;11668_A;;XXXX;XXXX;XXXXX;2,2712500;XXXX;XXXX
11600;11600;;XXXX;XXXX;XXXXX;4,9733450;XXXX;XXXX
11569;11569;;XXXX;XXXX;XXXXX;3,2333130;XXXX;XXXX
11551;11551;;XXXX;XXXX;XXXXX;1,2145060;XXXX;XXXX
13252;13252;;XXXX;XXXX;XXXXX;3,3711360;XXXX;XXXX
11469;11469;;XXXX;XXXX;XXXXX;7,1011730;XXXX;XXXX
11460;11460_A;;XXXX;XXXX;XXXXX;2,9900230;XXXX;XXXX
11460;11460_B;;XXXX;XXXX;XXXXX;3,0433150;XXXX;XXXX
11450;11450_A;;XXXX;XXXX;XXXXX;3,4429660;XXXX;XXXX
11450;11450_B;;XXXX;XXXX;XXXXX;2,0093490;XXXX;XXXX
11440;11440_C;;XXXX;XXXX;XXXXX;1,6866170;XXXX;XXXX
11440;11440_D;;XXXX;XXXX;XXXXX;0,3440570;XXXX;XXXX
11437;11437;;XXXX;XXXX;XXXXX;22,2446510;XXXX;XXXX
11367;11367_D;;XXXX;XXXX;XXXXX;5,8882770;XXXX;XXXX
11367;11367_C;;XXXX;XXXX;XXXXX;3,6324920;XXXX;XXXX
11367;11367_B;;XXXX;XXXX;XXXXX;2,4227910;XXXX;XXXX
11367;11367_A;;XXXX;XXXX;XXXXX;7,8801170;XXXX;XXXX
11363;11363_A;;XXXX;XXXX;XXXXX;5,2442530;XXXX;XXXX
11363;11363_B;;XXXX;XXXX;XXXXX;5,5656710;XXXX;XXXX
11260;11260;;XXXX;XXXX;XXXXX;8,9760430;XXXX;XXXX
11346;11346;;XXXX;XXXX;XXXXX;21,3955720;XXXX;XXXX
11243;11243;;XXXX;XXXX;XXXXX;16,1042540;XXXX;XXXX
11214;11214_C;;XXXX;XXXX;XXXXX;2,2149040;XXXX;XXXX
11214;11214_B;;XXXX;XXXX;XXXXX;1,4720620;XXXX;XXXX
11214;11214_A;;XXXX;XXXX;XXXXX;12,7893570;XXXX;XXXX
9176;9176_C;;XXXX;XXXX;XXXXX;0,5337220;XXXX;XXXX
11140;11140;;XXXX;XXXX;XXXXX;22,2846640;XXXX;XXXX
10961;10961;;XXXX;XXXX;XXXXX;20,4366360;XXXX;XXXX
10934;10934;;XXXX;XXXX;XXXXX;3,9771310;XXXX;XXXX
10928;10928_B;;XXXX;XXXX;XXXXX;5,7046050;XXXX;XXXX
10916;10916;;XXXX;XXXX;XXXXX;5,1941960;XXXX;XXXX
10914;10914_B;;XXXX;XXXX;XXXXX;1,2394700;XXXX;XXXX
11918;11918;;XXXX;XXXX;XXXXX;10,6763380;XXXX;XXXX
10840;10840;;XXXX;XXXX;XXXXX;6,9397320;XXXX;XXXX
10823;10823_B;;XXXX;XXXX;XXXXX;2,3137260;XXXX;XXXX
10823;10823_C;;XXXX;XXXX;XXXXX;1,1965950;XXXX;XXXX
10823;10823_D;;XXXX;XXXX;XXXXX;4,5173830;XXXX;XXXX
10816;10816;;XXXX;XXXX;XXXXX;14,9419800;XXXX;XXXX
9154;9154;;XXXX;XXXX;XXXXX;3,5742640;XXXX;XXXX
10801;10801_A;;XXXX;XXXX;XXXXX;2,3636820;XXXX;XXXX
10801;10801_B;;XXXX;XXXX;XXXXX;4,2949790;XXXX;XXXX
10785;10785_C;;XXXX;XXXX;XXXXX;4,4299560;XXXX;XXXX
10772;10772_K;;XXXX;XXXX;XXXXX;2,4191760;XXXX;XXXX
10772;10772_J;;XXXX;XXXX;XXXXX;14,5374600;XXXX;XXXX
10772;10772_I;;XXXX;XXXX;XXXXX;11,7493670;XXXX;XXXX
10772;10772_H;;XXXX;XXXX;XXXXX;26,6046900;XXXX;XXXX
10772;10772_G;;XXXX;XXXX;XXXXX;7,9473140;XXXX;XXXX
10772;10772_F;;XXXX;XXXX;XXXXX;4,9698400;XXXX;XXXX
10772;10772_E;;XXXX;XXXX;XXXXX;11,9497000;XXXX;XXXX
10772;10772_D;;XXXX;XXXX;XXXXX;2,0179560;XXXX;XXXX
10772;10772_C;;XXXX;XXXX;XXXXX;4,9655510;XXXX;XXXX
10772;10772_B;;XXXX;XXXX;XXXXX;6,0975920;XXXX;XXXX
10772;10772_A;;XXXX;XXXX;XXXXX;7,5259280;XXXX;XXXX
10765;10765_E;;XXXX;XXXX;XXXXX;0,4301620;XXXX;XXXX
10765;10765_D;;XXXX;XXXX;XXXXX;0,8410780;XXXX;XXXX
10757;10757;;XXXX;XXXX;XXXXX;5,9422280;XXXX;XXXX
10682;10682_A;;XXXX;XXXX;XXXXX;1,7739880;XXXX;XXXX
10673;10673_B;;XXXX;XXXX;XXXXX;7,0261260;XXXX;XXXX
10673;10673_A;;XXXX;XXXX;XXXXX;8,9730080;XXXX;XXXX
10673;10673_C;;XXXX;XXXX;XXXXX;3,9819250;XXXX;XXXX
10668;10668;;XXXX;XXXX;XXXXX;4,5290490;XXXX;XXXX
10654;10654_B;;XXXX;XXXX;XXXXX;1,0189800;XXXX;XXXX
10654;10654_A;;XXXX;XXXX;XXXXX;2,9888510;XXXX;XXXX
10650;10650_A;;XXXX;XXXX;XXXXX;5,0223850;XXXX;XXXX
10650;10650_B;;XXXX;XXXX;XXXXX;4,0731860;XXXX;XXXX
10647;10647_C;;XXXX;XXXX;XXXXX;3,6591000;XXXX;XXXX
10647;10647_B;;XXXX;XXXX;XXXXX;4,1013300;XXXX;XXXX
10647;10647_A;;XXXX;XXXX;XXXXX;8,8736460;XXXX;XXXX
10645;10645;;XXXX;XXXX;XXXXX;5,5299260;XXXX;XXXX
10625;10625;;XXXX;XXXX;XXXXX;7,3090320;XXXX;XXXX
10624;10624;;XXXX;XXXX;XXXXX;14,1147440;XXXX;XXXX
10621;10621_C;;XXXX;XXXX;XXXXX;5,4664850;XXXX;XXXX
10612;10612;;XXXX;XXXX;XXXXX;8,4224790;XXXX;XXXX
10493;10493;;XXXX;XXXX;XXXXX;10,9930790;XXXX;XXXX
10472;10472_B;;XXXX;XXXX;XXXXX;3,3464940;XXXX;XXXX
10472;10472_C;;XXXX;XXXX;XXXXX;9,6422900;XXXX;XXXX
10452;10452;;XXXX;XXXX;XXXXX;3,1909120;XXXX;XXXX
10425;10425_A;;XXXX;XXXX;XXXXX;0,2412320;XXXX;XXXX
10425;10425_B;;XXXX;XXXX;XXXXX;4,1589010;XXXX;XXXX
10420;10420_A;;XXXX;XXXX;XXXXX;0,8833910;XXXX;XXXX
10420;10420_B;;XXXX;XXXX;XXXXX;3,6056510;XXXX;XXXX
10378;10378;;XXXX;XXXX;XXXXX;3,9856270;XXXX;XXXX
10682;10682_B;;XXXX;XXXX;XXXXX;0,0902910;XXXX;XXXX
10682;10682_C;;XXXX;XXXX;XXXXX;2,2149860;XXXX;XXXX
10196;10196_C;;XXXX;XXXX;XXXXX;5,7122470;XXXX;XXXX
10196;10196_A;;XXXX;XXXX;XXXXX;3,6053620;XXXX;XXXX
10196;10196_B;;XXXX;XXXX;XXXXX;10,5153300;XXXX;XXXX
10183;10183;;XXXX;XXXX;XXXXX;6,9135650;XXXX;XXXX
10128;10128_B;;XXXX;XXXX;XXXXX;2,4429250;XXXX;XXXX
10128;10128_A;;XXXX;XXXX;XXXXX;3,2616250;XXXX;XXXX
10127;10127;;XXXX;XXXX;XXXXX;4,3384300;XXXX;XXXX
10094;10094;;XXXX;XXXX;XXXXX;6,1830810;XXXX;XXXX
10089;10089;;XXXX;XXXX;XXXXX;5,1015190;XXXX;XXXX
10084;10084;;XXXX;XXXX;XXXXX;37,2361000;XXXX;XXXX
10069;10069;;XXXX;XXXX;XXXXX;13,8031540;XXXX;XXXX
10066;10066_A;;XXXX;XXXX;XXXXX;0,7850100;XXXX;XXXX
10066;10066_B;;XXXX;XXXX;XXXXX;2,5639190;XXXX;XXXX
10066;10066_C;;XXXX;XXXX;XXXXX;0,5001090;XXXX;XXXX
10066;10066_D;;XXXX;XXXX;XXXXX;0,4010690;XXXX;XXXX
10066;10066_E;;XXXX;XXXX;XXXXX;0,1385960;XXXX;XXXX
10017;10017_D;;XXXX;XXXX;XXXXX;6,4716400;XXXX;XXXX
10017;10017_C;;XXXX;XXXX;XXXXX;3,6862330;XXXX;XXXX
10017;10017_A;;XXXX;XXXX;XXXXX;7,7618070;XXXX;XXXX
10015;10015;;XXXX;XXXX;XXXXX;6,9531700;XXXX;XXXX
9953;9953_A;;XXXX;XXXX;XXXXX;4,5792230;XXXX;XXXX
9953;9953_B;;XXXX;XXXX;XXXXX;1,5784470;XXXX;XXXX
9952;9952_A;;XXXX;XXXX;XXXXX;29,6313210;XXXX;XXXX
9916;9916;;XXXX;XXXX;XXXXX;7,1604710;XXXX;XXXX
9891;9891;;XXXX;XXXX;XXXXX;17,8901500;XXXX;XXXX
9882;9882;;XXXX;XXXX;XXXXX;6,5839650;XXXX;XXXX
9864;9864;;XXXX;XXXX;XXXXX;6,4897540;XXXX;XXXX
9863;9863;;XXXX;XXXX;XXXXX;8,9564780;XXXX;XXXX
9843;9843_B;;XXXX;XXXX;XXXXX;11,7086250;XXXX;XXXX
9842;9842_C;;XXXX;XXXX;XXXXX;7,8150680;XXXX;XXXX
9842;9842_A;;XXXX;XXXX;XXXXX;4,7393320;XXXX;XXXX
9804;9804;;XXXX;XXXX;XXXXX;4,6750920;XXXX;XXXX
9726;9726;;XXXX;XXXX;XXXXX;3,7537240;XXXX;XXXX
9680;9680;;XXXX;XXXX;XXXXX;4,5731650;XXXX;XXXX
9614;9614_A;;XXXX;XXXX;XXXXX;2,9118700;XXXX;XXXX
9614;9614_B;;XXXX;XXXX;XXXXX;0,4354890;XXXX;XXXX
9613;9613;;XXXX;XXXX;XXXXX;4,0734340;XXXX;XXXX
9571;9571_A;;XXXX;XXXX;XXXXX;0,4963420;XXXX;XXXX
9571;9571_B;;XXXX;XXXX;XXXXX;2,1829450;XXXX;XXXX
9571;9571_C;;XXXX;XXXX;XXXXX;0,8170510;XXXX;XXXX
9571;9571_D;;XXXX;XXXX;XXXXX;2,0070870;XXXX;XXXX
9557;9557_A;;XXXX;XXXX;XXXXX;2,4997380;XXXX;XXXX
9557;9557_B;;XXXX;XXXX;XXXXX;8,6539220;XXXX;XXXX
9484;9484_A;;XXXX;XXXX;XXXXX;3,5406450;XXXX;XXXX
9484;9484_B;;XXXX;XXXX;XXXXX;0,3030550;XXXX;XXXX
9484;9484_C;;XXXX;XXXX;XXXXX;0,2434950;XXXX;XXXX
9462;9462_A;;XXXX;XXXX;XXXXX;3,4864630;XXXX;XXXX
9462;9462_B;;XXXX;XXXX;XXXXX;0,9602930;XXXX;XXXX
9459;9459_A;;XXXX;XXXX;XXXXX;0,5720430;XXXX;XXXX
9459;9459_B;;XXXX;XXXX;XXXXX;0,1394880;XXXX;XXXX
9459;9459_C;;XXXX;XXXX;XXXXX;1,5575190;XXXX;XXXX
9459;9459_D;;XXXX;XXXX;XXXXX;2,0937950;XXXX;XXXX
9451;9451_A;;XXXX;XXXX;XXXXX;4,3396540;XXXX;XXXX
9451;9451_B;;XXXX;XXXX;XXXXX;2,9032170;XXXX;XXXX
9451;9451_C;;XXXX;XXXX;XXXXX;0,4105240;XXXX;XXXX
9449;9449;;XXXX;XXXX;XXXXX;4,1826900;XXXX;XXXX
9445;9445_A;;XXXX;XXXX;XXXXX;0,1094400;XXXX;XXXX
9445;9445_B;;XXXX;XXXX;XXXXX;0,6730430;XXXX;XXXX
9445;9445_C;;XXXX;XXXX;XXXXX;0,4023250;XXXX;XXXX
9445;9445_D;;XXXX;XXXX;XXXXX;0,4869490;XXXX;XXXX
9445;9445_E;;XXXX;XXXX;XXXXX;0,4200930;XXXX;XXXX
9445;9445_F;;XXXX;XXXX;XXXXX;0,0851430;XXXX;XXXX
9400;9400_A;;XXXX;XXXX;XXXXX;0,9326630;XXXX;XXXX
9400;9400_B;;XXXX;XXXX;XXXXX;2,5138950;XXXX;XXXX
9400;9400_C;;XXXX;XXXX;XXXXX;5,3473440;XXXX;XXXX
9394;9394;;XXXX;XXXX;XXXXX;5,0373700;XXXX;XXXX
9391;9391_A;;XXXX;XXXX;XXXXX;0,1253720;XXXX;XXXX
9391;9391_B;;XXXX;XXXX;XXXXX;3,2904820;XXXX;XXXX
9391;9391_C;;XXXX;XXXX;XXXXX;0,3594930;XXXX;XXXX
9391;9391_D;;XXXX;XXXX;XXXXX;0,0768230;XXXX;XXXX
10005;10005;;XXXX;XXXX;XXXXX;7,4194920;XXXX;XXXX
9979;9979;;XXXX;XXXX;XXXXX;4,6740210;XXXX;XXXX
9973;9973_E;;XXXX;XXXX;XXXXX;3,8667710;XXXX;XXXX
10004;10004_C;;XXXX;XXXX;XXXXX;9,6772180;XXXX;XXXX
10852;10852_D;;XXXX;XXXX;XXXXX;11,4517010;XXXX;XXXX
10852;10852_B;;XXXX;XXXX;XXXXX;16,9285280;XXXX;XXXX
11438;11438_A;;XXXX;XXXX;XXXXX;7,3654550;XXXX;XXXX
10852;10852_C;;XXXX;XXXX;XXXXX;2,9839310;XXXX;XXXX
10852;10852_F;;XXXX;XXXX;XXXXX;9,9583640;XXXX;XXXX
11438;11438_C;;XXXX;XXXX;XXXXX;4,7710400;XXXX;XXXX
10004;10004_B;;XXXX;XXXX;XXXXX;6,6399580;XXXX;XXXX
12137;12137_C;;XXXX;XXXX;XXXXX;6,9721070;XXXX;XXXX
11438;11438_D;;XXXX;XXXX;XXXXX;15,0352060;XXXX;XXXX
10852;10852_A;;XXXX;XXXX;XXXXX;29,9162310;XXXX;XXXX
10225;10225_B;;XXXX;XXXX;XXXXX;5,9171470;XXXX;XXXX
10852;10852_E;;XXXX;XXXX;XXXXX;14,9380180;XXXX;XXXX
11955;11955_G;;XXXX;XXXX;XXXXX;10,6248560;XXXX;XXXX
11955;11955_F;;XXXX;XXXX;XXXXX;6,8577740;XXXX;XXXX
11955;11955_E;;XXXX;XXXX;XXXXX;1,9348210;XXXX;XXXX
11955;11955_D;;XXXX;XXXX;XXXXX;3,8481030;XXXX;XXXX
11955;11955_C;;XXXX;XXXX;XXXXX;1,5183480;XXXX;XXXX
11955;11955_B;;XXXX;XXXX;XXXXX;0,9561720;XXXX;XXXX
11889;11889_C;;XXXX;XXXX;XXXXX;5,0231940;XXXX;XXXX
11544;11544_A;;XXXX;XXXX;XXXXX;6,8684810;XXXX;XXXX
11544;11544_B;;XXXX;XXXX;XXXXX;2,4970930;XXXX;XXXX
11429;11429_B;;XXXX;XXXX;XXXXX;3,3350220;XXXX;XXXX
11330;11330_C;;XXXX;XXXX;XXXXX;12,2307690;XXXX;XXXX
11330;11330_B;;XXXX;XXXX;XXXXX;0,3535910;XXXX;XXXX
11330;11330_A;;XXXX;XXXX;XXXXX;1,0252850;XXXX;XXXX
11106;11106;;XXXX;XXXX;XXXXX;31,1979050;XXXX;XXXX
10232;10232_A;;XXXX;XXXX;XXXXX;1,3405380;XXXX;XXXX
10232;10232_B;;XXXX;XXXX;XXXXX;4,9062910;XXXX;XXXX
10232;10232_C;;XXXX;XXXX;XXXXX;8,5659380;XXXX;XXXX
10232;10232_D;;XXXX;XXXX;XXXXX;2,7483590;XXXX;XXXX
10231;10231_C;;XXXX;XXXX;XXXXX;3,0251610;XXXX;XXXX
10227;10227_A;;XXXX;XXXX;XXXXX;2,2965270;XXXX;XXXX
10203;10203_A;;XXXX;XXXX;XXXXX;6,5933310;XXXX;XXXX
10203;10203_B;;XXXX;XXXX;XXXXX;13,7723780;XXXX;XXXX
10169;10169;;XXXX;XXXX;XXXXX;14,7316650;XXXX;XXXX
10165;10165_A;;XXXX;XXXX;XXXXX;14,0255190;XXXX;XXXX
10026;10026_E;;XXXX;XXXX;XXXXX;6,3199300;XXXX;XXXX
10026;10026_C;;XXXX;XXXX;XXXXX;2,0376510;XXXX;XXXX
10026;10026_B;;XXXX;XXXX;XXXXX;6,3251520;XXXX;XXXX
10006;10006_A;;XXXX;XXXX;XXXXX;3,8380530;XXXX;XXXX
10006;10006_B;;XXXX;XXXX;XXXXX;20,0812840;XXXX;XXXX
10006;10006_C;;XXXX;XXXX;XXXXX;3,2239310;XXXX;XXXX
10006;10006_D;;XXXX;XXXX;XXXXX;3,9994490;XXXX;XXXX
10006;10006_E;;XXXX;XXXX;XXXXX;3,1663860;XXXX;XXXX
10006;10006_F;;XXXX;XXXX;XXXXX;6,3475220;XXXX;XXXX
10006;10006_G;;XXXX;XXXX;XXXXX;9,8674850;XXXX;XXXX
10006;10006_H;;XXXX;XXXX;XXXXX;4,0035690;XXXX;XXXX
10006;10006_I;;XXXX;XXXX;XXXXX;13,8777190;XXXX;XXXX
10006;10006_J;;XXXX;XXXX;XXXXX;3,9970690;XXXX;XXXX
9913;9913_B;;XXXX;XXXX;XXXXX;4,5619550;XXXX;XXXX
9824;9824_A;;XXXX;XXXX;XXXXX;1,0770260;XXXX;XXXX
9824;9824_B;;XXXX;XXXX;XXXXX;3,4842160;XXXX;XXXX
9824;9824_C;;XXXX;XXXX;XXXXX;3,9953750;XXXX;XXXX
9824;9824_D;;XXXX;XXXX;XXXXX;15,4116610;XXXX;XXXX
9849;9849_A;;XXXX;XXXX;XXXXX;11,4873350;XXXX;XXXX
9849;9849_B;;XXXX;XXXX;XXXXX;4,0241990;XXXX;XXXX
9803;9803_B;;XXXX;XXXX;XXXXX;7,7192450;XXXX;XXXX
9803;9803_A;;XXXX;XXXX;XXXXX;54,9467470;XXXX;XXXX
10203;10203_C;;XXXX;XXXX;XXXXX;38,3475910;XXXX;XXXX
9120;9120_A;;XXXX;XXXX;XXXXX;2,5291560;XXXX;XXXX
11955;11955_A;;XXXX;XXXX;XXXXX;1,9343530;XXXX;XXXX
12887;12887;;XXXX;XXXX;XXXXX;14,6338250;XXXX;XXXX
9818;9818;;XXXX;XXXX;XXXXX;7,9051440;XXXX;XXXX
11738;11738_B;;XXXX;XXXX;XXXXX;2,3620100;XXXX;XXXX
11738;11738_A;;XXXX;XXXX;XXXXX;9,6103230;XXXX;XXXX
9243;9243_B;;XXXX;XXXX;XXXXX;4,3922470;XXXX;XXXX
9530;9530;;XXXX;XXXX;XXXXX;6,3733450;XXXX;XXXX
9193;9193_A;;XXXX;XXXX;XXXXX;1,1776730;XXXX;XXXX
9193;9193_B;;XXXX;XXXX;XXXXX;3,0180730;XXXX;XXXX
9319;9319_A;;XXXX;XXXX;XXXXX;1,6731130;XXXX;XXXX
9319;9319_B;;XXXX;XXXX;XXXXX;0,2123460;XXXX;XXXX
9755;9755_B;;XXXX;XXXX;XXXXX;4,7668570;XXXX;XXXX
9755;9755_A;;XXXX;XXXX;XXXXX;0,4686860;XXXX;XXXX
10406;10406;;XXXX;XXXX;XXXXX;4,4854520;XXXX;XXXX
10193;10193;;XXXX;XXXX;XXXXX;4,9379390;XXXX;XXXX
10150;10150_A;;XXXX;XXXX;XXXXX;4,3835420;XXXX;XXXX
10150;10150_B;;XXXX;XXXX;XXXXX;1,5019570;XXXX;XXXX
10150;10150_C;;XXXX;XXXX;XXXXX;3,4551960;XXXX;XXXX
10150;10150_D;;XXXX;XXXX;XXXXX;2,2097460;XXXX;XXXX
10105;10105;;XXXX;XXXX;XXXXX;7,7393970;XXXX;XXXX
11294;11294;;XXXX;XXXX;XXXXX;7,4597080;XXXX;XXXX
11131;11131;;XXXX;XXXX;XXXXX;5,5235940;XXXX;XXXX
10843;10843;;XXXX;XXXX;XXXXX;4,3191040;XXXX;XXXX
9170;9170;;XXXX;XXXX;XXXXX;7,4508770;XXXX;XXXX
9243;9243_A;;XXXX;XXXX;XXXXX;1,0270720;XXXX;XXXX
11350;11350_A;;XXXX;XXXX;XXXXX;0,1575910;XXXX;XXXX
11350;11350_B;;XXXX;XXXX;XXXXX;6,6384010;XXXX;XXXX
11637;11637;;XXXX;XXXX;XXXXX;6,9025510;XXXX;XXXX
10589;10589;;XXXX;XXXX;XXXXX;6,0517720;XXXX;XXXX
11451;11451;;XXXX;XXXX;XXXXX;7,6363390;XXXX;XXXX
12050;12050;;XXXX;XXXX;XXXXX;4,2331540;XXXX;XXXX
12033;12033;;XXXX;XXXX;XXXXX;5,0960990;XXXX;XXXX
11445;11445;;XXXX;XXXX;XXXXX;6,7495830;XXXX;XXXX
11235;11235;;XXXX;XXXX;XXXXX;4,4728510;XXXX;XXXX
10713;10713;;XXXX;XXXX;XXXXX;6,1046620;XXXX;XXXX
10331;10331_A;;XXXX;XXXX;XXXXX;5,8534890;XXXX;XXXX
10331;10331_B;;XXXX;XXXX;XXXXX;0,1767850;XXXX;XXXX
10045;10045_A;;XXXX;XXXX;XXXXX;1,0059570;XXXX;XXXX
10045;10045_B;;XXXX;XXXX;XXXXX;1,4784620;XXXX;XXXX
10045;10045_C;;XXXX;XXXX;XXXXX;1,0012260;XXXX;XXXX
10045;10045_D;;XXXX;XXXX;XXXXX;1,2119800;XXXX;XXXX
10010;10010_B;;XXXX;XXXX;XXXXX;5,2779030;XXXX;XXXX
10010;10010_A;;XXXX;XXXX;XXXXX;1,9449400;XXXX;XXXX
13177;13177;;XXXX;XXXX;XXXXX;6,7992500;XXXX;XXXX
10846;10846_A;;XXXX;XXXX;XXXXX;4,3523150;XXXX;XXXX
10846;10846_B;;XXXX;XXXX;XXXXX;1,3388280;XXXX;XXXX
10846;10846_C;;XXXX;XXXX;XXXXX;5,5633610;XXXX;XXXX
10846;10846_D;;XXXX;XXXX;XXXXX;1,2464250;XXXX;XXXX
10846;10846_E;;XXXX;XXXX;XXXXX;1,1741140;XXXX;XXXX
10846;10846_F;;XXXX;XXXX;XXXXX;2,2108940;XXXX;XXXX
10846;10846_G;;XXXX;XXXX;XXXXX;0,9784460;XXXX;XXXX
11124;11124_D;;XXXX;XXXX;XXXXX;1,5322720;XXXX;XXXX
11124;11124_C;;XXXX;XXXX;XXXXX;0,8057810;XXXX;XXXX
9425;9425_A;;XXXX;XXXX;XXXXX;0,3090380;XXXX;XXXX
9425;9425_B;;XXXX;XXXX;XXXXX;4,2687170;XXXX;XXXX
9416;9416_A;;XXXX;XXXX;XXXXX;2,3829930;XXXX;XXXX
9416;9416_B;;XXXX;XXXX;XXXXX;2,2492460;XXXX;XXXX
9425;9425_C;;XXXX;XXXX;XXXXX;0,7955670;XXXX;XXXX
9202;9202_A;;XXXX;XXXX;XXXXX;2,2044640;XXXX;XXXX
9202;9202_B;;XXXX;XXXX;XXXXX;1,5489120;XXXX;XXXX
9202;9202_C;;XXXX;XXXX;XXXXX;0,7989430;XXXX;XXXX
9260;9260;;XXXX;XXXX;XXXXX;3,2852310;XXXX;XXXX
9426;9426_A;;XXXX;XXXX;XXXXX;2,9796840;XXXX;XXXX
9480;9480_A;;XXXX;XXXX;XXXXX;3,4369870;XXXX;XXXX
9480;9480_B;;XXXX;XXXX;XXXXX;1,8293570;XXXX;XXXX
9426;9426_B;;XXXX;XXXX;XXXXX;1,2451350;XXXX;XXXX
9426;9426_C;;XXXX;XXXX;XXXXX;0,7006840;XXXX;XXXX
9731;9731;;XXXX;XXXX;XXXXX;6,8256920;XXXX;XXXX
11124;11124_A;;XXXX;XXXX;XXXXX;11,0131850;XXXX;XXXX
10812;10812_B;;XXXX;XXXX;XXXXX;1,0493240;XXXX;XXXX
11116;11116_B;;XXXX;XXXX;XXXXX;5,0401200;XXXX;XXXX
11124;11124_B;;XXXX;XXXX;XXXXX;1,4825510;XXXX;XXXX
12406;12406_E;;XXXX;XXXX;XXXXX;1,1266920;XXXX;XXXX
12406;12406_D;;XXXX;XXXX;XXXXX;0,7133800;XXXX;XXXX
12406;12406_B;;XXXX;XXXX;XXXXX;0,6224910;XXXX;XXXX
12359;12359_A;;XXXX;XXXX;XXXXX;1,8477630;XXXX;XXXX
12359;12359_B;;XXXX;XXXX;XXXXX;2,1580400;XXXX;XXXX
12406;12406_A;;XXXX;XXXX;XXXXX;1,7874220;XXXX;XXXX
12406;12406_C;;XXXX;XXXX;XXXXX;0,6106670;XXXX;XXXX
11867;11867_D;;XXXX;XXXX;XXXXX;5,9787740;XXXX;XXXX
9996;9996_A;;XXXX;XXXX;XXXXX;2,2966980;XXXX;XXXX
12487;12487_A;;XXXX;XXXX;XXXXX;4,1416620;XXXX;XXXX
10065;10065_A;;XXXX;XXXX;XXXXX;6,5257230;XXXX;XXXX
10058;10058_B;;XXXX;XXXX;XXXXX;2,6513530;XXXX;XXXX
9637;9637_A;;XXXX;XXXX;XXXXX;1,9727810;XXXX;XXXX
9637;9637_B;;XXXX;XXXX;XXXXX;3,2085900;XXXX;XXXX
9989;9989_B;;XXXX;XXXX;XXXXX;5,3846710;XXXX;XXXX
10217;10217_C;;XXXX;XXXX;XXXXX;1,2097530;XXXX;XXXX
11787;11787;;XXXX;XXXX;XXXXX;5,3256290;XXXX;XXXX
9834;9834;;XXXX;XXXX;XXXXX;3,1305320;XXXX;XXXX
10545;10545;;XXXX;XXXX;XXXXX;4,4122850;XXXX;XXXX
10550;10550_A;;XXXX;XXXX;XXXXX;2,6555330;XXXX;XXXX
10550;10550_B;;XXXX;XXXX;XXXXX;2,4152930;XXXX;XXXX
10549;10549;;XXXX;XXXX;XXXXX;1,6718410;XXXX;XXXX
10555;10555_A;;XXXX;XXXX;XXXXX;4,6468350;XXXX;XXXX
10555;10555_B;;XXXX;XXXX;XXXXX;0,2916530;XXXX;XXXX
10496;10496_A;;XXXX;XXXX;XXXXX;3,3327500;XXXX;XXXX
10496;10496_B;;XXXX;XXXX;XXXXX;0,0409850;XXXX;XXXX
9114;9114_A;;XXXX;XXXX;XXXXX;1,3599470;XXXX;XXXX
9114;9114_B;;XXXX;XXXX;XXXXX;2,1660850;XXXX;XXXX
9114;9114_C;;XXXX;XXXX;XXXXX;0,8354550;XXXX;XXXX
9114;9114_D;;XXXX;XXXX;XXXXX;0,5090680;XXXX;XXXX
9114;9114_E;;XXXX;XXXX;XXXXX;4,0866420;XXXX;XXXX
10543;10543_A;;XXXX;XXXX;XXXXX;18,4120430;XXXX;XXXX
10543;10543_B;;XXXX;XXXX;XXXXX;10,7309520;XXXX;XXXX
9135;9135_A;;XXXX;XXXX;XXXXX;1,4479910;XXXX;XXXX
9135;9135_B;;XXXX;XXXX;XXXXX;0,4373640;XXXX;XXXX
9135;9135_D;;XXXX;XXXX;XXXXX;4,6722320;XXXX;XXXX
9135;9135_C;;XXXX;XXXX;XXXXX;0,6226880;XXXX;XXXX
9135;9135_E;;XXXX;XXXX;XXXXX;0,8859610;XXXX;XXXX
9135;9135_F;;XXXX;XXXX;XXXXX;0,4006990;XXXX;XXXX
9135;9135_G;;XXXX;XXXX;XXXXX;1,2613730;XXXX;XXXX
10543;10543_C;;XXXX;XXXX;XXXXX;2,4123520;XXXX;XXXX
9114;9114_F;;XXXX;XXXX;XXXXX;0,1986050;XXXX;XXXX
9114;9114_G;;XXXX;XXXX;XXXXX;0,1266000;XXXX;XXXX
9746;9746_A;;XXXX;XXXX;XXXXX;3,6378280;XXXX;XXXX
9746;9746_B;;XXXX;XXXX;XXXXX;0,2869310;XXXX;XXXX
9304;9304_A;;XXXX;XXXX;XXXXX;3,0200190;XXXX;XXXX
9304;9304_B;;XXXX;XXXX;XXXXX;5,9757860;XXXX;XXXX
9305;9305_A;;XXXX;XXXX;XXXXX;2,1691510;XXXX;XXXX
9305;9305_B;;XXXX;XXXX;XXXXX;0,5032260;XXXX;XXXX
9305;9305_C;;XXXX;XXXX;XXXXX;0,9466500;XXXX;XXXX
9305;9305_D;;XXXX;XXXX;XXXXX;0,2323460;XXXX;XXXX
9302;9302;;XXXX;XXXX;XXXXX;4,0915010;XXXX;XXXX
9734;9734;;XXXX;XXXX;XXXXX;4,2335650;XXXX;XXXX
9619;9619_A;;XXXX;XXXX;XXXXX;1,2908840;XXXX;XXXX
9619;9619_B;;XXXX;XXXX;XXXXX;1,1771320;XXXX;XXXX
9619;9619_C;;XXXX;XXXX;XXXXX;0,6621030;XXXX;XXXX
9736;9736_A;;XXXX;XXXX;XXXXX;4,4299650;XXXX;XXXX
9736;9736_B;;XXXX;XXXX;XXXXX;0,2796730;XXXX;XXXX
9168;9168_A;;XXXX;XXXX;XXXXX;1,2096840;XXXX;XXXX
9168;9168_B;;XXXX;XXXX;XXXXX;0,3900280;XXXX;XXXX
12366;12366;;XXXX;XXXX;XXXXX;4,0151360;XXXX;XXXX
12327;12327_A;;XXXX;XXXX;XXXXX;2,3771180;XXXX;XXXX
12327;12327_C;;XXXX;XXXX;XXXXX;1,6089990;XXXX;XXXX
12327;12327_D;;XXXX;XXXX;XXXXX;4,3351130;XXXX;XXXX
9168;9168_C;;XXXX;XXXX;XXXXX;2,1044170;XXXX;XXXX
9305;9305_E;;XXXX;XXXX;XXXXX;0,1340100;XXXX;XXXX
10781;10781_A;;XXXX;XXXX;XXXXX;2,7816220;XXXX;XXXX
10781;10781_B;;XXXX;XXXX;XXXXX;2,0816870;XXXX;XXXX
11280;11280_C;;XXXX;XXXX;XXXXX;1,7240530;XXXX;XXXX
11280;11280_D;;XXXX;XXXX;XXXXX;4,6572680;XXXX;XXXX
10627;10627;;XXXX;XXXX;XXXXX;28,4840420;XXXX;XXXX
10927;10927_A;;XXXX;XXXX;XXXXX;4,4665900;XXXX;XXXX
10184;10184_A;;XXXX;XXXX;XXXXX;2,3412310;XXXX;XXXX
10184;10184_B;;XXXX;XXXX;XXXXX;1,9398620;XXXX;XXXX
11474;11474_C;;XXXX;XXXX;XXXXX;4,5855200;XXXX;XXXX
10914;10914_A;;XXXX;XXXX;XXXXX;1,2799780;XXXX;XXXX
10914;10914_C;;XXXX;XXXX;XXXXX;2,5017430;XXXX;XXXX
10914;10914_E;;XXXX;XXXX;XXXXX;0,8481040;XXXX;XXXX
10023;10023_B;;XXXX;XXXX;XXXXX;0,4955330;XXXX;XXXX
10459;10459_A;;XXXX;XXXX;XXXXX;3,0122570;XXXX;XXXX
10459;10459_B;;XXXX;XXXX;XXXXX;4,5126330;XXXX;XXXX
11635;11635_B;;XXXX;XXXX;XXXXX;10,7044400;XXXX;XXXX
11635;11635_A;;XXXX;XXXX;XXXXX;1,2026530;XXXX;XXXX
12792;12792_B;;XXXX;XXXX;XXXXX;2,6014660;XXXX;XXXX
12792;12792_A;;XXXX;XXXX;XXXXX;1,7964240;XXXX;XXXX
11374;11374_C;;XXXX;XXXX;XXXXX;3,0203900;XXXX;XXXX
11374;11374_A;;XXXX;XXXX;XXXXX;1,0122210;XXXX;XXXX
11374;11374_B;;XXXX;XXXX;XXXXX;4,0118300;XXXX;XXXX
11374;11374_D;;XXXX;XXXX;XXXXX;0,4017570;XXXX;XXXX
10129;10129;;XXXX;XXXX;XXXXX;5,3734460;XXXX;XXXX
12875;12875_A;;XXXX;XXXX;XXXXX;0,4701790;XXXX;XXXX
12875;12875_B;;XXXX;XXXX;XXXXX;3,3406310;XXXX;XXXX
12875;12875_C;;XXXX;XXXX;XXXXX;1,8773320;XXXX;XXXX
11067;11067_A;;XXXX;XXXX;XXXXX;3,0559850;XXXX;XXXX
11067;11067_B;;XXXX;XXXX;XXXXX;5,9528560;XXXX;XXXX
11067;11067_C;;XXXX;XXXX;XXXXX;3,0587590;XXXX;XXXX
12421;12421_B;;XXXX;XXXX;XXXXX;1,2823760;XXXX;XXXX
12421;12421_A;;XXXX;XXXX;XXXXX;9,3179290;XXXX;XXXX
10578;10578_A;;XXXX;XXXX;XXXXX;2,6112560;XXXX;XXXX
10578;10578_B;;XXXX;XXXX;XXXXX;1,0074050;XXXX;XXXX
10578;10578_C;;XXXX;XXXX;XXXXX;0,9659570;XXXX;XXXX
11057;11057;;XXXX;XXXX;XXXXX;8,7168490;XXXX;XXXX
10620;10620_A;;XXXX;XXXX;XXXXX;4,5752660;XXXX;XXXX
10620;10620_B;;XXXX;XXXX;XXXXX;2,1774190;XXXX;XXXX
10620;10620_C;;XXXX;XXXX;XXXXX;0,4939420;XXXX;XXXX
11344;11344;;XXXX;XXXX;XXXXX;6,8804150;XXXX;XXXX
12062;12062_A;;XXXX;XXXX;XXXXX;10,7423280;XXXX;XXXX
12062;12062_B;;XXXX;XXXX;XXXXX;3,2708700;XXXX;XXXX
12062;12062_C;;XXXX;XXXX;XXXXX;4,2882010;XXXX;XXXX
12062;12062_D;;XXXX;XXXX;XXXXX;0,5207080;XXXX;XXXX
10454;10454_A;;XXXX;XXXX;XXXXX;2,2501820;XXXX;XXXX
10454;10454_B;;XXXX;XXXX;XXXXX;3,4848100;XXXX;XXXX
13176;13176_B;;XXXX;XXXX;XXXXX;4,1170370;XXXX;XXXX
10583;10583;;XXXX;XXXX;XXXXX;5,4741540;XXXX;XXXX
11339;11339_A;;XXXX;XXXX;XXXXX;0,9919460;XXXX;XXXX
11339;11339_B;;XXXX;XXXX;XXXXX;1,6245230;XXXX;XXXX
10586;10586_A;;XXXX;XXXX;XXXXX;2,5759960;XXXX;XXXX
10586;10586_B;;XXXX;XXXX;XXXXX;1,7870570;XXXX;XXXX
10586;10586_C;;XXXX;XXXX;XXXXX;1,9069520;XXXX;XXXX
11622;11622_A;;XXXX;XXXX;XXXXX;2,9894980;XXXX;XXXX
11622;11622_B;;XXXX;XXXX;XXXXX;5,8412540;XXXX;XXXX
11622;11622_C;;XXXX;XXXX;XXXXX;1,2470100;XXXX;XXXX
9128;9128_A;;XXXX;XXXX;XXXXX;1,6711450;XXXX;XXXX
9128;9128_B;;XXXX;XXXX;XXXXX;1,3192830;XXXX;XXXX
9128;9128_C;;XXXX;XXXX;XXXXX;0,8252850;XXXX;XXXX
9676;9676_A;;XXXX;XXXX;XXXXX;1,6891330;XXXX;XXXX
9676;9676_B;;XXXX;XXXX;XXXXX;0,4779210;XXXX;XXXX
9676;9676_C;;XXXX;XXXX;XXXXX;2,1037470;XXXX;XXXX
9584;9584_D;;XXXX;XXXX;XXXXX;0,9218610;XXXX;XXXX
9584;9584_B;;XXXX;XXXX;XXXXX;0,3723390;XXXX;XXXX
9584;9584_C;;XXXX;XXXX;XXXXX;0,2719350;XXXX;XXXX
9584;9584_A;;XXXX;XXXX;XXXXX;0,8342640;XXXX;XXXX
9565;9565;;XXXX;XXXX;XXXXX;4,3238990;XXXX;XXXX
9360;9360_A;;XXXX;XXXX;XXXXX;3,5583880;XXXX;XXXX
9360;9360_B;;XXXX;XXXX;XXXXX;0,3980460;XXXX;XXXX
9310;9310;;XXXX;XXXX;XXXXX;4,3901930;XXXX;XXXX
9131;9131_A;;XXXX;XXXX;XXXXX;2,4707810;XXXX;XXXX
9131;9131_B;;XXXX;XXXX;XXXXX;0,7859920;XXXX;XXXX
9131;9131_C;;XXXX;XXXX;XXXXX;0,3010380;XXXX;XXXX
9131;9131_D;;XXXX;XXXX;XXXXX;1,8920600;XXXX;XXXX
9359;9359;;XXXX;XXXX;XXXXX;3,9969140;XXXX;XXXX
9510;9510;;XXXX;XXXX;XXXXX;0,5734800;XXXX;XXXX
9607;9607;;XXXX;XXXX;XXXXX;3,9125240;XXXX;XXXX
11774;11774_A;;XXXX;XXXX;XXXXX;1,5303280;XXXX;XXXX
11774;11774_B;;XXXX;XXXX;XXXXX;3,3817230;XXXX;XXXX
10999;10999;;XXXX;XXXX;XXXXX;4,0052040;XXXX;XXXX
10986;10986_A;;XXXX;XXXX;XXXXX;1,2861150;XXXX;XXXX
10986;10986_B;;XXXX;XXXX;XXXXX;1,8381410;XXXX;XXXX
10986;10986_C;;XXXX;XXXX;XXXXX;2,0291210;XXXX;XXXX
10532;10532;;XXXX;XXXX;XXXXX;8,1925090;XXXX;XXXX
10530;10530;;XXXX;XXXX;XXXXX;4,3031200;XXXX;XXXX
12001;12001;;XXXX;XXXX;XXXXX;7,4231760;XXXX;XXXX
11339;11339_C;;XXXX;XXXX;XXXXX;1,5657270;XXXX;XXXX
10635;10635;;XXXX;XXXX;XXXXX;11,0567540;XXXX;XXXX
9809;9809;;XXXX;XXXX;XXXXX;5,9715100;XXXX;XXXX
10283;10283_A;;XXXX;XXXX;XXXXX;5,3131620;XXXX;XXXX
10283;10283_B;;XXXX;XXXX;XXXXX;4,3365230;XXXX;XXXX
10197;10197;;XXXX;XXXX;XXXXX;32,1943400;XXXX;XXXX
10065;10065_B;;XXXX;XXXX;XXXXX;10,2536070;XXXX;XXXX
12249;12249;;XXXX;XXXX;XXXXX;5,0912860;XXXX;XXXX
12082;12082;;XXXX;XXXX;XXXXX;7,9967450;XXXX;XXXX
12014;12014;;XXXX;XXXX;XXXXX;7,8333480;XXXX;XXXX
12443;12443;;XXXX;XXXX;XXXXX;5,6502220;XXXX;XXXX
12433;12433;;XXXX;XXXX;XXXXX;5,6224780;XXXX;XXXX
12426;12426;;XXXX;XXXX;XXXXX;7,0279910;XXXX;XXXX
12414;12414;;XXXX;XXXX;XXXXX;5,3901820;XXXX;XXXX
12346;12346;;XXXX;XXXX;XXXXX;5,8465320;XXXX;XXXX
12330;12330_A;;XXXX;XXXX;XXXXX;2,0588340;XXXX;XXXX
12330;12330_B;;XXXX;XXXX;XXXXX;2,9194190;XXXX;XXXX
12330;12330_C;;XXXX;XXXX;XXXXX;1,6250060;XXXX;XXXX
12330;12330_D;;XXXX;XXXX;XXXXX;0,8178800;XXXX;XXXX
12269;12269_A;;XXXX;XXXX;XXXXX;5,9057270;XXXX;XXXX
12269;12269_B;;XXXX;XXXX;XXXXX;2,2900590;XXXX;XXXX
10523;10523_A;;XXXX;XXXX;XXXXX;0,9824540;XXXX;XXXX
10523;10523_B;;XXXX;XXXX;XXXXX;1,4364760;XXXX;XXXX
10523;10523_C;;XXXX;XXXX;XXXXX;1,2366160;XXXX;XXXX
10523;10523_D;;XXXX;XXXX;XXXXX;0,2518810;XXXX;XXXX
10523;10523_E;;XXXX;XXXX;XXXXX;0,6539870;XXXX;XXXX
10523;10523_F;;XXXX;XXXX;XXXXX;1,4279220;XXXX;XXXX
10470;10470_A;;XXXX;XXXX;XXXXX;2,8571050;XXXX;XXXX
10470;10470_B;;XXXX;XXXX;XXXXX;2,2055870;XXXX;XXXX
10330;10330_A;;XXXX;XXXX;XXXXX;0,6697530;XXXX;XXXX
10330;10330_B;;XXXX;XXXX;XXXXX;5,2850690;XXXX;XXXX
10330;10330_C;;XXXX;XXXX;XXXXX;0,5959960;XXXX;XXXX
10313;10313_A;;XXXX;XXXX;XXXXX;5,0133740;XXXX;XXXX
10312;10312;;XXXX;XXXX;XXXXX;3,9975760;XXXX;XXXX
12306;12306;;XXXX;XXXX;XXXXX;9,3428940;XXXX;XXXX
12435;12435_A;;XXXX;XXXX;XXXXX;6,1209650;XXXX;XXXX
12435;12435_B;;XXXX;XXXX;XXXXX;3,3821590;XXXX;XXXX
12490;12490_A;;XXXX;XXXX;XXXXX;8,2891560;XXXX;XXXX
12490;12490_B;;XXXX;XXXX;XXXXX;2,1672790;XXXX;XXXX
12293;12293;;XXXX;XXXX;XXXXX;6,3842480;XXXX;XXXX
11650;11650;;XXXX;XXXX;XXXXX;11,6541430;XXXX;XXXX
11388;11388;;XXXX;XXXX;XXXXX;3,9916460;XXXX;XXXX
10966;10966;;XXXX;XXXX;XXXXX;7,5548700;XXXX;XXXX
10356;10356;;XXXX;XXXX;XXXXX;3,0371050;XXXX;XXXX
10291;10291_B;;XXXX;XXXX;XXXXX;2,0417410;XXXX;XXXX
11373;11373_B;;XXXX;XXXX;XXXXX;2,0734870;XXXX;XXXX
11373;11373_A;;XXXX;XXXX;XXXXX;2,9058300;XXXX;XXXX
9133;9133_E;;XXXX;XXXX;XXXXX;1,2981390;XXXX;XXXX
9133;9133_A;;XXXX;XXXX;XXXXX;1,8208250;XXXX;XXXX
9133;9133_B;;XXXX;XXXX;XXXXX;0,6309230;XXXX;XXXX
9133;9133_C;;XXXX;XXXX;XXXXX;0,1998950;XXXX;XXXX
9133;9133_D;;XXXX;XXXX;XXXXX;1,7172290;XXXX;XXXX
9580;9580;;XXXX;XXXX;XXXXX;5,1477770;XXXX;XXXX
9597;9597_A;;XXXX;XXXX;XXXXX;3,6262790;XXXX;XXXX
9597;9597_B;;XXXX;XXXX;XXXXX;0,3021010;XXXX;XXXX
9570;9570_B;;XXXX;XXXX;XXXXX;0,5190220;XXXX;XXXX
9570;9570_A;;XXXX;XXXX;XXXXX;4,8367190;XXXX;XXXX
9307;9307_A;;XXXX;XXXX;XXXXX;2,3008560;XXXX;XXXX
9307;9307_B;;XXXX;XXXX;XXXXX;1,6413300;XXXX;XXXX
9312;9312_A;;XXXX;XXXX;XXXXX;3,3255900;XXXX;XXXX
9312;9312_B;;XXXX;XXXX;XXXXX;0,5607350;XXXX;XXXX
9306;9306_C;;XXXX;XXXX;XXXXX;0,1463590;XXXX;XXXX
9306;9306_B;;XXXX;XXXX;XXXXX;0,3687930;XXXX;XXXX
9306;9306_A;;XXXX;XXXX;XXXXX;1,3020210;XXXX;XXXX
9306;9306_E;;XXXX;XXXX;XXXXX;3,5098750;XXXX;XXXX
9306;9306_D;;XXXX;XXXX;XXXXX;2,4679260;XXXX;XXXX
9675;9675_A;;XXXX;XXXX;XXXXX;1,6204360;XXXX;XXXX
9675;9675_B;;XXXX;XXXX;XXXXX;2,9362920;XXXX;XXXX
9576;9576;;XXXX;XXXX;XXXXX;5,0571490;XXXX;XXXX
9166;9166_A;;XXXX;XXXX;XXXXX;3,8462180;XXXX;XXXX
9166;9166_B;;XXXX;XXXX;XXXXX;3,1531640;XXXX;XXXX
10575;10575_B;;XXXX;XXXX;XXXXX;3,5764790;XXXX;XXXX
10575;10575_A;;XXXX;XXXX;XXXXX;2,0022970;XXXX;XXXX
12876;12876_A;;XXXX;XXXX;XXXXX;5,5496840;XXXX;XXXX
12876;12876_B;;XXXX;XXXX;XXXXX;3,5762930;XXXX;XXXX
10540;10540;;XXXX;XXXX;XXXXX;5,7822930;XXXX;XXXX
10371;10371_A;;XXXX;XXXX;XXXXX;4,0156250;XXXX;XXXX
10371;10371_B;;XXXX;XXXX;XXXXX;0,6677980;XXXX;XXXX
12804;12804;;XXXX;XXXX;XXXXX;4,0563900;XXXX;XXXX
10564;10564;;XXXX;XXXX;XXXXX;1,7091380;XXXX;XXXX
10562;10562_A;;XXXX;XXXX;XXXXX;5,5138860;XXXX;XXXX
10562;10562_B;;XXXX;XXXX;XXXXX;0,1916860;XXXX;XXXX
10562;10562_C;;XXXX;XXXX;XXXXX;1,9879840;XXXX;XXXX
10562;10562_D;;XXXX;XXXX;XXXXX;0,5441720;XXXX;XXXX
10562;10562_E;;XXXX;XXXX;XXXXX;0,7634490;XXXX;XXXX
10562;10562_F;;XXXX;XXXX;XXXXX;0,9907400;XXXX;XXXX
10562;10562_G;;XXXX;XXXX;XXXXX;1,1006370;XXXX;XXXX
10615;10615_A;;XXXX;XXXX;XXXXX;0,4701300;XXXX;XXXX
10615;10615_B;;XXXX;XXXX;XXXXX;2,3880570;XXXX;XXXX
10615;10615_C;;XXXX;XXXX;XXXXX;1,5077720;XXXX;XXXX
10615;10615_D;;XXXX;XXXX;XXXXX;4,1317640;XXXX;XXXX
10623;10623;;XXXX;XXXX;XXXXX;9,4941570;XXXX;XXXX
12854;12854;;XXXX;XXXX;XXXXX;6,5467210;XXXX;XXXX
12133;12133_B;;XXXX;XXXX;XXXXX;3,5834070;XXXX;XXXX
12370;12370_A;;XXXX;XXXX;XXXXX;1,4020850;XXXX;XXXX
12370;12370_B;;XXXX;XXXX;XXXXX;3,4673470;XXXX;XXXX
12364;12364_A;;XXXX;XXXX;XXXXX;3,0522050;XXXX;XXXX
12364;12364_B;;XXXX;XXXX;XXXXX;2,5651770;XXXX;XXXX
12355;12355;;XXXX;XXXX;XXXXX;6,6787630;XXXX;XXXX
12352;12352_A;;XXXX;XXXX;XXXXX;3,1891370;XXXX;XXXX
12352;12352_B;;XXXX;XXXX;XXXXX;0,9482450;XXXX;XXXX
12348;12348;;XXXX;XXXX;XXXXX;10,0116750;XXXX;XXXX
12339;12339;;XXXX;XXXX;XXXXX;4,9719270;XXXX;XXXX
12367;12367;;XXXX;XXXX;XXXXX;4,9971370;XXXX;XXXX
12329;12329_A;;XXXX;XXXX;XXXXX;1,9845940;XXXX;XXXX
12329;12329_B;;XXXX;XXXX;XXXXX;2,0732000;XXXX;XXXX
12328;12328_A;;XXXX;XXXX;XXXXX;4,6187260;XXXX;XXXX
12328;12328_B;;XXXX;XXXX;XXXXX;2,8799040;XXXX;XXXX
10480;10480_A;;XXXX;XXXX;XXXXX;2,0097250;XXXX;XXXX
10480;10480_B;;XXXX;XXXX;XXXXX;1,9384380;XXXX;XXXX
10469;10469;;XXXX;XXXX;XXXXX;6,2272600;XXXX;XXXX
10343;10343;;XXXX;XXXX;XXXXX;3,9822000;XXXX;XXXX
10342;10342_A;;XXXX;XXXX;XXXXX;3,5475370;XXXX;XXXX
10342;10342_B;;XXXX;XXXX;XXXXX;1,7275480;XXXX;XXXX
10342;10342_C;;XXXX;XXXX;XXXXX;1,4497800;XXXX;XXXX
10334;10334_A;;XXXX;XXXX;XXXXX;1,9873110;XXXX;XXXX
10334;10334_B;;XXXX;XXXX;XXXXX;1,4981970;XXXX;XXXX
10334;10334_C;;XXXX;XXXX;XXXXX;1,4960290;XXXX;XXXX
10334;10334_D;;XXXX;XXXX;XXXXX;2,6926810;XXXX;XXXX
10539;10539;;XXXX;XXXX;XXXXX;4,3329820;XXXX;XXXX
10290;10290;;XXXX;XXXX;XXXXX;6,7254860;XXXX;XXXX
10616;10616_A;;XXXX;XXXX;XXXXX;0,1738390;XXXX;XXXX
10616;10616_B;;XXXX;XXXX;XXXXX;0,3659230;XXXX;XXXX
10616;10616_C;;XXXX;XXXX;XXXXX;1,6376730;XXXX;XXXX
10616;10616_D;;XXXX;XXXX;XXXXX;0,0438370;XXXX;XXXX
10291;10291_D;;XXXX;XXXX;XXXXX;0,3608490;XXXX;XXXX
10291;10291_A;;XXXX;XXXX;XXXXX;1,6316590;XXXX;XXXX
10199;10199;;XXXX;XXXX;XXXXX;11,4501310;XXXX;XXXX
10185;10185_A;;XXXX;XXXX;XXXXX;14,6632610;XXXX;XXXX
12296;12296;;XXXX;XXXX;XXXXX;4,4397010;XXXX;XXXX
12259;12259;;XXXX;XXXX;XXXXX;9,5168030;XXXX;XXXX
11827;11827;;XXXX;XXXX;XXXXX;11,4251050;XXXX;XXXX
12640;12640_B;;XXXX;XXXX;XXXXX;4,1187180;XXXX;XXXX
12780;12780;;XXXX;XXXX;XXXXX;4,1409470;XXXX;XXXX
12935;12935_A;;XXXX;XXXX;XXXXX;6,9367970;XXXX;XXXX
12935;12935_B;;XXXX;XXXX;XXXXX;11,0111870;XXXX;XXXX
12860;12860_A;;XXXX;XXXX;XXXXX;0,8053990;XXXX;XXXX
12860;12860_B;;XXXX;XXXX;XXXXX;0,9897060;XXXX;XXXX
12860;12860_C;;XXXX;XXXX;XXXXX;1,0544880;XXXX;XXXX
12860;12860_D;;XXXX;XXXX;XXXXX;2,6917070;XXXX;XXXX
12787;12787;;XXXX;XXXX;XXXXX;4,1867300;XXXX;XXXX
5798;5798_B;;XXXX;XXXX;XXXXX;2,2969710;XXXX;XXXX
12743;12743;;XXXX;XXXX;XXXXX;5,7073590;XXXX;XXXX
12720;12720;;XXXX;XXXX;XXXXX;12,9404290;XXXX;XXXX
12931;12931_A;;XXXX;XXXX;XXXXX;2,8148170;XXXX;XXXX
12931;12931_B;;XXXX;XXXX;XXXXX;1,2460370;XXXX;XXXX
7298;7298_A;;XXXX;XXXX;XXXXX;0,9947100;XXXX;XXXX
7298;7298_B;;XXXX;XXXX;XXXXX;2,4551920;XXXX;XXXX
7298;7298_C;;XXXX;XXXX;XXXXX;1,2110320;XXXX;XXXX
7298;7298_D;;XXXX;XXXX;XXXXX;0,8303030;XXXX;XXXX
7298;7298_E;;XXXX;XXXX;XXXXX;1,5626400;XXXX;XXXX
12606;12606_F;;XXXX;XXXX;XXXXX;0,2201850;XXXX;XXXX
12606;12606_E;;XXXX;XXXX;XXXXX;0,1258890;XXXX;XXXX
12606;12606_D;;XXXX;XXXX;XXXXX;1,6560120;XXXX;XXXX
12606;12606_C;;XXXX;XXXX;XXXXX;1,0367360;XXXX;XXXX
12606;12606_B;;XXXX;XXXX;XXXXX;1,1183900;XXXX;XXXX
12606;12606_A;;XXXX;XXXX;XXXXX;1,4409460;XXXX;XXXX
12600;12600_A;;XXXX;XXXX;XXXXX;0,9272610;XXXX;XXXX
12600;12600_B;;XXXX;XXXX;XXXXX;3,0422980;XXXX;XXXX
6876;6876_A;;XXXX;XXXX;XXXXX;1,0119400;XXXX;XXXX
6876;6876_B;;XXXX;XXXX;XXXXX;2,2743340;XXXX;XXXX
6877;6877_A;;XXXX;XXXX;XXXXX;0,4453620;XXXX;XXXX
6877;6877_B;;XXXX;XXXX;XXXXX;5,6778360;XXXX;XXXX
6877;6877_C;;XXXX;XXXX;XXXXX;1,0315850;XXXX;XXXX
5710;5710_C;;XXXX;XXXX;XXXXX;5,5822450;XXXX;XXXX
5710;5710_A;;XXXX;XXXX;XXXXX;2,6981860;XXXX;XXXX
5710;5710_D;;XXXX;XXXX;XXXXX;0,2506090;XXXX;XXXX
5710;5710_B;;XXXX;XXXX;XXXXX;3,4832750;XXXX;XXXX
5805;5805_A;;XXXX;XXXX;XXXXX;2,9518490;XXXX;XXXX
6782;6782_A;;XXXX;XXXX;XXXXX;0,7010410;XXXX;XXXX
6782;6782_B;;XXXX;XXXX;XXXXX;1,8377550;XXXX;XXXX
6782;6782_C;;XXXX;XXXX;XXXXX;2,3215990;XXXX;XXXX
6782;6782_D;;XXXX;XXXX;XXXXX;2,2376070;XXXX;XXXX
6782;6782_E;;XXXX;XXXX;XXXXX;0,3783190;XXXX;XXXX
6782;6782_F;;XXXX;XXXX;XXXXX;2,2820090;XXXX;XXXX
6616;6616;;XXXX;XXXX;XXXXX;6,8327340;XXXX;XXXX
6552;6552_A;;XXXX;XXXX;XXXXX;4,0838670;XXXX;XXXX
5805;5805_B;;XXXX;XXXX;XXXXX;2,2087420;XXXX;XXXX
6552;6552_B;;XXXX;XXXX;XXXXX;0,5089950;XXXX;XXXX
6552;6552_C;;XXXX;XXXX;XXXXX;0,1622240;XXXX;XXXX
6571;6571_A;;XXXX;XXXX;XXXXX;0,2476400;XXXX;XXXX
6571;6571_B;;XXXX;XXXX;XXXXX;2,3457310;XXXX;XXXX
6571;6571_C;;XXXX;XXXX;XXXXX;0,5751110;XXXX;XXXX
6571;6571_D;;XXXX;XXXX;XXXXX;1,2634890;XXXX;XXXX
6599;6599_A;;XXXX;XXXX;XXXXX;1,5424540;XXXX;XXXX
6599;6599_B;;XXXX;XXXX;XXXXX;1,4822070;XXXX;XXXX
6599;6599_C;;XXXX;XXXX;XXXXX;2,5283200;XXXX;XXXX
6669;6669_A;;XXXX;XXXX;XXXXX;3,7340270;XXXX;XXXX
6669;6669_B;;XXXX;XXXX;XXXXX;0,6833070;XXXX;XXXX
5930;5930_A;;XXXX;XXXX;XXXXX;1,1412930;XXXX;XXXX
5930;5930_B;;XXXX;XXXX;XXXXX;1,9235870;XXXX;XXXX
5930;5930_C;;XXXX;XXXX;XXXXX;1,1773640;XXXX;XXXX
6872;6872_C;;XXXX;XXXX;XXXXX;1,0016550;XXXX;XXXX
6764;6764;;XXXX;XXXX;XXXXX;2,0938600;XXXX;XXXX
6402;6402_A;;XXXX;XXXX;XXXXX;1,2742140;XXXX;XXXX
6402;6402_C;;XXXX;XXXX;XXXXX;1,3900610;XXXX;XXXX
6402;6402_B;;XXXX;XXXX;XXXXX;2,2714700;XXXX;XXXX
6402;6402_D;;XXXX;XXXX;XXXXX;1,9021870;XXXX;XXXX
6442;6442;;XXXX;XXXX;XXXXX;2,7409110;XXXX;XXXX
6222;6222_A;;XXXX;XXXX;XXXXX;1,0424290;XXXX;XXXX
6222;6222_B;;XXXX;XXXX;XXXXX;5,6877780;XXXX;XXXX
6190;6190_B;;XXXX;XXXX;XXXXX;2,0369730;XXXX;XXXX
6330;6330_A;;XXXX;XXXX;XXXXX;3,3485460;XXXX;XXXX
6330;6330_B;;XXXX;XXXX;XXXXX;0,3932740;XXXX;XXXX
5789;5789_B;;XXXX;XXXX;XXXXX;2,0042540;XXXX;XXXX
6902;6902_B;;XXXX;XXXX;XXXXX;2,6351170;XXXX;XXXX
6902;6902_C;;XXXX;XXXX;XXXXX;1,2610860;XXXX;XXXX
5785;5785;;XXXX;XXXX;XXXXX;4,9768390;XXXX;XXXX
7223;7223_A;;XXXX;XXXX;XXXXX;4,6894940;XXXX;XXXX
7223;7223_B;;XXXX;XXXX;XXXXX;4,5233680;XXXX;XXXX
5698;5698_A;;XXXX;XXXX;XXXXX;2,1853990;XXXX;XXXX
5698;5698_B;;XXXX;XXXX;XXXXX;2,1930820;XXXX;XXXX
5708;5708;;XXXX;XXXX;XXXXX;6,2074810;XXXX;XXXX
5795;5795_A;;XXXX;XXXX;XXXXX;3,2925030;XXXX;XXXX
5795;5795_B;;XXXX;XXXX;XXXXX;3,0478910;XXXX;XXXX
5938;5938_A;;XXXX;XXXX;XXXXX;1,4771010;XXXX;XXXX
5938;5938_B;;XXXX;XXXX;XXXXX;1,1163240;XXXX;XXXX
5938;5938_C;;XXXX;XXXX;XXXXX;4,7783550;XXXX;XXXX
6186;6186;;XXXX;XXXX;XXXXX;6,0627900;XXXX;XXXX
6338;6338_D;;XXXX;XXXX;XXXXX;4,5296610;XXXX;XXXX
5718;5718_A;;XXXX;XXXX;XXXXX;2,1012540;XXXX;XXXX
5718;5718_B;;XXXX;XXXX;XXXXX;1,4513220;XXXX;XXXX
5743;5743_A;;XXXX;XXXX;XXXXX;2,6495690;XXXX;XXXX
5743;5743_B;;XXXX;XXXX;XXXXX;1,1211710;XXXX;XXXX
5743;5743_C;;XXXX;XXXX;XXXXX;2,2083840;XXXX;XXXX
5743;5743_D;;XXXX;XXXX;XXXXX;5,0851380;XXXX;XXXX
6400;6400_A;;XXXX;XXXX;XXXXX;0,6648180;XXXX;XXXX
6400;6400_B;;XXXX;XXXX;XXXXX;2,9942170;XXXX;XXXX
12637;12637_A;;XXXX;XXXX;XXXXX;37,9353600;XXXX;XXXX
12637;12637_B;;XXXX;XXXX;XXXXX;3,8332400;XXXX;XXXX
12623;12623_A;;XXXX;XXXX;XXXXX;1,2377480;XXXX;XXXX
5886;5886_A;;XXXX;XXXX;XXXXX;1,9986500;XXXX;XXXX
5886;5886_B;;XXXX;XXXX;XXXXX;1,3577810;XXXX;XXXX
6512;6512_A;;XXXX;XXXX;XXXXX;0,4835600;XXXX;XXXX
6512;6512_B;;XXXX;XXXX;XXXXX;1,9362680;XXXX;XXXX
5799;5799_C;;XXXX;XXXX;XXXXX;1,5682540;XXXX;XXXX
5799;5799_B;;XXXX;XXXX;XXXXX;1,0544380;XXXX;XXXX
12623;12623_B;;XXXX;XXXX;XXXXX;2,8279420;XXXX;XXXX
6007;6007_A;;XXXX;XXXX;XXXXX;1,2747160;XXXX;XXXX
6007;6007_B;;XXXX;XXXX;XXXXX;6,4036590;XXXX;XXXX
6007;6007_C;;XXXX;XXXX;XXXXX;1,0516100;XXXX;XXXX
6007;6007_D;;XXXX;XXXX;XXXXX;0,1179060;XXXX;XXXX
6007;6007_E;;XXXX;XXXX;XXXXX;0,5938990;XXXX;XXXX
6338;6338_A;;XXXX;XXXX;XXXXX;0,7784940;XXXX;XXXX
6338;6338_B;;XXXX;XXXX;XXXXX;0,1879910;XXXX;XXXX
6338;6338_C;;XXXX;XXXX;XXXXX;0,1322910;XXXX;XXXX
13072;13072_A;;XXXX;XXXX;XXXXX;6,3623790;XXXX;XXXX
13072;13072_B;;XXXX;XXXX;XXXXX;3,6309280;XXXX;XXXX
13072;13072_C;;XXXX;XXXX;XXXXX;0,4978510;XXXX;XXXX
13072;13072_D;;XXXX;XXXX;XXXXX;0,6449640;XXXX;XXXX
13073;13073_A;;XXXX;XXXX;XXXXX;9,2848130;XXXX;XXXX
13073;13073_B;;XXXX;XXXX;XXXXX;12,9372970;XXXX;XXXX
5828;5828;;XXXX;XXXX;XXXXX;4,0839590;XXXX;XXXX
5896;5896_A;;XXXX;XXXX;XXXXX;1,8768660;XXXX;XXXX
5896;5896_B;;XXXX;XXXX;XXXXX;0,9785410;XXXX;XXXX
5896;5896_C;;XXXX;XXXX;XXXXX;0,8957580;XXXX;XXXX
5896;5896_D;;XXXX;XXXX;XXXXX;1,0273660;XXXX;XXXX
5970;5970_A;;XXXX;XXXX;XXXXX;1,9378900;XXXX;XXXX
5970;5970_B;;XXXX;XXXX;XXXXX;3,2533220;XXXX;XXXX
6089;6089;;XXXX;XXXX;XXXXX;5,0422770;XXXX;XXXX
6170;6170_A;;XXXX;XXXX;XXXXX;6,9508000;XXXX;XXXX
6170;6170_B;;XXXX;XXXX;XXXXX;1,3477830;XXXX;XXXX
6193;6193;;XXXX;XXXX;XXXXX;5,0312350;XXXX;XXXX
6251;6251_B;;XXXX;XXXX;XXXXX;0,6939980;XXXX;XXXX
6251;6251_A;;XXXX;XXXX;XXXXX;4,2432060;XXXX;XXXX
6341;6341_A;;XXXX;XXXX;XXXXX;2,6153030;XXXX;XXXX
6341;6341_B;;XXXX;XXXX;XXXXX;1,8573320;XXXX;XXXX
6341;6341_C;;XXXX;XXXX;XXXXX;1,1123730;XXXX;XXXX
6011;6011;;XXXX;XXXX;XXXXX;3,1246860;XXXX;XXXX
6180;6180_A;;XXXX;XXXX;XXXXX;0,8001610;XXXX;XXXX
6180;6180_B;;XXXX;XXXX;XXXXX;2,0272270;XXXX;XXXX
6180;6180_C;;XXXX;XXXX;XXXXX;1,2027940;XXXX;XXXX
6732;6732_B;;XXXX;XXXX;XXXXX;4,6379620;XXXX;XXXX
6732;6732_A;;XXXX;XXXX;XXXXX;2,1880750;XXXX;XXXX
6062;6062_A;;XXXX;XXXX;XXXXX;1,3392390;XXXX;XXXX
6062;6062_B;;XXXX;XXXX;XXXXX;1,9161060;XXXX;XXXX
6062;6062_C;;XXXX;XXXX;XXXXX;0,9017330;XXXX;XXXX
6218;6218_A;;XXXX;XXXX;XXXXX;0,8235930;XXXX;XXXX
6218;6218_B;;XXXX;XXXX;XXXXX;0,5527730;XXXX;XXXX
6218;6218_C;;XXXX;XXXX;XXXXX;1,7746800;XXXX;XXXX
6218;6218_D;;XXXX;XXXX;XXXXX;0,2834150;XXXX;XXXX
6359;6359;;XXXX;XXXX;XXXXX;0,8043230;XXXX;XXXX
6909;6909_B;;XXXX;XXXX;XXXXX;0,6418330;XXXX;XXXX
6909;6909_D;;XXXX;XXXX;XXXXX;1,2616730;XXXX;XXXX
6909;6909_A;;XXXX;XXXX;XXXXX;0,8283180;XXXX;XXXX
6909;6909_C;;XXXX;XXXX;XXXXX;0,6777270;XXXX;XXXX
6909;6909_E;;XXXX;XXXX;XXXXX;0,3340510;XXXX;XXXX
5981;5981;;XXXX;XXXX;XXXXX;8,0982150;XXXX;XXXX
5849;5849_A;;XXXX;XXXX;XXXXX;6,7898490;XXXX;XXXX
5849;5849_B;;XXXX;XXXX;XXXXX;2,9770570;XXXX;XXXX
7279;7279_A;;XXXX;XXXX;XXXXX;2,8651850;XXXX;XXXX
7279;7279_B;;XXXX;XXXX;XXXXX;0,5730000;XXXX;XXXX
7334;7334_A;;XXXX;XXXX;XXXXX;1,8862210;XXXX;XXXX
7334;7334_B;;XXXX;XXXX;XXXXX;2,9016130;XXXX;XXXX
6342;6342_A;;XXXX;XXXX;XXXXX;2,6680360;XXXX;XXXX
6342;6342_B;;XXXX;XXXX;XXXXX;0,4897320;XXXX;XXXX
6342;6342_C;;XXXX;XXXX;XXXXX;0,4874730;XXXX;XXXX
6342;6342_D;;XXXX;XXXX;XXXXX;0,1364350;XXXX;XXXX
6342;6342_E;;XXXX;XXXX;XXXXX;0,3298090;XXXX;XXXX
6510;6510;;XXXX;XXXX;XXXXX;2,2106920;XXXX;XXXX
7268;7268_A;;XXXX;XXXX;XXXXX;1,5281460;XXXX;XXXX
7268;7268_B;;XXXX;XXXX;XXXXX;2,5357430;XXXX;XXXX
7278;7278;;XXXX;XXXX;XXXXX;3,2847170;XXXX;XXXX
5909;5909;;XXXX;XXXX;XXXXX;35,1346870;XXXX;XXXX
5904;5904_C;;XXXX;XXXX;XXXXX;0,3559360;XXXX;XXXX
5904;5904_D;;XXXX;XXXX;XXXXX;3,0071080;XXXX;XXXX
6221;6221_C;;XXXX;XXXX;XXXXX;0,7452570;XXXX;XXXX
6221;6221_A;;XXXX;XXXX;XXXXX;0,6418980;XXXX;XXXX
6221;6221_B;;XXXX;XXXX;XXXXX;1,5590570;XXXX;XXXX
6370;6370_A;;XXXX;XXXX;XXXXX;0,3233400;XXXX;XXXX
6370;6370_B;;XXXX;XXXX;XXXXX;0,4253270;XXXX;XXXX
6370;6370_C;;XXXX;XXXX;XXXXX;1,3605980;XXXX;XXXX
5904;5904_A;;XXXX;XXXX;XXXXX;1,0929170;XXXX;XXXX
5904;5904_B;;XXXX;XXXX;XXXXX;1,2211650;XXXX;XXXX
6370;6370_D;;XXXX;XXXX;XXXXX;1,5853160;XXXX;XXXX
6348;6348_D;;XXXX;XXXX;XXXXX;0,7649160;XXXX;XXXX
6348;6348_C;;XXXX;XXXX;XXXXX;0,3967660;XXXX;XXXX
6348;6348_B;;XXXX;XXXX;XXXXX;1,0976840;XXXX;XXXX
6348;6348_A;;XXXX;XXXX;XXXXX;1,0775760;XXXX;XXXX
6219;6219_A;;XXXX;XXXX;XXXXX;1,2067540;XXXX;XXXX
6219;6219_B;;XXXX;XXXX;XXXXX;2,0866760;XXXX;XXXX
6650;6650_A;;XXXX;XXXX;XXXXX;3,8605130;XXXX;XXXX
6650;6650_B;;XXXX;XXXX;XXXXX;1,7164970;XXXX;XXXX
6679;6679_A;;XXXX;XXXX;XXXXX;5,2136140;XXXX;XXXX
5172;5172;;XXXX;XXXX;XXXXX;5,2231380;XXXX;XXXX
4961;4961_D;;XXXX;XXXX;XXXXX;1,7143470;XXXX;XXXX
4961;4961_C;;XXXX;XXXX;XXXXX;1,0099450;XXXX;XXXX
4961;4961_B;;XXXX;XXXX;XXXXX;0,9646340;XXXX;XXXX
4961;4961_A;;XXXX;XXXX;XXXXX;3,1223740;XXXX;XXXX
5035;5035_C;;XXXX;XXXX;XXXXX;0,3155180;XXXX;XXXX
5035;5035_B;;XXXX;XXXX;XXXXX;2,8699230;XXXX;XXXX
5035;5035_A;;XXXX;XXXX;XXXXX;2,0330620;XXXX;XXXX
4952;4952_A;;XXXX;XXXX;XXXXX;2,3971930;XXXX;XXXX
4952;4952_B;;XXXX;XXXX;XXXXX;2,1323000;XXXX;XXXX
5559;5559_B;;XXXX;XXXX;XXXXX;9,8995690;XXXX;XXXX
4801;4801;;XXXX;XXXX;XXXXX;3,8837210;XXXX;XXXX
4710;4710;;XXXX;XXXX;XXXXX;1,4757320;XXXX;XXXX
4816;4816;;XXXX;XXXX;XXXXX;2,9932760;XXXX;XXXX
5559;5559_A;;XXXX;XXXX;XXXXX;14,9484830;XXXX;XXXX
4951;4951;;XXXX;XXXX;XXXXX;4,8270650;XXXX;XXXX
4704;4704;;XXXX;XXXX;XXXXX;5,1533800;XXXX;XXXX
4795;4795;;XXXX;XXXX;XXXXX;4,4953660;XXXX;XXXX
4759;4759_B;;XXXX;XXXX;XXXXX;2,2588430;XXXX;XXXX
4722;4722_A;;XXXX;XXXX;XXXXX;2,5511910;XXXX;XXXX
4759;4759_A;;XXXX;XXXX;XXXXX;2,2120640;XXXX;XXXX
4702;4702_B;;XXXX;XXXX;XXXXX;7,8520750;XXXX;XXXX
4702;4702_A;;XXXX;XXXX;XXXXX;2,8674840;XXXX;XXXX
4698;4698;;XXXX;XXXX;XXXXX;11,1061290;XXXX;XXXX
4686;4686_C;;XXXX;XXXX;XXXXX;1,3060280;XXXX;XXXX
4686;4686_A;;XXXX;XXXX;XXXXX;0,7252500;XXXX;XXXX
4686;4686_B;;XXXX;XXXX;XXXXX;6,6685060;XXXX;XXXX
4673;4673;;XXXX;XXXX;XXXXX;9,1099170;XXXX;XXXX
4671;4671_A;;XXXX;XXXX;XXXXX;2,0681680;XXXX;XXXX
4671;4671_B;;XXXX;XXXX;XXXXX;2,6261740;XXXX;XXXX
4699;4699;;XXXX;XXXX;XXXXX;10,5519700;XXXX;XXXX
4693;4693;;XXXX;XXXX;XXXXX;4,6002990;XXXX;XXXX
4722;4722_B;;XXXX;XXXX;XXXXX;1,9276390;XXXX;XXXX
4712;4712;;XXXX;XXXX;XXXXX;9,4807610;XXXX;XXXX
4879;4879;;XXXX;XXXX;XXXXX;6,2194490;XXXX;XXXX
4908;4908_A;;XXXX;XXXX;XXXXX;5,1381830;XXXX;XXXX
4908;4908_B;;XXXX;XXXX;XXXXX;1,5245600;XXXX;XXXX
4978;4978;;XXXX;XXXX;XXXXX;5,0262030;XXXX;XXXX
5398;5398_B;;XXXX;XXXX;XXXXX;2,0932300;XXXX;XXXX
5398;5398_A;;XXXX;XXXX;XXXXX;2,3500790;XXXX;XXXX
5540;5540_A;;XXXX;XXXX;XXXXX;4,7911020;XXXX;XXXX
5540;5540_B;;XXXX;XXXX;XXXXX;0,4003460;XXXX;XXXX
5125;5125;;XXXX;XXXX;XXXXX;5,4426930;XXXX;XXXX
4792;4792;;XXXX;XXXX;XXXXX;8,6235620;XXXX;XXXX
4809;4809;;XXXX;XXXX;XXXXX;9,6237440;XXXX;XXXX
4735;4735_B;;XXXX;XXXX;XXXXX;4,2360750;XXXX;XXXX
4735;4735_A;;XXXX;XXXX;XXXXX;3,9207880;XXXX;XXXX
4705;4705;;XXXX;XXXX;XXXXX;5,5005110;XXXX;XXXX
4694;4694;;XXXX;XXXX;XXXXX;4,0806940;XXXX;XXXX
4692;4692;;XXXX;XXXX;XXXXX;4,8335600;XXXX;XXXX
5371;5371;;XXXX;XXXX;XXXXX;4,2277210;XXXX;XXXX
5375;5375;;XXXX;XXXX;XXXXX;10,8913890;XXXX;XXXX
5225;5225;;XXXX;XXXX;XXXXX;4,7270220;XXXX;XXXX
5458;5458;;XXXX;XXXX;XXXXX;5,6477840;XXXX;XXXX
5570;5570;;XXXX;XXXX;XXXXX;4,0968320;XXXX;XXXX
5102;5102;;XXXX;XXXX;XXXXX;6,1830540;XXXX;XXXX
5303;5303;;XXXX;XXXX;XXXXX;4,8116730;XXXX;XXXX
5455;5455;;XXXX;XXXX;XXXXX;4,1251560;XXXX;XXXX
5147;5147;;XXXX;XXXX;XXXXX;6,9153720;XXXX;XXXX
4677;4677;;XXXX;XXXX;XXXXX;5,1728900;XXXX;XXXX
5428;5428;;XXXX;XXXX;XXXXX;4,2681400;XXXX;XXXX
4715;4715_A;;XXXX;XXXX;XXXXX;1,6379310;XXXX;XXXX
4715;4715_B;;XXXX;XXXX;XXXXX;2,6954360;XXXX;XXXX
5030;5030;;XXXX;XXXX;XXXXX;5,3674120;XXXX;XXXX
5387;5387;;XXXX;XXXX;XXXXX;4,1714850;XXXX;XXXX
5388;5388;;XXXX;XXXX;XXXXX;4,2404970;XXXX;XXXX
5019;5019;;XXXX;XXXX;XXXXX;6,1421890;XXXX;XXXX
5535;5535;;XXXX;XXXX;XXXXX;7,2656140;XXXX;XXXX
5029;5029;;XXXX;XXXX;XXXXX;9,8665240;XXXX;XXXX
5599;5599;;XXXX;XXXX;XXXXX;5,7422300;XXXX;XXXX
5479;5479;;XXXX;XXXX;XXXXX;7,2512860;XXXX;XXXX
4840;4840;;XXXX;XXXX;XXXXX;5,4493890;XXXX;XXXX
5541;5541_B;;XXXX;XXXX;XXXXX;4,1380580;XXXX;XXXX
5541;5541_A;;XXXX;XXXX;XXXXX;6,0749670;XXXX;XXXX
5529;5529_C;;XXXX;XXXX;XXXXX;2,6906300;XXXX;XXXX
5529;5529_B;;XXXX;XXXX;XXXXX;0,9933240;XXXX;XXXX
5529;5529_A;;XXXX;XXXX;XXXXX;0,5020830;XXXX;XXXX
5483;5483_D;;XXXX;XXXX;XXXXX;1,7032260;XXXX;XXXX
5483;5483_C;;XXXX;XXXX;XXXXX;0,7711350;XXXX;XXXX
5483;5483_B;;XXXX;XXXX;XXXXX;0,4134360;XXXX;XXXX
5483;5483_A;;XXXX;XXXX;XXXXX;3,0314210;XXXX;XXXX
5470;5470_B;;XXXX;XXXX;XXXXX;3,8749390;XXXX;XXXX
5470;5470_A;;XXXX;XXXX;XXXXX;0,9956140;XXXX;XXXX
5444;5444;;XXXX;XXXX;XXXXX;4,3014010;XXXX;XXXX
5049;5049_D;;XXXX;XXXX;XXXXX;1,5938570;XXXX;XXXX
5049;5049_C;;XXXX;XXXX;XXXXX;5,4734010;XXXX;XXXX
5049;5049_B;;XXXX;XXXX;XXXXX;1,4196820;XXXX;XXXX
5049;5049_A;;XXXX;XXXX;XXXXX;0,8666000;XXXX;XXXX
5047;5047_C;;XXXX;XXXX;XXXXX;0,3026810;XXXX;XXXX
5047;5047_B;;XXXX;XXXX;XXXXX;1,1920800;XXXX;XXXX
5047;5047_A;;XXXX;XXXX;XXXXX;2,5099590;XXXX;XXXX
5039;5039_C;;XXXX;XXXX;XXXXX;1,5933850;XXXX;XXXX
5039;5039_B;;XXXX;XXXX;XXXXX;2,4845610;XXXX;XXXX
5039;5039_A;;XXXX;XXXX;XXXXX;1,1490840;XXXX;XXXX
4996;4996;;XXXX;XXXX;XXXXX;5,6175160;XXXX;XXXX
4995;4995_D;;XXXX;XXXX;XXXXX;0,2473600;XXXX;XXXX
4995;4995_C;;XXXX;XXXX;XXXXX;2,5854480;XXXX;XXXX
4995;4995_B;;XXXX;XXXX;XXXXX;0,3950740;XXXX;XXXX
5184;5184;;XXXX;XXXX;XXXXX;4,4798360;XXXX;XXXX
5537;5537;;XXXX;XXXX;XXXXX;6,5311590;XXXX;XXXX
5436;5436;;XXXX;XXXX;XXXXX;5,0442470;XXXX;XXXX
5408;5408;;XXXX;XXXX;XXXXX;4,3141270;XXXX;XXXX
4995;4995_A;;XXXX;XXXX;XXXXX;4,3936080;XXXX;XXXX
4972;4972;;XXXX;XXXX;XXXXX;5,6108760;XXXX;XXXX
4919;4919;;XXXX;XXXX;XXXXX;6,4807790;XXXX;XXXX
4908;4908_C;;XXXX;XXXX;XXXXX;2,1703840;XXXX;XXXX
8119;8119_A;;XXXX;XXXX;XXXXX;4,9765200;XXXX;XXXX
8119;8119_B;;XXXX;XXXX;XXXXX;2,0280010;XXXX;XXXX
8511;8511_C;;XXXX;XXXX;XXXXX;21,3418820;XXXX;XXXX
8511;8511_B;;XXXX;XXXX;XXXXX;3,4867470;XXXX;XXXX
8141;8141_A;;XXXX;XXXX;XXXXX;10,7450570;XXXX;XXXX
8084;8084_D;;XXXX;XXXX;XXXXX;1,1147460;XXXX;XXXX
8084;8084_C;;XXXX;XXXX;XXXXX;0,8383450;XXXX;XXXX
8084;8084_B;;XXXX;XXXX;XXXXX;0,8632540;XXXX;XXXX
8084;8084_A;;XXXX;XXXX;XXXXX;2,2932130;XXXX;XXXX
8021;8021_B;;XXXX;XXXX;XXXXX;3,0081590;XXXX;XXXX
8021;8021_A;;XXXX;XXXX;XXXXX;1,5194270;XXXX;XXXX
8175;8175_D;;XXXX;XXXX;XXXXX;12,7167360;XXXX;XXXX
8175;8175_C;;XXXX;XXXX;XXXXX;5,1851150;XXXX;XXXX
8175;8175_B;;XXXX;XXXX;XXXXX;2,5964130;XXXX;XXXX
8175;8175_A;;XXXX;XXXX;XXXXX;10,5152290;XXXX;XXXX
8171;8171_C;;XXXX;XXXX;XXXXX;0,7287770;XXXX;XXXX
8171;8171_B;;XXXX;XXXX;XXXXX;2,4395140;XXXX;XXXX
8104;8104_I;;XXXX;XXXX;XXXXX;1,6763630;XXXX;XXXX
8104;8104_H;;XXXX;XXXX;XXXXX;1,8284660;XXXX;XXXX
8104;8104_G;;XXXX;XXXX;XXXXX;6,0791510;XXXX;XXXX
8104;8104_F;;XXXX;XXXX;XXXXX;4,5919390;XXXX;XXXX
8104;8104_E;;XXXX;XXXX;XXXXX;0,6379890;XXXX;XXXX
8104;8104_D;;XXXX;XXXX;XXXXX;0,6050290;XXXX;XXXX
8104;8104_C;;XXXX;XXXX;XXXXX;3,1334030;XXXX;XXXX
8104;8104_B;;XXXX;XXXX;XXXXX;3,3406620;XXXX;XXXX
8104;8104_A;;XXXX;XXXX;XXXXX;16,2543200;XXXX;XXXX
8171;8171_A;;XXXX;XXXX;XXXXX;1,5774500;XXXX;XXXX
8141;8141_C;;XXXX;XXXX;XXXXX;2,3900160;XXXX;XXXX
8138;8138_A;;XXXX;XXXX;XXXXX;4,5420930;XXXX;XXXX
8138;8138_B;;XXXX;XXXX;XXXXX;21,3106780;XXXX;XXXX
8179;8179_D;;XXXX;XXXX;XXXXX;1,1061760;XXXX;XXXX
8179;8179_C;;XXXX;XXXX;XXXXX;7,2174330;XXXX;XXXX
8179;8179_B;;XXXX;XXXX;XXXXX;3,6041900;XXXX;XXXX
8179;8179_A;;XXXX;XXXX;XXXXX;2,4459970;XXXX;XXXX
8153;8153_B;;XXXX;XXXX;XXXXX;4,1761390;XXXX;XXXX
8047;8047_C;;XXXX;XXXX;XXXXX;1,2972920;XXXX;XXXX
8047;8047_A;;XXXX;XXXX;XXXXX;0,9754970;XXXX;XXXX
8047;8047_B;;XXXX;XXXX;XXXXX;2,7041660;XXXX;XXXX
8153;8153_A;;XXXX;XXXX;XXXXX;12,3066440;XXXX;XXXX
8153;8153_C;;XXXX;XXXX;XXXXX;6,0352240;XXXX;XXXX
8153;8153_D;;XXXX;XXXX;XXXXX;2,8676520;XXXX;XXXX
8138;8138_C;;XXXX;XXXX;XXXXX;6,9811050;XXXX;XXXX
8511;8511_A;;XXXX;XXXX;XXXXX;12,2230780;XXXX;XXXX
8141;8141_B;;XXXX;XXXX;XXXXX;3,7020830;XXXX;XXXX
7421;7421_A;;XXXX;XXXX;XXXXX;4,2301710;XXXX;XXXX
7421;7421_B;;XXXX;XXXX;XXXXX;2,3793560;XXXX;XXXX
7417;7417;;XXXX;XXXX;XXXXX;10,2446340;XXXX;XXXX
7433;7433;;XXXX;XXXX;XXXXX;5,7930450;XXXX;XXXX
7438;7438;;XXXX;XXXX;XXXXX;5,0495390;XXXX;XXXX
7469;7469;;XXXX;XXXX;XXXXX;10,2973460;XXXX;XXXX
7576;7576;;XXXX;XXXX;XXXXX;6,1328000;XXXX;XXXX
7473;7473;;XXXX;XXXX;XXXXX;11,0155170;XXXX;XXXX
7447;7447_A;;XXXX;XXXX;XXXXX;2,0600450;XXXX;XXXX
7447;7447_B;;XXXX;XXXX;XXXXX;1,3153990;XXXX;XXXX
7447;7447_C;;XXXX;XXXX;XXXXX;0,2400420;XXXX;XXXX
7569;7569;;XXXX;XXXX;XXXXX;2,6637430;XXXX;XXXX
2334;2334;;XXXX;XXXX;XXXXX;19,1880050;XXXX;XXXX
12691;12691;;XXXX;XXXX;XXXXX;9,8131070;XXXX;XXXX
7525;7525;;XXXX;XXXX;XXXXX;6,1725200;XXXX;XXXX
7564;7564;;XXXX;XXXX;XXXXX;7,2154580;XXXX;XXXX
4218;4218;;XXXX;XXXX;XXXXX;3,9773120;XXXX;XXXX
2573;2573_A;;XXXX;XXXX;XXXXX;0,6657910;XXXX;XXXX
2573;2573_B;;XXXX;XXXX;XXXXX;1,2080350;XXXX;XXXX
2573;2573_C;;XXXX;XXXX;XXXXX;4,2255190;XXXX;XXXX
13075;13075;;XXXX;XXXX;XXXXX;4,0371200;XXXX;XXXX
2099;2099_B;;XXXX;XXXX;XXXXX;3,8572470;XXXX;XXXX
2099;2099_A;;XXXX;XXXX;XXXXX;3,8263860;XXXX;XXXX
2084;2084_B;;XXXX;XXXX;XXXXX;1,0368570;XXXX;XXXX
2709;2709;;XXXX;XXXX;XXXXX;9,4661980;XXXX;XXXX
2084;2084_A;;XXXX;XXXX;XXXXX;4,8756220;XXXX;XXXX
4099;4099;;XXXX;XXXX;XXXXX;11,1171230;XXXX;XXXX
2899;2899_A;;XXXX;XXXX;XXXXX;1,5032430;XXXX;XXXX
2318;2318;;XXXX;XXXX;XXXXX;3,3343370;XXXX;XXXX
2899;2899_B;;XXXX;XXXX;XXXXX;4,2117110;XXXX;XXXX
7482;7482;;XXXX;XXXX;XXXXX;6,2195880;XXXX;XXXX
7074;7074_A;;XXXX;XXXX;XXXXX;1,0079340;XXXX;XXXX
7074;7074_B;;XXXX;XXXX;XXXXX;0,4672890;XXXX;XXXX
7074;7074_C;;XXXX;XXXX;XXXXX;0,5445930;XXXX;XXXX
2815;2815;;XXXX;XXXX;XXXXX;6,0248110;XXXX;XXXX
7466;7466;;XXXX;XXXX;XXXXX;7,0694730;XXXX;XXXX
3379;3379_B;;XXXX;XXXX;XXXXX;1,4923850;XXXX;XXXX
7606;7606;;XXXX;XXXX;XXXXX;1,6370700;XXXX;XXXX
3379;3379_A;;XXXX;XXXX;XXXXX;2,1798180;XXXX;XXXX
2308;2308;;XXXX;XXXX;XXXXX;6,0538890;XXXX;XXXX
2867;2867_A;;XXXX;XXXX;XXXXX;1,9898000;XXXX;XXXX
2867;2867_B;;XXXX;XXXX;XXXXX;1,2528540;XXXX;XXXX
2310;2310_A;;XXXX;XXXX;XXXXX;0,6121080;XXXX;XXXX
2600;2600;;XXXX;XXXX;XXXXX;1,7228790;XXXX;XXXX
7521;7521;;XXXX;XXXX;XXXXX;1,8087290;XXXX;XXXX
7513;7513;;XXXX;XXXX;XXXXX;1,6460170;XXXX;XXXX
7474;7474;;XXXX;XXXX;XXXXX;2,2730870;XXXX;XXXX
7487;7487;;XXXX;XXXX;XXXXX;1,9979250;XXXX;XXXX
7463;7463_A;;XXXX;XXXX;XXXXX;8,0034120;XXXX;XXXX
7463;7463_C;;XXXX;XXXX;XXXXX;1,7921120;XXXX;XXXX
7463;7463_B;;XXXX;XXXX;XXXXX;2,9642600;XXXX;XXXX
1978;1978_A;;XXXX;XXXX;XXXXX;0,4779060;XXXX;XXXX
7543;7543_A;;XXXX;XXXX;XXXXX;3,3121550;XXXX;XXXX
7543;7543_B;;XXXX;XXXX;XXXXX;0,7897830;XXXX;XXXX
3575;3575;;XXXX;XXXX;XXXXX;6,7013400;XXXX;XXXX
7583;7583;;XXXX;XXXX;XXXXX;6,5256050;XXXX;XXXX
7522;7522;;XXXX;XXXX;XXXXX;10,5542320;XXXX;XXXX
7509;7509;;XXXX;XXXX;XXXXX;4,7562480;XXXX;XXXX
2850;2850_B;;XXXX;XXXX;XXXXX;3,0174950;XXXX;XXXX
2850;2850_A;;XXXX;XXXX;XXXXX;4,7064580;XXXX;XXXX
2850;2850_C;;XXXX;XXXX;XXXXX;1,7279010;XXXX;XXXX
2850;2850_D;;XXXX;XXXX;XXXXX;1,1340770;XXXX;XXXX
7476;7476;;XXXX;XXXX;XXXXX;4,8466250;XXXX;XXXX
7554;7554;;XXXX;XXXX;XXXXX;10,9202140;XXXX;XXXX
7467;7467;;XXXX;XXXX;XXXXX;6,3245800;XXXX;XXXX
1978;1978_B;;XXXX;XXXX;XXXXX;0,7042690;XXXX;XXXX
2310;2310_B;;XXXX;XXXX;XXXXX;5,8510840;XXXX;XXXX
1751;1751;;XXXX;XXXX;XXXXX;4,5484320;XXXX;XXXX
12678;12678_A;;XXXX;XXXX;XXXXX;1,7105410;XXXX;XXXX
3395;3395;;XXXX;XXXX;XXXXX;3,9390310;XXXX;XXXX
12678;12678_B;;XXXX;XXXX;XXXXX;2,8368690;XXXX;XXXX
12678;12678_C;;XXXX;XXXX;XXXXX;0,8252980;XXXX;XXXX
12678;12678_D;;XXXX;XXXX;XXXXX;1,3137430;XXXX;XXXX
3393;3393_A;;XXXX;XXXX;XXXXX;4,4601690;XXXX;XXXX
3393;3393_B;;XXXX;XXXX;XXXXX;0,6076660;XXXX;XXXX
2588;2588;;XXXX;XXXX;XXXXX;8,3200890;XXXX;XXXX
12455;12455_A;;XXXX;XXXX;XXXXX;3,0990660;XXXX;XXXX
3304;3304_A;;XXXX;XXXX;XXXXX;1,6285150;XXXX;XXXX
3304;3304_B;;XXXX;XXXX;XXXXX;2,8497870;XXXX;XXXX
3304;3304_C;;XXXX;XXXX;XXXXX;2,1648780;XXXX;XXXX
12455;12455_B;;XXXX;XXXX;XXXXX;0,9103180;XXXX;XXXX
12455;12455_C;;XXXX;XXXX;XXXXX;2,2239900;XXXX;XXXX
7468;7468_A;;XXXX;XXXX;XXXXX;1,2536800;XXXX;XXXX
7468;7468_B;;XXXX;XXXX;XXXXX;2,0112070;XXXX;XXXX
7468;7468_C;;XXXX;XXXX;XXXXX;0,8799620;XXXX;XXXX
7492;7492_A;;XXXX;XXXX;XXXXX;3,2356040;XXXX;XXXX
7492;7492_B;;XXXX;XXXX;XXXXX;7,0244770;XXXX;XXXX
7524;7524;;XXXX;XXXX;XXXXX;8,9101430;XXXX;XXXX
7531;7531_A;;XXXX;XXXX;XXXXX;5,8527680;XXXX;XXXX
7531;7531_B;;XXXX;XXXX;XXXXX;0,2890580;XXXX;XXXX
7531;7531_C;;XXXX;XXXX;XXXXX;0,9815720;XXXX;XXXX
7621;7621;;XXXX;XXXX;XXXXX;8,1048860;XXXX;XXXX
7459;7459;;XXXX;XXXX;XXXXX;5,3828200;XXXX;XXXX
7449;7449_A;;XXXX;XXXX;XXXXX;1,2506880;XXXX;XXXX
7449;7449_B;;XXXX;XXXX;XXXXX;1,6137380;XXXX;XXXX
7449;7449_C;;XXXX;XXXX;XXXXX;1,6468540;XXXX;XXXX
7449;7449_D;;XXXX;XXXX;XXXXX;1,2740390;XXXX;XXXX
7449;7449_E;;XXXX;XXXX;XXXXX;3,1081330;XXXX;XXXX
7191;7191;;XXXX;XXXX;XXXXX;4,8698960;XXXX;XXXX
4155;4155;;XXXX;XXXX;XXXXX;6,8715570;XXXX;XXXX
7526;7526;;XXXX;XXXX;XXXXX;3,2407700;XXXX;XXXX
7472;7472;;XXXX;XXXX;XXXXX;3,9242640;XXXX;XXXX
7618;7618;;XXXX;XXXX;XXXXX;3,8312150;XXXX;XXXX
7471;7471;;XXXX;XXXX;XXXXX;7,9898400;XXXX;XXXX
2911;2911;;XXXX;XXXX;XXXXX;4,8076510;XXXX;XXXX
2621;2621_A;;XXXX;XXXX;XXXXX;2,9549050;XXXX;XXXX
2621;2621_B;;XXXX;XXXX;XXXXX;0,9591720;XXXX;XXXX
2621;2621_C;;XXXX;XXXX;XXXXX;0,3583960;XXXX;XXXX
2621;2621_D;;XXXX;XXXX;XXXXX;0,2521950;XXXX;XXXX
2556;2556_A;;XXXX;XXXX;XXXXX;0,5010480;XXXX;XXXX
2556;2556_B;;XXXX;XXXX;XXXXX;3,5774770;XXXX;XXXX
3102;3102_A;;XXXX;XXXX;XXXXX;10,7386740;XXXX;XXXX
12678;12678_E;;XXXX;XXXX;XXXXX;0,9256370;XXXX;XXXX
3349;3349_A;;XXXX;XXXX;XXXXX;5,5304870;XXXX;XXXX
3349;3349_B;;XXXX;XXXX;XXXXX;0,8885140;XXXX;XXXX
2442;2442_A;;XXXX;XXXX;XXXXX;9,0620280;XXXX;XXXX
2442;2442_B;;XXXX;XXXX;XXXXX;2,3370800;XXXX;XXXX
2442;2442_C;;XXXX;XXXX;XXXXX;0,5839050;XXXX;XXXX
2496;2496;;XXXX;XXXX;XXXXX;4,3476400;XXXX;XXXX
2306;2306;;XXXX;XXXX;XXXXX;4,8846650;XXXX;XXXX
2112;2112;;XXXX;XXXX;XXXXX;5,7035260;XXXX;XXXX
1748;1748;;XXXX;XXXX;XXXXX;9,8733320;XXXX;XXXX
1907;1907_A;;XXXX;XXXX;XXXXX;1,7649030;XXXX;XXXX
4660;4660;;XXXX;XXXX;XXXXX;2,1380890;XXXX;XXXX
2357;2357;;XXXX;XXXX;XXXXX;2,9939530;XXXX;XXXX
1907;1907_B;;XXXX;XXXX;XXXXX;3,0321180;XXXX;XXXX
1907;1907_C;;XXXX;XXXX;XXXXX;1,7950970;XXXX;XXXX
3350;3350;;XXXX;XXXX;XXXXX;5,3996290;XXXX;XXXX
7582;7582;;XXXX;XXXX;XXXXX;5,9115750;XXXX;XXXX
13061;13061_A;;XXXX;XXXX;XXXXX;0,7663220;XXXX;XXXX
13061;13061_B;;XXXX;XXXX;XXXXX;1,3688830;XXXX;XXXX
13061;13061_C;;XXXX;XXXX;XXXXX;1,8070460;XXXX;XXXX
13057;13057_A;;XXXX;XXXX;XXXXX;2,8559660;XXXX;XXXX
13057;13057_B;;XXXX;XXXX;XXXXX;1,9569420;XXXX;XXXX
2901;2901_B;;XXXX;XXXX;XXXXX;1,8827710;XXXX;XXXX
3631;3631_B;;XXXX;XXXX;XXXXX;0,9235130;XXXX;XXXX
3631;3631_C;;XXXX;XXXX;XXXXX;5,1722010;XXXX;XXXX
3631;3631_D;;XXXX;XXXX;XXXXX;0,7438000;XXXX;XXXX
3185;3185_A;;XXXX;XXXX;XXXXX;4,0495300;XXXX;XXXX
2022;2022;;XXXX;XXXX;XXXXX;7,0149210;XXXX;XXXX
3587;3587;;XXXX;XXXX;XXXXX;10,0573490;XXXX;XXXX
3576;3576;;XXXX;XXXX;XXXXX;11,4431710;XXXX;XXXX
3905;3905_A;;XXXX;XXXX;XXXXX;2,0532030;XXXX;XXXX
3905;3905_B;;XXXX;XXXX;XXXXX;1,0409000;XXXX;XXXX
3905;3905_C;;XXXX;XXXX;XXXXX;0,9165770;XXXX;XXXX
3905;3905_D;;XXXX;XXXX;XXXXX;1,6309210;XXXX;XXXX
2155;2155;;XXXX;XXXX;XXXXX;18,3396540;XXXX;XXXX
3442;3442;;XXXX;XXXX;XXXXX;6,3957820;XXXX;XXXX
12664;12664_B;;XXXX;XXXX;XXXXX;1,5413240;XXXX;XXXX
4100;4100;;XXXX;XXXX;XXXXX;9,2830730;XXXX;XXXX
3179;3179_A;;XXXX;XXXX;XXXXX;7,6491300;XXXX;XXXX
3179;3179_B;;XXXX;XXXX;XXXXX;2,3313960;XXXX;XXXX
3179;3179_C;;XXXX;XXXX;XXXXX;2,0399970;XXXX;XXXX
4097;4097_A;;XXXX;XXXX;XXXXX;12,7312020;XXXX;XXXX
4097;4097_B;;XXXX;XXXX;XXXXX;5,0120430;XXXX;XXXX
3185;3185_B;;XXXX;XXXX;XXXXX;2,1089160;XXXX;XXXX
1638;1638_B;;XXXX;XXXX;XXXXX;3,1485900;XXXX;XXXX
1638;1638_A;;XXXX;XXXX;XXXXX;1,0092020;XXXX;XXXX
2459;2459_A;;XXXX;XXXX;XXXXX;0,9266690;XXXX;XXXX
2459;2459_C;;XXXX;XXXX;XXXXX;2,0447130;XXXX;XXXX
2459;2459_D;;XXXX;XXXX;XXXXX;1,0048590;XXXX;XXXX
2459;2459_B;;XXXX;XXXX;XXXXX;5,0787030;XXXX;XXXX
3733;3733;;XXXX;XXXX;XXXXX;4,6519890;XXXX;XXXX
1836;1836;;XXXX;XXXX;XXXXX;5,2369600;XXXX;XXXX
1728;1728_B;;XXXX;XXXX;XXXXX;1,4581570;XXXX;XXXX
1728;1728_A;;XXXX;XXXX;XXXXX;3,9913650;XXXX;XXXX
1684;1684;;XXXX;XXXX;XXXXX;7,4854230;XXXX;XXXX
7075;7075;;XXXX;XXXX;XXXXX;5,6071490;XXXX;XXXX
3848;3848_D;;XXXX;XXXX;XXXXX;0,2782790;XXXX;XXXX
3848;3848_C;;XXXX;XXXX;XXXXX;0,8574780;XXXX;XXXX
3848;3848_A;;XXXX;XXXX;XXXXX;2,3443830;XXXX;XXXX
3847;3847;;XXXX;XXXX;XXXXX;12,5547710;XXXX;XXXX
3832;3832_A;;XXXX;XXXX;XXXXX;0,5429150;XXXX;XXXX
3832;3832_B;;XXXX;XXXX;XXXXX;3,8254300;XXXX;XXXX
3832;3832_C;;XXXX;XXXX;XXXXX;1,4944060;XXXX;XXXX
3551;3551_A;;XXXX;XXXX;XXXXX;1,8506110;XXXX;XXXX
3551;3551_B;;XXXX;XXXX;XXXXX;0,9614310;XXXX;XXXX
3551;3551_C;;XXXX;XXXX;XXXXX;0,7297970;XXXX;XXXX
3200;3200;;XXXX;XXXX;XXXXX;3,4506050;XXXX;XXXX
2780;2780_D;;XXXX;XXXX;XXXXX;0,7847220;XXXX;XXXX
2971;2971;;XXXX;XXXX;XXXXX;5,2088930;XXXX;XXXX
2508;2508_A;;XXXX;XXXX;XXXXX;2,0680470;XXXX;XXXX
2508;2508_B;;XXXX;XXXX;XXXXX;2,0403000;XXXX;XXXX
2508;2508_C;;XXXX;XXXX;XXXXX;1,2892450;XXXX;XXXX
2497;2497;;XXXX;XXXX;XXXXX;5,6343500;XXXX;XXXX
4164;4164_B;;XXXX;XXXX;XXXXX;2,0874560;XXXX;XXXX
4164;4164_A;;XXXX;XXXX;XXXXX;3,1126400;XXXX;XXXX
3848;3848_B;;XXXX;XXXX;XXXXX;0,8165010;XXXX;XXXX
1671;1671;;XXXX;XXXX;XXXXX;7,3347880;XXXX;XXXX
1786;1786_A;;XXXX;XXXX;XXXXX;2,1157940;XXXX;XXXX
1786;1786_B;;XXXX;XXXX;XXXXX;2,8076540;XXXX;XXXX
1925;1925_A;;XXXX;XXXX;XXXXX;1,4037340;XXXX;XXXX
1925;1925_B;;XXXX;XXXX;XXXXX;0,7291760;XXXX;XXXX
1925;1925_C;;XXXX;XXXX;XXXXX;1,0003910;XXXX;XXXX
1925;1925_D;;XXXX;XXXX;XXXXX;1,0464360;XXXX;XXXX
1995;1995_A;;XXXX;XXXX;XXXXX;3,9503390;XXXX;XXXX
2319;2319;;XXXX;XXXX;XXXXX;4,3419050;XXXX;XXXX
2351;2351_A;;XXXX;XXXX;XXXXX;6,0156210;XXXX;XXXX
2351;2351_B;;XXXX;XXXX;XXXXX;5,3607080;XXXX;XXXX
2352;2352;;XXXX;XXXX;XXXXX;9,7597250;XXXX;XXXX
2358;2358;;XXXX;XXXX;XXXXX;4,1843740;XXXX;XXXX
2478;2478;;XXXX;XXXX;XXXXX;6,8865830;XXXX;XXXX
2649;2649;;XXXX;XXXX;XXXXX;7,6454250;XXXX;XXXX
2590;2590;;XXXX;XXXX;XXXXX;6,2286320;XXXX;XXXX
2672;2672_A;;XXXX;XXXX;XXXXX;4,4905190;XXXX;XXXX
2710;2710;;XXXX;XXXX;XXXXX;6,1435240;XXXX;XXXX
2724;2724_A;;XXXX;XXXX;XXXXX;5,0379640;XXXX;XXXX
2724;2724_B;;XXXX;XXXX;XXXXX;1,7891420;XXXX;XXXX
2820;2820_A;;XXXX;XXXX;XXXXX;0,9308970;XXXX;XXXX
2820;2820_B;;XXXX;XXXX;XXXXX;4,4232480;XXXX;XXXX
2820;2820_C;;XXXX;XXXX;XXXXX;3,5508900;XXXX;XXXX
2820;2820_D;;XXXX;XXXX;XXXXX;2,2373690;XXXX;XXXX
2859;2859;;XXXX;XXXX;XXXXX;4,4482530;XXXX;XXXX
2962;2962_A;;XXXX;XXXX;XXXXX;3,9134660;XXXX;XXXX
2962;2962_B;;XXXX;XXXX;XXXXX;1,5280310;XXXX;XXXX
2993;2993_A;;XXXX;XXXX;XXXXX;3,6995510;XXXX;XXXX
2993;2993_B;;XXXX;XXXX;XXXXX;2,7504200;XXXX;XXXX
2993;2993_C;;XXXX;XXXX;XXXXX;3,8612490;XXXX;XXXX
3230;3230;;XXXX;XXXX;XXXXX;4,0962580;XXXX;XXXX
3370;3370;;XXXX;XXXX;XXXXX;4,5597380;XXXX;XXXX
3377;3377;;XXXX;XXXX;XXXXX;4,0616510;XXXX;XXXX
3404;3404;;XXXX;XXXX;XXXXX;8,9678310;XXXX;XXXX
3432;3432;;XXXX;XXXX;XXXXX;7,4185990;XXXX;XXXX
3468;3468_A;;XXXX;XXXX;XXXXX;4,1385360;XXXX;XXXX
3468;3468_B;;XXXX;XXXX;XXXXX;1,2791060;XXXX;XXXX
3500;3500;;XXXX;XXXX;XXXXX;6,4979680;XXXX;XXXX
3502;3502;;XXXX;XXXX;XXXXX;6,7510490;XXXX;XXXX
3584;3584_A;;XXXX;XXXX;XXXXX;4,2500430;XXXX;XXXX
3584;3584_B;;XXXX;XXXX;XXXXX;0,3736710;XXXX;XXXX
3584;3584_C;;XXXX;XXXX;XXXXX;1,7898000;XXXX;XXXX
3588;3588_A;;XXXX;XXXX;XXXXX;4,6913610;XXXX;XXXX
3588;3588_B;;XXXX;XXXX;XXXXX;3,1985640;XXXX;XXXX
3588;3588_C;;XXXX;XXXX;XXXXX;2,2570070;XXXX;XXXX
3602;3602_A;;XXXX;XXXX;XXXXX;3,2346430;XXXX;XXXX
3602;3602_B;;XXXX;XXXX;XXXXX;1,2198450;XXXX;XXXX
4227;4227;;XXXX;XXXX;XXXXX;5,6522020;XXXX;XXXX
4283;4283;;XXXX;XXXX;XXXXX;6,1862110;XXXX;XXXX
7201;7201;;XXXX;XXXX;XXXXX;4,8336110;XXXX;XXXX
7198;7198;;XXXX;XXXX;XXXXX;4,0501700;XXXX;XXXX
7595;7595_A;;XXXX;XXXX;XXXXX;2,5577430;XXXX;XXXX
7595;7595_B;;XXXX;XXXX;XXXXX;2,0079390;XXXX;XXXX
8522;8522_A;;XXXX;XXXX;XXXXX;0,9761550;XXXX;XXXX
8522;8522_B;;XXXX;XXXX;XXXXX;3,7127970;XXXX;XXXX
2961;2961_A;;XXXX;XXXX;XXXXX;2,7802700;XXXX;XXXX
2961;2961_B;;XXXX;XXXX;XXXXX;2,4310690;XXXX;XXXX
2961;2961_C;;XXXX;XXXX;XXXXX;0,8672050;XXXX;XXXX
12668;12668_A;;XXXX;XXXX;XXXXX;13,8170040;XXXX;XXXX
12668;12668_B;;XXXX;XXXX;XXXXX;2,4584290;XXXX;XXXX
12668;12668_C;;XXXX;XXXX;XXXXX;1,0197320;XXXX;XXXX
12709;12709;;XXXX;XXXX;XXXXX;10,4752040;XXXX;XXXX
12711;12711_A;;XXXX;XXXX;XXXXX;1,4597610;XXXX;XXXX
12711;12711_B;;XXXX;XXXX;XXXXX;1,7627590;XXXX;XXXX
12711;12711_C;;XXXX;XXXX;XXXXX;1,0747990;XXXX;XXXX
12713;12713;;XXXX;XXXX;XXXXX;4,2924690;XXXX;XXXX
12932;12932;;XXXX;XXXX;XXXXX;5,3489220;XXXX;XXXX
12940;12940;;XXXX;XXXX;XXXXX;15,0178390;XXXX;XXXX
12945;12945;;XXXX;XXXX;XXXXX;6,6923820;XXXX;XXXX
12951;12951;;XXXX;XXXX;XXXXX;4,5997260;XXXX;XXXX
12970;12970_A;;XXXX;XXXX;XXXXX;0,8340470;XXXX;XXXX
12970;12970_B;;XXXX;XXXX;XXXXX;1,7728790;XXXX;XXXX
12970;12970_C;;XXXX;XXXX;XXXXX;3,0484370;XXXX;XXXX
12984;12984;;XXXX;XXXX;XXXXX;40,2034970;XXXX;XXXX
12991;12991;;XXXX;XXXX;XXXXX;4,2308300;XXXX;XXXX
12996;12996;;XXXX;XXXX;XXXXX;9,2127570;XXXX;XXXX
13006;13006;;XXXX;XXXX;XXXXX;5,3764980;XXXX;XXXX
13013;13013;;XXXX;XXXX;XXXXX;10,1945860;XXXX;XXXX
13021;13021;;XXXX;XXXX;XXXXX;4,0447910;XXXX;XXXX
13023;13023;;XXXX;XXXX;XXXXX;4,7506070;XXXX;XXXX
13035;13035_A;;XXXX;XXXX;XXXXX;2,8365490;XXXX;XXXX
13035;13035_B;;XXXX;XXXX;XXXXX;1,8189740;XXXX;XXXX
13044;13044_A;;XXXX;XXXX;XXXXX;2,0344720;XXXX;XXXX
13044;13044_B;;XXXX;XXXX;XXXXX;3,8852090;XXXX;XXXX
12963;12963_A;;XXXX;XXXX;XXXXX;2,0902450;XXXX;XXXX
12963;12963_B;;XXXX;XXXX;XXXXX;2,8476570;XXXX;XXXX
12963;12963_C;;XXXX;XXXX;XXXXX;0,5215380;XXXX;XXXX
12671;12671_A;;XXXX;XXXX;XXXXX;2,6148670;XXXX;XXXX
12671;12671_B;;XXXX;XXXX;XXXXX;1,5089520;XXXX;XXXX
12679;12679_A;;XXXX;XXXX;XXXXX;6,1026270;XXXX;XXXX
12679;12679_B;;XXXX;XXXX;XXXXX;1,7822750;XXXX;XXXX
12690;12690_A;;XXXX;XXXX;XXXXX;2,9701010;XXXX;XXXX
12690;12690_B;;XXXX;XXXX;XXXXX;1,3461160;XXXX;XXXX
2973;2973;;XXXX;XXXX;XXXXX;5,3547830;XXXX;XXXX
12697;12697_A;;XXXX;XXXX;XXXXX;1,6719630;XXXX;XXXX
12697;12697_B;;XXXX;XXXX;XXXXX;2,6997820;XXXX;XXXX
12700;12700_A;;XXXX;XXXX;XXXXX;0,9846880;XXXX;XXXX
12700;12700_B;;XXXX;XXXX;XXXXX;6,6771890;XXXX;XXXX
3602;3602_C;;XXXX;XXXX;XXXXX;2,2490000;XXXX;XXXX
3739;3739;;XXXX;XXXX;XXXXX;5,1974120;XXXX;XXXX
3925;3925;;XXXX;XXXX;XXXXX;4,6242800;XXXX;XXXX
12667;12667_A;;XXXX;XXXX;XXXXX;1,3697940;XXXX;XXXX
12667;12667_B;;XXXX;XXXX;XXXXX;1,2304300;XXXX;XXXX
12667;12667_C;;XXXX;XXXX;XXXXX;1,8635790;XXXX;XXXX
4101;4101_A;;XXXX;XXXX;XXXXX;3,2553690;XXXX;XXXX
4101;4101_B;;XXXX;XXXX;XXXXX;2,0031000;XXXX;XXXX
1995;1995_B;;XXXX;XXXX;XXXXX;0,1214090;XXXX;XXXX
1694;1694;;XXXX;XXXX;XXXXX;4,9609090;XXXX;XXXX
1786;1786_C;;XXXX;XXXX;XXXXX;1,5160030;XXXX;XXXX
7993;7993_A;;XXXX;XXXX;XXXXX;0,4798290;XXXX;XXXX
7810;7810_B;;XXXX;XXXX;XXXXX;3,1058970;XXXX;XXXX
7810;7810_A;;XXXX;XXXX;XXXXX;6,1988030;XXXX;XXXX
7914;7914;;XXXX;XXXX;XXXXX;18,2642030;XXXX;XXXX
7758;7758;;XXXX;XXXX;XXXXX;13,9487460;XXXX;XXXX
7902;7902;;XXXX;XXXX;XXXXX;33,9718130;XXXX;XXXX
7760;7760;;XXXX;XXXX;XXXXX;21,3954310;XXXX;XXXX
7753;7753;;XXXX;XXXX;XXXXX;37,8582220;XXXX;XXXX
7747;7747;;XXXX;XXXX;XXXXX;20,5326230;XXXX;XXXX
7749;7749;;XXXX;XXXX;XXXXX;47,9180720;XXXX;XXXX
7657;7657_B;;XXXX;XXXX;XXXXX;7,2132100;XXXX;XXXX
7657;7657_D;;XXXX;XXXX;XXXXX;1,4384750;XXXX;XXXX
7657;7657_C;;XXXX;XXXX;XXXXX;2,6101310;XXXX;XXXX
8010;8010_A;;XXXX;XXXX;XXXXX;25,9418310;XXXX;XXXX
7657;7657_A;;XXXX;XXXX;XXXXX;25,1533660;XXXX;XXXX
8010;8010_G;;XXXX;XXXX;XXXXX;29,7631520;XXXX;XXXX
8010;8010_F;;XXXX;XXXX;XXXXX;5,0521960;XXXX;XXXX
8010;8010_H;;XXXX;XXXX;XXXXX;10,7618870;XXXX;XXXX
8010;8010_E;;XXXX;XXXX;XXXXX;11,7202930;XXXX;XXXX
8010;8010_C;;XXXX;XXXX;XXXXX;10,2671180;XXXX;XXXX
8010;8010_D;;XXXX;XXXX;XXXXX;6,8249450;XXXX;XXXX
7982;7982;;XXXX;XXXX;XXXXX;29,0025290;XXXX;XXXX
7980;7980;;XXXX;XXXX;XXXXX;15,3954920;XXXX;XXXX
8010;8010_B;;XXXX;XXXX;XXXXX;72,7911920;XXXX;XXXX
7792;7792;;XXXX;XXXX;XXXXX;5,5361190;XXXX;XXXX
7919;7919;;XXXX;XXXX;XXXXX;7,0191290;XXXX;XXXX
7799;7799;;XXXX;XXXX;XXXXX;4,4149060;XXXX;XXXX
7975;7975;;XXXX;XXXX;XXXXX;5,2504130;XXXX;XXXX
7774;7774;;XXXX;XXXX;XXXXX;1,3340380;XXXX;XXXX
7805;7805;;XXXX;XXXX;XXXXX;3,7944310;XXXX;XXXX
7807;7807;;XXXX;XXXX;XXXXX;2,0220190;XXXX;XXXX
7891;7891;;XXXX;XXXX;XXXXX;2,6541470;XXXX;XXXX
7874;7874;;XXXX;XXXX;XXXXX;3,2466520;XXXX;XXXX
7840;7840;;XXXX;XXXX;XXXXX;4,0762680;XXXX;XXXX
7993;7993_B;;XXXX;XXXX;XXXXX;1,8631490;XXXX;XXXX
7829;7829;;XXXX;XXXX;XXXXX;3,7247240;XXXX;XXXX
7973;7973;;XXXX;XXXX;XXXXX;4,2275320;XXXX;XXXX
7959;7959_B;;XXXX;XXXX;XXXXX;5,2501890;XXXX;XXXX
7884;7884;;XXXX;XXXX;XXXXX;6,6334620;XXXX;XXXX
7867;7867;;XXXX;XXXX;XXXXX;1,7247630;XXXX;XXXX
7878;7878;;XXXX;XXXX;XXXXX;3,6877180;XXXX;XXXX
7858;7858;;XXXX;XXXX;XXXXX;5,9265500;XXXX;XXXX
7822;7822;;XXXX;XXXX;XXXXX;11,4530430;XXXX;XXXX
7933;7933;;XXXX;XXXX;XXXXX;9,6425340;XXXX;XXXX
8011;8011_D;;XXXX;XXXX;XXXXX;100,1660830;XXXX;XXXX
11233;11233;;XXXX;XXXX;XXXXX;6,6674080;XXXX;XXXX
11852;11852;;XXXX;XXXX;XXXXX;5,7275000;XXXX;XXXX
11860;11860;;XXXX;XXXX;XXXXX;21,0511460;XXXX;XXXX
12000;12000_C;;XXXX;XXXX;XXXXX;10,4977120;XXXX;XXXX
12017;12017_A;;XXXX;XXXX;XXXXX;1,5908720;XXXX;XXXX
12017;12017_B;;XXXX;XXXX;XXXXX;2,1540380;XXXX;XXXX
9980;9980;;XXXX;XXXX;XXXXX;2,0243750;XXXX;XXXX
11841;11841_A;;XXXX;XXXX;XXXXX;2,5866780;XXXX;XXXX
11841;11841_B;;XXXX;XXXX;XXXXX;1,4230200;XXXX;XXXX
10201;10201_B;;XXXX;XXXX;XXXXX;5,4098980;XXXX;XXXX
10434;10434;;XXXX;XXXX;XXXXX;6,0167990;XXXX;XXXX
10751;10751;;XXXX;XXXX;XXXXX;4,1030180;XXXX;XXXX
11702;11702;;XXXX;XXXX;XXXXX;4,9826330;XXXX;XXXX
9884;9884_A;;XXXX;XXXX;XXXXX;2,1961690;XXXX;XXXX
9184;9184;;XXXX;XXXX;XXXXX;4,7525850;XXXX;XXXX
9350;9350;;XXXX;XXXX;XXXXX;6,4528980;XXXX;XXXX
9450;9450;;XXXX;XXXX;XXXXX;4,4638910;XXXX;XXXX
8132;8132_D;;XXXX;XXXX;XXXXX;27,2536500;XXXX;XXXX
7754;7754;;XXXX;XXXX;XXXXX;13,5555420;XXXX;XXXX
12689;12689;;XXXX;XXXX;XXXXX;2,4885340;XXXX;XXXX
12692;12692_B;;XXXX;XXXX;XXXXX;7,5031470;XXXX;XXXX
1840;1840;;XXXX;XXXX;XXXXX;1,9886090;XXXX;XXXX
1892;1892;;XXXX;XXXX;XXXXX;7,5543200;XXXX;XXXX
1986;1986_A;;XXXX;XXXX;XXXXX;0,3066760;XXXX;XXXX
1986;1986_B;;XXXX;XXXX;XXXXX;0,4487040;XXXX;XXXX
1986;1986_C;;XXXX;XXXX;XXXXX;0,7647720;XXXX;XXXX
1990;1990;;XXXX;XXXX;XXXXX;5,6704380;XXXX;XXXX
2016;2016_A;;XXXX;XXXX;XXXXX;0,3663830;XXXX;XXXX
2016;2016_B;;XXXX;XXXX;XXXXX;2,0082210;XXXX;XXXX
2025;2025;;XXXX;XXXX;XXXXX;3,7039810;XXXX;XXXX
2032;2032_A;;XXXX;XXXX;XXXXX;0,0543920;XXXX;XXXX
2032;2032_B;;XXXX;XXXX;XXXXX;0,1733350;XXXX;XXXX
2032;2032_C;;XXXX;XXXX;XXXXX;1,3439210;XXXX;XXXX
2092;2092_A;;XXXX;XXXX;XXXXX;2,2865280;XXXX;XXXX
2092;2092_B;;XXXX;XXXX;XXXXX;0,1979730;XXXX;XXXX
2140;2140;;XXXX;XXXX;XXXXX;2,2996350;XXXX;XXXX
2158;2158;;XXXX;XXXX;XXXXX;4,1533020;XXXX;XXXX
2345;2345;;XXXX;XXXX;XXXXX;3,4834760;XXXX;XXXX
2364;2364;;XXXX;XXXX;XXXXX;9,4988150;XXXX;XXXX
2376;2376;;XXXX;XXXX;XXXXX;2,0131300;XXXX;XXXX
2530;2530;;XXXX;XXXX;XXXXX;6,2964600;XXXX;XXXX
2579;2579;;XXXX;XXXX;XXXXX;3,0051710;XXXX;XXXX
2620;2620;;XXXX;XXXX;XXXXX;1,1141750;XXXX;XXXX
2652;2652_A;;XXXX;XXXX;XXXXX;0,3552680;XXXX;XXXX
2652;2652_B;;XXXX;XXXX;XXXXX;0,3297530;XXXX;XXXX
2652;2652_C;;XXXX;XXXX;XXXXX;0,7245270;XXXX;XXXX
2677;2677;;XXXX;XXXX;XXXXX;9,3795660;XXXX;XXXX
12664;12664_A;;XXXX;XXXX;XXXXX;2,7755920;XXXX;XXXX
2731;2731;;XXXX;XXXX;XXXXX;3,5812980;XXXX;XXXX
2740;2740;;XXXX;XXXX;XXXXX;1,8628030;XXXX;XXXX
2830;2830;;XXXX;XXXX;XXXXX;3,7834760;XXXX;XXXX
2834;2834;;XXXX;XXXX;XXXXX;1,5040200;XXXX;XXXX
2860;2860;;XXXX;XXXX;XXXXX;3,0717340;XXXX;XXXX
2957;2957;;XXXX;XXXX;XXXXX;3,3531190;XXXX;XXXX
2995;2995_A;;XXXX;XXXX;XXXXX;0,9144080;XXXX;XXXX
2995;2995_B;;XXXX;XXXX;XXXXX;6,4765510;XXXX;XXXX
3079;3079_A;;XXXX;XXXX;XXXXX;1,1213410;XXXX;XXXX
3079;3079_B;;XXXX;XXXX;XXXXX;0,3943420;XXXX;XXXX
3079;3079_C;;XXXX;XXXX;XXXXX;0,1534730;XXXX;XXXX
3097;3097;;XXXX;XXXX;XXXXX;3,1524910;XXXX;XXXX
3101;3101_A;;XXXX;XXXX;XXXXX;0,2347080;XXXX;XXXX
3101;3101_B;;XXXX;XXXX;XXXXX;0,5196720;XXXX;XXXX
3101;3101_C;;XXXX;XXXX;XXXXX;0,3480380;XXXX;XXXX
3190;3190_A;;XXXX;XXXX;XXXXX;3,9914250;XXXX;XXXX
3190;3190_B;;XXXX;XXXX;XXXXX;0,3206050;XXXX;XXXX
3236;3236;;XXXX;XXXX;XXXXX;6,0151300;XXXX;XXXX
3357;3357;;XXXX;XXXX;XXXXX;15,3079800;XXXX;XXXX
3384;3384;;XXXX;XXXX;XXXXX;3,9786610;XXXX;XXXX
3396;3396;;XXXX;XXXX;XXXXX;2,8226210;XXXX;XXXX
3400;3400;;XXXX;XXXX;XXXXX;2,0109500;XXXX;XXXX
3405;3405_B;;XXXX;XXXX;XXXXX;2,2872530;XXXX;XXXX
3405;3405_A;;XXXX;XXXX;XXXXX;0,7453560;XXXX;XXXX
3410;3410;;XXXX;XXXX;XXXXX;2,2867140;XXXX;XXXX
3413;3413;;XXXX;XXXX;XXXXX;3,0339390;XXXX;XXXX
3425;3425;;XXXX;XXXX;XXXXX;2,6932630;XXXX;XXXX
3451;3451;;XXXX;XXXX;XXXXX;1,7536700;XXXX;XXXX
3452;3452_A;;XXXX;XXXX;XXXXX;1,0665030;XXXX;XXXX
3452;3452_B;;XXXX;XXXX;XXXXX;0,8505030;XXXX;XXXX
3452;3452_C;;XXXX;XXXX;XXXXX;1,7233820;XXXX;XXXX
3453;3453;;XXXX;XXXX;XXXXX;3,9459980;XXXX;XXXX
3455;3455;;XXXX;XXXX;XXXXX;1,1926710;XXXX;XXXX
3496;3496;;XXXX;XXXX;XXXXX;2,8747500;XXXX;XXXX
3497;3497_A;;XXXX;XXXX;XXXXX;0,6679210;XXXX;XXXX
3497;3497_B;;XXXX;XXXX;XXXXX;0,9467220;XXXX;XXXX
3497;3497_C;;XXXX;XXXX;XXXXX;0,5030860;XXXX;XXXX
3498;3498;;XXXX;XXXX;XXXXX;4,0215310;XXXX;XXXX
3510;3510_A;;XXXX;XXXX;XXXXX;1,0489550;XXXX;XXXX
3510;3510_B;;XXXX;XXXX;XXXXX;0,3263580;XXXX;XXXX
3510;3510_C;;XXXX;XXXX;XXXXX;0,8234870;XXXX;XXXX
3513;3513;;XXXX;XXXX;XXXXX;2,0212670;XXXX;XXXX
3535;3535_A;;XXXX;XXXX;XXXXX;0,2529410;XXXX;XXXX
3535;3535_B;;XXXX;XXXX;XXXXX;0,4278260;XXXX;XXXX
3535;3535_C;;XXXX;XXXX;XXXXX;1,3001450;XXXX;XXXX
3538;3538_A;;XXXX;XXXX;XXXXX;0,8336000;XXXX;XXXX
3538;3538_B;;XXXX;XXXX;XXXXX;1,0409350;XXXX;XXXX
3540;3540_A;;XXXX;XXXX;XXXXX;0,6868030;XXXX;XXXX
3540;3540_B;;XXXX;XXXX;XXXXX;0,6731730;XXXX;XXXX
3540;3540_C;;XXXX;XXXX;XXXXX;1,0101670;XXXX;XXXX
3552;3552;;XXXX;XXXX;XXXXX;2,5645200;XXXX;XXXX
3578;3578;;XXXX;XXXX;XXXXX;4,7804710;XXXX;XXXX
3579;3579;;XXXX;XXXX;XXXXX;2,7048660;XXXX;XXXX
3580;3580;;XXXX;XXXX;XXXXX;6,2563350;XXXX;XXXX
3581;3581_A;;XXXX;XXXX;XXXXX;0,4771760;XXXX;XXXX
3581;3581_B;;XXXX;XXXX;XXXXX;1,2775490;XXXX;XXXX
3581;3581_C;;XXXX;XXXX;XXXXX;0,8493740;XXXX;XXXX
3581;3581_D;;XXXX;XXXX;XXXXX;5,1025980;XXXX;XXXX
3669;3669;;XXXX;XXXX;XXXXX;3,4676070;XXXX;XXXX
3730;3730;;XXXX;XXXX;XXXXX;8,7641090;XXXX;XXXX
4251;4251;;XXXX;XXXX;XXXXX;6,0842530;XXXX;XXXX
8019;8019_D;;XXXX;XXXX;XXXXX;8,8744390;XXXX;XXXX
8019;8019_A;;XXXX;XXXX;XXXXX;16,0338980;XXXX;XXXX
8085;8085_A;;XXXX;XXXX;XXXXX;5,1661560;XXXX;XXXX
8147;8147;;XXXX;XXXX;XXXXX;6,2594040;XXXX;XXXX
8150;8150;;XXXX;XXXX;XXXXX;7,2106500;XXXX;XXXX
8155;8155_A;;XXXX;XXXX;XXXXX;5,3244450;XXXX;XXXX
8156;8156_A;;XXXX;XXXX;XXXXX;9,7234370;XXXX;XXXX
8157;8157;;XXXX;XXXX;XXXXX;7,6179780;XXXX;XXXX
8160;8160_A;;XXXX;XXXX;XXXXX;2,8363700;XXXX;XXXX
8166;8166;;XXXX;XXXX;XXXXX;7,4310640;XXXX;XXXX
8515;8515_C;;XXXX;XXXX;XXXXX;5,1759850;XXXX;XXXX
8515;8515_A;;XXXX;XXXX;XXXXX;11,0929760;XXXX;XXXX
9765;9765_A;;XXXX;XXXX;XXXXX;7,4415070;XXXX;XXXX
12726;12726_A;;XXXX;XXXX;XXXXX;3,9182680;XXXX;XXXX
12726;12726_B;;XXXX;XXXX;XXXXX;1,0051230;XXXX;XXXX
3335;3335_A;;XXXX;XXXX;XXXXX;2,2773280;XXXX;XXXX
3335;3335_B;;XXXX;XXXX;XXXXX;1,2812140;XXXX;XXXX
2882;2882_A;;XXXX;XXXX;XXXXX;2,1403840;XXXX;XXXX
2882;2882_B;;XXXX;XXXX;XXXXX;2,4849430;XXXX;XXXX
2882;2882_C;;XXXX;XXXX;XXXXX;0,1443760;XXXX;XXXX
3116;3116_B;;XXXX;XXXX;XXXXX;1,2750970;XXXX;XXXX
3116;3116_A;;XXXX;XXXX;XXXXX;3,3273090;XXXX;XXXX
3074;3074;;XXXX;XXXX;XXXXX;4,4841190;XXXX;XXXX
2068;2068_B;;XXXX;XXXX;XXXXX;0,4409340;XXXX;XXXX
2068;2068_A;;XXXX;XXXX;XXXXX;3,6511770;XXXX;XXXX
7203;7203;;XXXX;XXXX;XXXXX;4,6731460;XXXX;XXXX
3261;3261;;XXXX;XXXX;XXXXX;4,3353650;XXXX;XXXX
3260;3260_C;;XXXX;XXXX;XXXXX;0,5936150;XXXX;XXXX
3260;3260_B;;XXXX;XXXX;XXXXX;2,8391190;XXXX;XXXX
3260;3260_A;;XXXX;XXXX;XXXXX;1,8879280;XXXX;XXXX
3082;3082_B;;XXXX;XXXX;XXXXX;4,7111070;XXXX;XXXX
3082;3082_A;Andrés;XXXX;XXXX;XXXXX;6,2687910;XXXX;XXXX
3030;3030_B;fafhfhfdhsdhñ,dfñnl;XXXX;XXXX;XXXXX;1,0168920;XXXX;XXXX
3030;3030_C;fafhfhfdhsdhñ,dfñnl;XXXX;XXXX;XXXXX;3,2503290;XXXX;XXXX
2919;2919_D;fafhfhfdhsdhñ,dfñnl;XXXX;XXXX;XXXXX;1,0002670;XXXX;XXXX
3030;3030_A;fafhfhfdhsdhñ,dfñnl;XXXX;XXXX;XXXXX;0,1670090;XXXX;XXXX
2919;2919_C;fafhfhfdhsdhñ,dfñnl;XXXX;XXXX;XXXXX;0,9910270;XXXX;XXXX
2919;2919_B;fafhfhfdhsdhñ,dfñnl;XXXX;XXXX;XXXXX;3,3519890;XXXX;XXXX
2919;2919_A;fafhfhfdhsdhñ,dfñnl;XXXX;XXXX;XXXXX;3,7199610;XXXX;XXXX
2729;2729;fafhfhfdhsdhñ,dfñnl;XXXX;XXXX;XXXXX;7,6743810;XXXX;XXXX
2282;2282_D;fafhfhfdhsdhñ,dfñnl;XXXX;XXXX;XXXXX;1,3896150;XXXX;XXXX
2282;2282_C;fafhfhfdhsdhñ,dfñnl;XXXX;XXXX;XXXXX;4,3065570;XXXX;XXXX
2282;2282_B;fafhfhfdhsdhñ,dfñnl;XXXX;XXXX;XXXXX;0,6300390;XXXX;XXXX
2282;2282_A;fafhfhfdhsdhñ,dfñnl;XXXX;XXXX;XXXXX;0,2730270;XXXX;XXXX
3006;3006_A;fafhfhfdhsdhñ,dfñnl;XXXX;XXXX;XXXXX;5,0043510;XXXX;XXXX
2991;2991;fafhfhfdhsdhñ,dfñnl;XXXX;XXXX;XXXXX;18,4644460;XXXX;XXXX
2647;2647;fafhfhfdhsdhñ,dfñnl;XXXX;XXXX;XXXXX;3,4441050;XXXX;XXXX
3910;3910_A;fafhfhfdhsdhñ,dfñnl;XXXX;XXXX;XXXXX;3,5199280;XXXX;XXXX
3910;3910_B;fafhfhfdhsdhñ,dfñnl;XXXX;XXXX;XXXXX;3,4838900;XXXX;XXXX
3495;3495;fafhfhfdhsdhñ,dfñnl;XXXX;XXXX;XXXXX;3,7917190;XXXX;XXXX
13059;13059;fafhfhfdhsdhñ,dfñnl;XXXX;XXXX;XXXXX;9,0688100;XXXX;XXXX
1975;1975_A;fafhfhfdhsdhñ,dfñnl;XXXX;XXXX;XXXXX;4,0209190;XXXX;XXXX
3595;3595_A;fafhfhfdhsdhñ,dfñnl;XXXX;XXXX;XXXXX;0,5012850;XXXX;XXXX
1975;1975_B;fafhfhfdhsdhñ,dfñnl;XXXX;XXXX;XXXXX;1,2616900;XXXX;XXXX
1973;1973_B;fafhfhfdhsdhñ,dfñnl;XXXX;XXXX;XXXXX;1,3243040;XXXX;XXXX
1973;1973_A;fafhfhfdhsdhñ,dfñnl;XXXX;XXXX;XXXXX;3,5072150;XXXX;XXXX
1963;1963_B;fafhfhfdhsdhñ,dfñnl;XXXX;XXXX;XXXXX;1,7423320;XXXX;XXXX
1963;1963_A;fafhfhfdhsdhñ,dfñnl;XXXX;XXXX;XXXXX;4,2633470;XXXX;XXXX
2126;2126_C;fafhfhfdhsdhñ,dfñnl;XXXX;XXXX;XXXXX;2,3646590;XXXX;XXXX
2126;2126_B;fafhfhfdhsdhñ,dfñnl;XXXX;XXXX;XXXXX;0,8176190;XXXX;XXXX
2126;2126_A;fafhfhfdhsdhñ,dfñnl;XXXX;XXXX;XXXXX;0,8532470;XXXX;XXXX
3335;3335_D;fafhfhfdhsdhñ,dfñnl;XXXX;XXXX;XXXXX;0,2208800;XXXX;XXXX
3335;3335_E;fafhfhfdhsdhñ,dfñnl;XXXX;XXXX;XXXXX;0,8214620;XXXX;XXXX
2131;2131_B;fafhfhfdhsdhñ,dfñnl;XXXX;XXXX;XXXXX;2,6849380;XXXX;XXXX
2131;2131_A;fafhfhfdhsdhñ,dfñnl;XXXX;XXXX;XXXXX;14,8987370;XXXX;XXXX
3006;3006_B;fafhfhfdhsdhñ,dfñnl;XXXX;XXXX;XXXXX;5,5415750;XXXX;XXXX
2879;2879;fafhfhfdhsdhñ,dfñnl;XXXX;XXXX;XXXXX;8,1329000;XXXX;XXXX
2764;2764_B;fafhfhfdhsdhñ,dfñnl;XXXX;XXXX;XXXXX;0,8576460;XXXX;XXXX
2764;2764_A;fafhfhfdhsdhñ,dfñnl;XXXX;XXXX;XXXXX;5,1840080;XXXX;XXXX
3594;3594_A;fafhfhfdhsdhñ,dfñnl;XXXX;XXXX;XXXXX;4,4794180;XXXX;XXXX
3594;3594_B;fafhfhfdhsdhñ,dfñnl;XXXX;XXXX;XXXXX;1,4402260;XXXX;XXXX
3335;3335_C;fafhfhfdhsdhñ,dfñnl;XXXX;XXXX;XXXXX;0,3098630;XXXX;XXXX
2863;2863_C;fafhfhfdhsdhñ,dfñnl;XXXX;XXXX;XXXXX;0,4902540;XXXX;XXXX
2889;2889_C;fafhfhfdhsdhñ,dfñnl;XXXX;XXXX;XXXXX;2,9317300;XXXX;XXXX
2889;2889_A;fafhfhfdhsdhñ,dfñnl;XXXX;XXXX;XXXXX;0,4295290;XXXX;XXXX
2889;2889_B;fafhfhfdhsdhñ,dfñnl;XXXX;XXXX;XXXXX;0,8088780;XXXX;XXXX
2889;2889_D;fafhfhfdhsdhñ,dfñnl;XXXX;XXXX;XXXXX;1,8928750;XXXX;XXXX
2901;2901_A;fafhfhfdhsdhñ,dfñnl;XXXX;XXXX;XXXXX;2,6503740;XXXX;XXXX
3031;3031;fafhfhfdhsdhñ,dfñnl;XXXX;XXXX;XXXXX;5,5486140;XXXX;XXXX
3178;3178_A;fafhfhfdhsdhñ,dfñnl;XXXX;XXXX;XXXXX;2,0080540;XXXX;XXXX
3178;3178_B;fafhfhfdhsdhñ,dfñnl;XXXX;XXXX;XXXXX;1,2947950;XXXX;XXXX
3258;3258_A;fafhfhfdhsdhñ,dfñnl;XXXX;XXXX;XXXXX;2,5549670;XXXX;XXXX
3258;3258_B;fafhfhfdhsdhñ,dfñnl;XXXX;XXXX;XXXXX;2,9579850;XXXX;XXXX
2439;2439_A;fafhfhfdhsdhñ,dfñnl;XXXX;XXXX;XXXXX;1,9282970;XXXX;XXXX
2439;2439_B;fafhfhfdhsdhñ,dfñnl;XXXX;XXXX;XXXXX;2,5993060;XXXX;XXXX
2566;2566;fafhfhfdhsdhñ,dfñnl;XXXX;XXXX;XXXXX;4,3604280;XXXX;XXXX
2819;2819_A;fafhfhfdhsdhñ,dfñnl;XXXX;XXXX;XXXXX;0,7181170;XXXX;XXXX
2819;2819_C;fafhfhfdhsdhñ,dfñnl;XXXX;XXXX;XXXXX;1,5508220;XXXX;XXXX
2819;2819_B;fafhfhfdhsdhñ,dfñnl;XXXX;XXXX;XXXXX;1,4975680;XXXX;XXXX
2819;2819_D;fafhfhfdhsdhñ,dfñnl;XXXX;XXXX;XXXXX;1,2226450;XXXX;XXXX
2863;2863_A;fafhfhfdhsdhñ,dfñnl;XXXX;XXXX;XXXXX;2,2459980;XXXX;XXXX
2863;2863_B;fafhfhfdhsdhñ,dfñnl;XXXX;XXXX;XXXXX;2,2537990;XXXX;XXXX
2100;2100;fafhfhfdhsdhñ,dfñnl;XXXX;XXXX;XXXXX;4,8539130;XXXX;XXXX
3112;3112_A;fafhfhfdhsdhñ,dfñnl;XXXX;XXXX;XXXXX;1,2993380;XXXX;XXXX
3112;3112_B;fafhfhfdhsdhñ,dfñnl;XXXX;XXXX;XXXXX;4,2649400;XXXX;XXXX
3112;3112_C;fafhfhfdhsdhñ,dfñnl;XXXX;XXXX;XXXXX;3,5143990;XXXX;XXXX
3112;3112_D;fafhfhfdhsdhñ,dfñnl;XXXX;XXXX;XXXXX;0,6400430;XXXX;XXXX
2172;2172;fafhfhfdhsdhñ,dfñnl;XXXX;XXXX;XXXXX;7,6475970;XXXX;XXXX
2766;2766;fafhfhfdhsdhñ,dfñnl;XXXX;XXXX;XXXXX;4,5230870;XXXX;XXXX
2636;2636;fafhfhfdhsdhñ,dfñnl;XXXX;XXXX;XXXXX;10,4150100;XXXX;XXXX
2455;2455;fafhfhfdhsdhñ,dfñnl;XXXX;XXXX;XXXXX;7,8399770;XXXX;XXXX
3330;3330;fafhfhfdhsdhñ,dfñnl;XXXX;XXXX;XXXXX;7,8423240;XXXX;XXXX
3813;3813;fafhfhfdhsdhñ,dfñnl;XXXX;XXXX;XXXXX;5,5171020;XXXX;XXXX
3223;3223;fafhfhfdhsdhñ,dfñnl;XXXX;XXXX;XXXXX;3,7127170;XXXX;XXXX
2784;2784;fafhfhfdhsdhñ,dfñnl;XXXX;XXXX;XXXXX;5,9464190;XXXX;XXXX
2418;2418_A;fafhfhfdhsdhñ,dfñnl;XXXX;XXXX;XXXXX;2,6885860;XXXX;XXXX
2418;2418_B;fafhfhfdhsdhñ,dfñnl;XXXX;XXXX;XXXXX;2,3172630;XXXX;XXXX
2683;2683;fafhfhfdhsdhñ,dfñnl;XXXX;XXXX;XXXXX;9,5594890;XXXX;XXXX
2417;2417_A;fafhfhfdhsdhñ,dfñnl;XXXX;XXXX;XXXXX;1,2335550;XXXX;XXXX
2417;2417_B;fafhfhfdhsdhñ,dfñnl;XXXX;XXXX;XXXXX;1,8158410;XXXX;XXXX
2417;2417_C;fafhfhfdhsdhñ,dfñnl;XXXX;XXXX;XXXXX;3,0493680;XXXX;XXXX
3790;3790_A;fafhfhfdhsdhñ,dfñnl;XXXX;XXXX;XXXXX;1,9331330;XXXX;XXXX
3790;3790_B;fafhfhfdhsdhñ,dfñnl;XXXX;XXXX;XXXXX;0,5696140;XXXX;XXXX
3790;3790_C;fafhfhfdhsdhñ,dfñnl;XXXX;XXXX;XXXXX;1,6961740;XXXX;XXXX
3690;3690_A;fafhfhfdhsdhñ,dfñnl;XXXX;XXXX;XXXXX;4,1548240;XXXX;XXXX
3605;3605;fafhfhfdhsdhñ,dfñnl;XXXX;XXXX;XXXXX;6,8105040;XXXX;XXXX
3690;3690_B;fafhfhfdhsdhñ,dfñnl;XXXX;XXXX;XXXXX;1,1553700;XXXX;XXXX
2648;2648;fafhfhfdhsdhñ,dfñnl;XXXX;XXXX;XXXXX;7,8455410;XXXX;XXXX
3694;3694_A;fafhfhfdhsdhñ,dfñnl;XXXX;XXXX;XXXXX;1,4445880;XXXX;XXXX
3694;3694_B;fafhfhfdhsdhñ,dfñnl;XXXX;XXXX;XXXXX;3,8131430;XXXX;XXXX
2945;2945;fafhfhfdhsdhñ,dfñnl;XXXX;XXXX;XXXXX;4,7767220;XXXX;XXXX
3595;3595_B;fafhfhfdhsdhñ,dfñnl;XXXX;XXXX;XXXXX;1,9755530;XXXX;XXXX
3595;3595_C;fafhfhfdhsdhñ,dfñnl;XXXX;XXXX;XXXXX;5,3586260;XXXX;XXXX
3595;3595_D;fafhfhfdhsdhñ,dfñnl;XXXX;XXXX;XXXXX;2,9433090;XXXX;XXXX
13058;13058_B;fafhfhfdhsdhñ,dfñnl;XXXX;XXXX;XXXXX;5,6987010;XXXX;XXXX
3595;3595_E;fafhfhfdhsdhñ,dfñnl;XXXX;XXXX;XXXXX;0,8305330;XXXX;XXXX
3631;3631_A;fafhfhfdhsdhñ,dfñnl;XXXX;XXXX;XXXXX;1,1080460;XXXX;XXXX
3797;3797_A;fafhfhfdhsdhñ,dfñnl;XXXX;XXXX;XXXXX;3,5146380;XXXX;XXXX
3797;3797_C;fafhfhfdhsdhñ,dfñnl;XXXX;XXXX;XXXXX;1,8219860;XXXX;XXXX
3797;3797_B;fafhfhfdhsdhñ,dfñnl;XXXX;XXXX;XXXXX;1,0453180;XXXX;XXXX
4254;4254;fafhfhfdhsdhñ,dfñnl;XXXX;XXXX;XXXXX;5,3873850;XXXX;XXXX
1649;1649_A;fafhfhfdhsdhñ,dfñnl;XXXX;XXXX;XXXXX;5,2615650;XXXX;XXXX
1649;1649_B;fafhfhfdhsdhñ,dfñnl;XXXX;XXXX;XXXXX;4,2052580;XXXX;XXXX
1649;1649_C;fafhfhfdhsdhñ,dfñnl;XXXX;XXXX;XXXXX;0,4889560;XXXX;XXXX
1649;1649_D;fafhfhfdhsdhñ,dfñnl;XXXX;XXXX;XXXXX;0,5449070;XXXX;XXXX
3080;3080;fafhfhfdhsdhñ,dfñnl;XXXX;XXXX;XXXXX;4,1282430;XXXX;XXXX
3073;3073;fafhfhfdhsdhñ,dfñnl;XXXX;XXXX;XXXXX;5,8773460;XXXX;XXXX
3864;3864_A;fafhfhfdhsdhñ,dfñnl;XXXX;XXXX;XXXXX;1,0815930;XXXX;XXXX
3864;3864_B;fafhfhfdhsdhñ,dfñnl;XXXX;XXXX;XXXXX;1,6837290;XXXX;XXXX
3864;3864_C;fafhfhfdhsdhñ,dfñnl;XXXX;XXXX;XXXXX;1,5814300;XXXX;XXXX
3166;3166_A;fafhfhfdhsdhñ,dfñnl;XXXX;XXXX;XXXXX;4,9843470;XXXX;XXXX
3166;3166_B;fafhfhfdhsdhñ,dfñnl;XXXX;XXXX;XXXXX;2,0031370;XXXX;XXXX
3301;3301;fafhfhfdhsdhñ,dfñnl;XXXX;XXXX;XXXXX;5,2916460;XXXX;XXXX
3106;3106_A;fafhfhfdhsdhñ,dfñnl;XXXX;XXXX;XXXXX;0,7735900;XXXX;XXXX
3106;3106_B;fafhfhfdhsdhñ,dfñnl;XXXX;XXXX;XXXXX;4,1437530;XXXX;XXXX
3083;3083_A;fafhfhfdhsdhñ,dfñnl;XXXX;XXXX;XXXXX;5,0892380;XXXX;XXXX
3083;3083_B;fafhfhfdhsdhñ,dfñnl;XXXX;XXXX;XXXXX;1,5941230;XXXX;XXXX
3078;3078_A;fafhfhfdhsdhñ,dfñnl;XXXX;XXXX;XXXXX;0,3608320;XXXX;XXXX
3078;3078_B;fafhfhfdhsdhñ,dfñnl;XXXX;XXXX;XXXXX;0,8220090;XXXX;XXXX
3078;3078_C;fafhfhfdhsdhñ,dfñnl;XXXX;XXXX;XXXXX;3,3475550;XXXX;XXXX
3078;3078_D;fafhfhfdhsdhñ,dfñnl;XXXX;XXXX;XXXXX;0,6505030;XXXX;XXXX
3078;3078_E;fafhfhfdhsdhñ,dfñnl;XXXX;XXXX;XXXXX;1,6244390;XXXX;XXXX
2150;2150_A;fafhfhfdhsdhñ,dfñnl;XXXX;XXXX;XXXXX;0,9047940;XXXX;XXXX
2150;2150_B;fafhfhfdhsdhñ,dfñnl;XXXX;XXXX;XXXXX;2,6601430;XXXX;XXXX
3368;3368_B;fafhfhfdhsdhñ,dfñnl;XXXX;XXXX;XXXXX;1,0401410;XXXX;XXXX
3369;3369_A;fafhfhfdhsdhñ,dfñnl;XXXX;XXXX;XXXXX;2,8352480;XXXX;XXXX
3368;3368_A;fafhfhfdhsdhñ,dfñnl;XXXX;XXXX;XXXXX;3,9952630;XXXX;XXXX
2150;2150_C;fafhfhfdhsdhñ,dfñnl;XXXX;XXXX;XXXXX;1,1896630;XXXX;XXXX
3376;3376_B;fafhfhfdhsdhñ,dfñnl;XXXX;XXXX;XXXXX;0,4999850;XXXX;XXXX
3376;3376_A;fafhfhfdhsdhñ,dfñnl;XXXX;XXXX;XXXXX;2,8459910;XXXX;XXXX
3385;3385;fafhfhfdhsdhñ,dfñnl;XXXX;XXXX;XXXXX;4,0170910;XXXX;XXXX
3406;3406;fafhfhfdhsdhñ,dfñnl;XXXX;XXXX;XXXXX;3,8462970;XXXX;XXXX
3577;3577_A;fafhfhfdhsdhñ,dfñnl;XXXX;XXXX;XXXXX;7,4071080;XXXX;XXXX
3634;3634_A;fafhfhfdhsdhñ,dfñnl;XXXX;XXXX;XXXXX;2,6848300;XXXX;XXXX
3634;3634_B;fafhfhfdhsdhñ,dfñnl;XXXX;XXXX;XXXXX;1,4346640;XXXX;XXXX
3634;3634_C;fafhfhfdhsdhñ,dfñnl;XXXX;XXXX;XXXXX;0,2703890;XXXX;XXXX
3577;3577_B;fafhfhfdhsdhñ,dfñnl;XXXX;XXXX;XXXXX;2,7189170;XXXX;XXXX
3369;3369_B;fafhfhfdhsdhñ,dfñnl;XXXX;XXXX;XXXXX;0,9978450;XXXX;XXXX
3721;3721;fafhfhfdhsdhñ,dfñnl;XXXX;XXXX;XXXXX;3,9799280;XXXX;XXXX
3802;3802_B;fafhfhfdhsdhñ,dfñnl;XXXX;XXXX;XXXXX;5,5703560;XXXX;XXXX
3802;3802_A;fafhfhfdhsdhñ,dfñnl;XXXX;XXXX;XXXXX;0,5999200;XXXX;XXXX
3917;3917_A;fafhfhfdhsdhñ,dfñnl;XXXX;XXXX;XXXXX;2,5329380;XXXX;XXXX
3917;3917_B;fafhfhfdhsdhñ,dfñnl;XXXX;XXXX;XXXXX;0,7446830;XXXX;XXXX
3917;3917_C;fafhfhfdhsdhñ,dfñnl;XXXX;XXXX;XXXXX;0,7969780;XXXX;XXXX
3917;3917_D;fafhfhfdhsdhñ,dfñnl;XXXX;XXXX;XXXXX;0,4987160;XXXX;XXXX
1739;1739_A;fafhfhfdhsdhñ,dfñnl;XXXX;XXXX;XXXXX;1,6994520;XXXX;XXXX
1750;1750_B;fafhfhfdhsdhñ,dfñnl;XXXX;XXXX;XXXXX;1,5814010;XXXX;XXXX
1750;1750_C;fafhfhfdhsdhñ,dfñnl;XXXX;XXXX;XXXXX;1,3196560;XXXX;XXXX
2325;2325;fafhfhfdhsdhñ,dfñnl;XXXX;XXXX;XXXXX;4,5236900;XXXX;XXXX
1739;1739_B;fafhfhfdhsdhñ,dfñnl;XXXX;XXXX;XXXXX;0,9907510;XXXX;XXXX
1739;1739_C;fafhfhfdhsdhñ,dfñnl;XXXX;XXXX;XXXXX;2,2959210;XXXX;XXXX
2528;2528_A;fafhfhfdhsdhñ,dfñnl;XXXX;XXXX;XXXXX;4,7251610;XXXX;XXXX
2528;2528_B;fafhfhfdhsdhñ,dfñnl;XXXX;XXXX;XXXXX;6,1189130;XXXX;XXXX
2742;2742_A;fafhfhfdhsdhñ,dfñnl;XXXX;XXXX;XXXXX;4,5326770;XXXX;XXXX
2742;2742_B;fafhfhfdhsdhñ,dfñnl;XXXX;XXXX;XXXXX;2,2635720;XXXX;XXXX
1750;1750_A;fafhfhfdhsdhñ,dfñnl;XXXX;XXXX;XXXXX;2,2027700;XXXX;XXXX
2742;2742_C;fafhfhfdhsdhñ,dfñnl;XXXX;XXXX;XXXXX;3,0048940;XXXX;XXXX
3111;3111_B;fafhfhfdhsdhñ,dfñnl;XXXX;XXXX;XXXXX;1,2915560;XXXX;XXXX
3111;3111_A;fafhfhfdhsdhñ,dfñnl;XXXX;XXXX;XXXXX;2,0350900;XXXX;XXXX
3175;3175_A;fafhfhfdhsdhñ,dfñnl;XXXX;XXXX;XXXXX;3,1370950;XXXX;XXXX
3175;3175_B;fafhfhfdhsdhñ,dfñnl;XXXX;XXXX;XXXXX;1,0457030;XXXX;XXXX
3559;3559;fafhfhfdhsdhñ,dfñnl;XXXX;XXXX;XXXXX;4,2140000;XXXX;XXXX
3314;3314_A;fafhfhfdhsdhñ,dfñnl;XXXX;XXXX;XXXXX;1,3623470;XXXX;XXXX
3314;3314_B;fafhfhfdhsdhñ,dfñnl;XXXX;XXXX;XXXXX;3,2531410;XXXX;XXXX
2101;2101_A;fafhfhfdhsdhñ,dfñnl;XXXX;XXXX;XXXXX;0,3731750;XXXX;XXXX
2101;2101_B;fafhfhfdhsdhñ,dfñnl;XXXX;XXXX;XXXXX;3,6425800;XXXX;XXXX
2353;2353_A;fafhfhfdhsdhñ,dfñnl;XXXX;XXXX;XXXXX;2,0840000;XXXX;XXXX
2353;2353_B;fafhfhfdhsdhñ,dfñnl;XXXX;XXXX;XXXXX;3,5601410;XXXX;XXXX
2354;2354_A;fafhfhfdhsdhñ,dfñnl;XXXX;XXXX;XXXXX;4,6502040;XXXX;XXXX
2354;2354_B;fafhfhfdhsdhñ,dfñnl;XXXX;XXXX;XXXXX;3,9470560;XXXX;XXXX
2656;2656_C;fafhfhfdhsdhñ,dfñnl;XXXX;XXXX;XXXXX;5,4441610;XXXX;XXXX
2689;2689_A;fafhfhfdhsdhñ,dfñnl;XXXX;XXXX;XXXXX;0,6737160;XXXX;XXXX
2689;2689_B;fafhfhfdhsdhñ,dfñnl;XXXX;XXXX;XXXXX;1,4948390;XXXX;XXXX
2696;2696;fafhfhfdhsdhñ,dfñnl;XXXX;XXXX;XXXXX;6,3065150;XXXX;XXXX
2689;2689_C;fafhfhfdhsdhñ,dfñnl;XXXX;XXXX;XXXXX;0,4453390;XXXX;XXXX
2821;2821;fafhfhfdhsdhñ,dfñnl;XXXX;XXXX;XXXXX;4,4368100;XXXX;XXXX
2841;2841_A;fafhfhfdhsdhñ,dfñnl;XXXX;XXXX;XXXXX;3,9568860;XXXX;XXXX
2841;2841_B;fafhfhfdhsdhñ,dfñnl;XXXX;XXXX;XXXXX;2,5403300;XXXX;XXXX
2841;2841_C;fafhfhfdhsdhñ,dfñnl;XXXX;XXXX;XXXXX;1,2097260;XXXX;XXXX
2689;2689_D;fafhfhfdhsdhñ,dfñnl;XXXX;XXXX;XXXXX;2,3860160;XXXX;XXXX
2662;2662_A;fafhfhfdhsdhñ,dfñnl;XXXX;XXXX;XXXXX;4,1308040;XXXX;XXXX
2890;2890_A;fafhfhfdhsdhñ,dfñnl;XXXX;XXXX;XXXXX;0,1662140;XXXX;XXXX
2890;2890_B;fafhfhfdhsdhñ,dfñnl;XXXX;XXXX;XXXXX;1,5602940;XXXX;XXXX
2890;2890_C;fafhfhfdhsdhñ,dfñnl;XXXX;XXXX;XXXXX;1,3534620;XXXX;XXXX
2890;2890_D;fafhfhfdhsdhñ,dfñnl;XXXX;XXXX;XXXXX;1,3051380;XXXX;XXXX
2662;2662_B;fafhfhfdhsdhñ,dfñnl;XXXX;XXXX;XXXXX;1,8586950;XXXX;XXXX
2846;2846;fafhfhfdhsdhñ,dfñnl;XXXX;XXXX;XXXXX;4,8962430;XXXX;XXXX
2903;2903_A;fafhfhfdhsdhñ,dfñnl;XXXX;XXXX;XXXXX;2,6209440;XXXX;XXXX
2903;2903_B;fafhfhfdhsdhñ,dfñnl;XXXX;XXXX;XXXXX;1,9222550;XXXX;XXXX
2662;2662_C;fafhfhfdhsdhñ,dfñnl;XXXX;XXXX;XXXXX;1,6191070;XXXX;XXXX
2656;2656_A;fafhfhfdhsdhñ,dfñnl;XXXX;XXXX;XXXXX;5,2981530;XXXX;XXXX
2656;2656_B;fafhfhfdhsdhñ,dfñnl;XXXX;XXXX;XXXXX;2,5045880;XXXX;XXXX
3806;3806_A;fafhfhfdhsdhñ,dfñnl;XXXX;XXXX;XXXXX;3,6557300;XXXX;XXXX
3806;3806_B;fafhfhfdhsdhñ,dfñnl;XXXX;XXXX;XXXXX;1,5460350;XXXX;XXXX
2839;2839_A;fafhfhfdhsdhñ,dfñnl;XXXX;XXXX;XXXXX;7,0169180;XXXX;XXXX
2839;2839_B;fafhfhfdhsdhñ,dfñnl;XXXX;XXXX;XXXXX;0,7890300;XXXX;XXXX
3746;3746;fafhfhfdhsdhñ,dfñnl;XXXX;XXXX;XXXXX;4,9418130;XXXX;XXXX
3722;3722;fafhfhfdhsdhñ,dfñnl;XXXX;XXXX;XXXXX;4,5377330;XXXX;XXXX
3747;3747;fafhfhfdhsdhñ,dfñnl;XXXX;XXXX;XXXXX;8,1428650;XXXX;XXXX
5711;5711;fafhfhfdhsdhñ,dfñnl;XXXX;XXXX;XXXXX;7,6490680;XXXX;XXXX
5709;5709;fafhfhfdhsdhñ,dfñnl;XXXX;XXXX;XXXXX;5,9482670;XXXX;XXXX
5798;5798_A;fafhfhfdhsdhñ,dfñnl;XXXX;XXXX;XXXXX;3,8934890;XXXX;XXXX
4674;4674;fafhfhfdhsdhñ,dfñnl;XXXX;XXXX;XXXXX;5,2152450;XXXX;XXXX
5309;5309;fafhfhfdhsdhñ,dfñnl;XXXX;XXXX;XXXXX;4,0166640;XXXX;XXXX
5378;5378;fafhfhfdhsdhñ,dfñnl;XXXX;XXXX;XXXXX;6,3526560;XXXX;XXXX
5412;5412;fafhfhfdhsdhñ,dfñnl;XXXX;XXXX;XXXXX;6,1414050;XXXX;XXXX
5525;5525;fafhfhfdhsdhñ,dfñnl;XXXX;XXXX;XXXXX;4,3575470;XXXX;XXXX
5527;5527;fafhfhfdhsdhñ,dfñnl;XXXX;XXXX;XXXXX;4,3269620;XXXX;XXXX
4827;4827;fafhfhfdhsdhñ,dfñnl;XXXX;XXXX;XXXXX;4,6892950;XXXX;XXXX
5167;5167;fafhfhfdhsdhñ,dfñnl;XXXX;XXXX;XXXXX;8,0308500;XXXX;XXXX
4954;4954_A;fafhfhfdhsdhñ,dfñnl;XXXX;XXXX;XXXXX;3,9266100;XXXX;XXXX
4954;4954_B;fafhfhfdhsdhñ,dfñnl;XXXX;XXXX;XXXXX;0,3382820;XXXX;XXXX
4999;4999;fafhfhfdhsdhñ,dfñnl;XXXX;XXXX;XXXXX;5,7946640;XXXX;XXXX
5534;5534;fafhfhfdhsdhñ,dfñnl;XXXX;XXXX;XXXXX;4,0161510;XXXX;XXXX
5175;5175;fafhfhfdhsdhñ,dfñnl;XXXX;XXXX;XXXXX;4,7457740;XXXX;XXXX
5021;5021;fafhfhfdhsdhñ,dfñnl;XXXX;XXXX;XXXXX;6,8235250;XXXX;XXXX
5137;5137;fafhfhfdhsdhñ,dfñnl;XXXX;XXXX;XXXXX;14,6600890;XXXX;XXXX
4734;4734;fafhfhfdhsdhñ,dfñnl;XXXX;XXXX;XXXXX;14,3189790;XXXX;XXXX
8124;8124_B;fafhfhfdhsdhñ,dfñnl;XXXX;XXXX;XXXXX;6,1793030;XXXX;XXXX
8018;8018_A;fafhfhfdhsdhñ,dfñnl;XXXX;XXXX;XXXXX;7,3293530;XXXX;XXXX
8018;8018_B;fafhfhfdhsdhñ,dfñnl;XXXX;XXXX;XXXXX;18,2945920;XXXX;XXXX
8025;8025;fafhfhfdhsdhñ,dfñnl;XXXX;XXXX;XXXXX;15,7292270;XXXX;XXXX
8036;8036_B;fafhfhfdhsdhñ,dfñnl;XXXX;XXXX;XXXXX;7,5276640;XXXX;XXXX
8036;8036_A;fafhfhfdhsdhñ,dfñnl;XXXX;XXXX;XXXXX;5,6312220;XXXX;XXXX
8053;8053_D;fafhfhfdhsdhñ,dfñnl;XXXX;XXXX;XXXXX;5,3304690;XXXX;XXXX
8053;8053_C;fafhfhfdhsdhñ,dfñnl;XXXX;XXXX;XXXXX;3,4121540;XXXX;XXXX
8053;8053_B;fafhfhfdhsdhñ,dfñnl;XXXX;XXXX;XXXXX;1,9962470;XXXX;XXXX
8053;8053_A;fafhfhfdhsdhñ,dfñnl;XXXX;XXXX;XXXXX;2,0953150;XXXX;XXXX
8063;8063;fafhfhfdhsdhñ,dfñnl;XXXX;XXXX;XXXXX;11,7657880;XXXX;XXXX
8102;8102_A;fafhfhfdhsdhñ,dfñnl;XXXX;XXXX;XXXXX;3,0371450;XXXX;XXXX
8102;8102_B;fafhfhfdhsdhñ,dfñnl;XXXX;XXXX;XXXXX;8,6708870;XXXX;XXXX
8102;8102_D;fafhfhfdhsdhñ,dfñnl;XXXX;XXXX;XXXXX;2,5862220;XXXX;XXXX
8102;8102_C;fafhfhfdhsdhñ,dfñnl;XXXX;XXXX;XXXXX;3,4669530;XXXX;XXXX
8106;8106_D;fafhfhfdhsdhñ,dfñnl;XXXX;XXXX;XXXXX;22,8196590;XXXX;XXXX
8106;8106_C;fafhfhfdhsdhñ,dfñnl;XXXX;XXXX;XXXXX;5,0336910;XXXX;XXXX
8106;8106_B;fafhfhfdhsdhñ,dfñnl;XXXX;XXXX;XXXXX;7,5548960;XXXX;XXXX
8106;8106_A;fafhfhfdhsdhñ,dfñnl;XXXX;XXXX;XXXXX;19,5116910;XXXX;XXXX
8106;8106_E;fafhfhfdhsdhñ,dfñnl;XXXX;XXXX;XXXXX;15,4777980;XXXX;XXXX
8127;8127_C;fafhfhfdhsdhñ,dfñnl;XXXX;XXXX;XXXXX;2,1749490;XXXX;XXXX
8127;8127_B;fafhfhfdhsdhñ,dfñnl;XXXX;XXXX;XXXXX;7,5553150;XXXX;XXXX
8127;8127_A;fafhfhfdhsdhñ,dfñnl;XXXX;XXXX;XXXXX;2,1601890;XXXX;XXXX
8128;8128_E;fafhfhfdhsdhñ,dfñnl;XXXX;XXXX;XXXXX;3,9517550;XXXX;XXXX
8128;8128_D;fafhfhfdhsdhñ,dfñnl;XXXX;XXXX;XXXXX;0,9653260;XXXX;XXXX
8128;8128_B;fafhfhfdhsdhñ,dfñnl;XXXX;XXXX;XXXXX;3,1524780;XXXX;XXXX
8152;8152_B;fafhfhfdhsdhñ,dfñnl;XXXX;XXXX;XXXXX;1,2873690;XXXX;XXXX
8152;8152_A;fafhfhfdhsdhñ,dfñnl;XXXX;XXXX;XXXXX;11,1512080;XXXX;XXXX
8152;8152_C;fafhfhfdhsdhñ,dfñnl;XXXX;XXXX;XXXXX;6,4130300;XXXX;XXXX
8128;8128_A;fafhfhfdhsdhñ,dfñnl;XXXX;XXXX;XXXXX;0,9143230;XXXX;XXXX
8128;8128_C;fafhfhfdhsdhñ,dfñnl;XXXX;XXXX;XXXXX;1,5641490;XXXX;XXXX
8129;8129_B;fafhfhfdhsdhñ,dfñnl;XXXX;XXXX;XXXXX;2,6125910;XXXX;XXXX
8129;8129_A;fafhfhfdhsdhñ,dfñnl;XXXX;XXXX;XXXXX;7,9928700;XXXX;XXXX
8131;8131_E;fafhfhfdhsdhñ,dfñnl;XXXX;XXXX;XXXXX;5,8254910;XXXX;XXXX
8131;8131_D;fafhfhfdhsdhñ,dfñnl;XXXX;XXXX;XXXXX;4,9557680;XXXX;XXXX
8131;8131_C;fafhfhfdhsdhñ,dfñnl;XXXX;XXXX;XXXXX;6,3882610;XXXX;XXXX
8131;8131_B;fafhfhfdhsdhñ,dfñnl;XXXX;XXXX;XXXXX;2,8727860;XXXX;XXXX
8131;8131_A;fafhfhfdhsdhñ,dfñnl;XXXX;XXXX;XXXXX;10,5403740;XXXX;XXXX
8132;8132_E;fafhfhfdhsdhñ,dfñnl;XXXX;XXXX;XXXXX;6,0604590;XXXX;XXXX
8132;8132_C;fafhfhfdhsdhñ,dfñnl;XXXX;XXXX;XXXXX;5,3867380;XXXX;XXXX
8132;8132_B;fafhfhfdhsdhñ,dfñnl;XXXX;XXXX;XXXXX;12,2962390;XXXX;XXXX
8132;8132_A;fafhfhfdhsdhñ,dfñnl;XXXX;XXXX;XXXXX;8,5988590;XXXX;XXXX
8133;8133_B;fafhfhfdhsdhñ,dfñnl;XXXX;XXXX;XXXXX;3,8524830;XXXX;XXXX
8133;8133_E;fafhfhfdhsdhñ,dfñnl;XXXX;XXXX;XXXXX;2,9064940;XXXX;XXXX
8133;8133_D;fafhfhfdhsdhñ,dfñnl;XXXX;XXXX;XXXXX;2,8930640;XXXX;XXXX
8133;8133_C;fafhfhfdhsdhñ,dfñnl;XXXX;XXXX;XXXXX;4,4707330;XXXX;XXXX
8133;8133_A;fafhfhfdhsdhñ,dfñnl;XXXX;XXXX;XXXXX;10,4720310;XXXX;XXXX
8134;8134_B;fafhfhfdhsdhñ,dfñnl;XXXX;XXXX;XXXXX;6,6912160;XXXX;XXXX
8134;8134_A;fafhfhfdhsdhñ,dfñnl;XXXX;XXXX;XXXXX;1,2981980;XXXX;XXXX
8134;8134_D;fafhfhfdhsdhñ,dfñnl;XXXX;XXXX;XXXXX;15,0655100;XXXX;XXXX
8134;8134_C;fafhfhfdhsdhñ,dfñnl;XXXX;XXXX;XXXXX;5,7726090;XXXX;XXXX
8134;8134_E;fafhfhfdhsdhñ,dfñnl;XXXX;XXXX;XXXXX;1,4576980;XXXX;XXXX
8134;8134_F;fafhfhfdhsdhñ,dfñnl;XXXX;XXXX;XXXXX;8,1654740;XXXX;XXXX
8145;8145_A;fafhfhfdhsdhñ,dfñnl;XXXX;XXXX;XXXXX;21,5622680;XXXX;XXXX
8145;8145_B;fafhfhfdhsdhñ,dfñnl;XXXX;XXXX;XXXXX;1,3829850;XXXX;XXXX
8145;8145_C;fafhfhfdhsdhñ,dfñnl;XXXX;XXXX;XXXXX;1,5218240;XXXX;XXXX
8151;8151_A;fafhfhfdhsdhñ,dfñnl;XXXX;XXXX;XXXXX;2,4149170;XXXX;XXXX
8151;8151_B;fafhfhfdhsdhñ,dfñnl;XXXX;XXXX;XXXXX;4,1568650;XXXX;XXXX
8151;8151_C;fafhfhfdhsdhñ,dfñnl;XXXX;XXXX;XXXXX;0,8102330;XXXX;XXXX
8151;8151_D;fafhfhfdhsdhñ,dfñnl;XXXX;XXXX;XXXXX;0,7179230;XXXX;XXXX
8151;8151_E;fafhfhfdhsdhñ,dfñnl;XXXX;XXXX;XXXXX;2,6372610;XXXX;XXXX
8151;8151_F;fafhfhfdhsdhñ,dfñnl;XXXX;XXXX;XXXXX;1,3917130;XXXX;XXXX
8151;8151_G;fafhfhfdhsdhñ,dfñnl;XXXX;XXXX;XXXXX;2,9054560;XXXX;XXXX
8151;8151_H;fafhfhfdhsdhñ,dfñnl;XXXX;XXXX;XXXXX;1,4356710;XXXX;XXXX
8151;8151_I;fafhfhfdhsdhñ,dfñnl;XXXX;XXXX;XXXXX;1,3740830;XXXX;XXXX
8151;8151_J;fafhfhfdhsdhñ,dfñnl;XXXX;XXXX;XXXXX;0,8344800;XXXX;XXXX
8151;8151_K;fafhfhfdhsdhñ,dfñnl;XXXX;XXXX;XXXXX;2,8559540;XXXX;XXXX
8520;8520_C;fafhfhfdhsdhñ,dfñnl;XXXX;XXXX;XXXXX;9,8962230;XXXX;XXXX
8520;8520_D;fafhfhfdhsdhñ,dfñnl;XXXX;XXXX;XXXXX;3,2758250;XXXX;XXXX
8520;8520_B;fafhfhfdhsdhñ,dfñnl;XXXX;XXXX;XXXXX;3,4022940;XXXX;XXXX
8520;8520_A;fafhfhfdhsdhñ,dfñnl;XXXX;XXXX;XXXXX;13,5170340;XXXX;XXXX
8151;8151_M;fafhfhfdhsdhñ,dfñnl;XXXX;XXXX;XXXXX;2,9027930;XXXX;XXXX
8151;8151_L;fafhfhfdhsdhñ,dfñnl;XXXX;XXXX;XXXXX;6,3661280;XXXX;XXXX
8174;8174;fafhfhfdhsdhñ,dfñnl;XXXX;XXXX;XXXXX;3,8066090;XXXX;XXXX
8176;8176;fafhfhfdhsdhñ,dfñnl;XXXX;XXXX;XXXXX;6,1886130;XXXX;XXXX
8177;8177_B;fafhfhfdhsdhñ,dfñnl;XXXX;XXXX;XXXXX;1,0642340;XXXX;XXXX
8177;8177_A;fafhfhfdhsdhñ,dfñnl;XXXX;XXXX;XXXXX;4,7423260;XXXX;XXXX
8292;8292;fafhfhfdhsdhñ,dfñnl;XXXX;XXXX;XXXXX;7,0621320;XXXX;XXXX
8518;8518_C;fafhfhfdhsdhñ,dfñnl;XXXX;XXXX;XXXXX;1,6794630;XXXX;XXXX
8518;8518_A;fafhfhfdhsdhñ,dfñnl;XXXX;XXXX;XXXXX;2,7788820;XXXX;XXXX
8518;8518_B;fafhfhfdhsdhñ,dfñnl;XXXX;XXXX;XXXXX;4,8641260;XXXX;XXXX
8519;8519_A;fafhfhfdhsdhñ,dfñnl;XXXX;XXXX;XXXXX;6,2339620;XXXX;XXXX
8519;8519_B;fafhfhfdhsdhñ,dfñnl;XXXX;XXXX;XXXXX;2,8618760;XXXX;XXXX
8149;8149_B;fafhfhfdhsdhñ,dfñnl;XXXX;XXXX;XXXXX;7,4352430;XXXX;XXXX
8149;8149_A;fafhfhfdhsdhñ,dfñnl;XXXX;XXXX;XXXXX;10,3494800;XXXX;XXXX
8034;8034_C;fafhfhfdhsdhñ,dfñnl;XXXX;XXXX;XXXXX;1,8290330;XXXX;XXXX
8034;8034_B;fafhfhfdhsdhñ,dfñnl;XXXX;XXXX;XXXXX;5,6530810;XXXX;XXXX
8034;8034_A;fafhfhfdhsdhñ,dfñnl;XXXX;XXXX;XXXXX;5,7201790;XXXX;XXXX
8016;8016_B;fafhfhfdhsdhñ,dfñnl;XXXX;XXXX;XXXXX;1,9628760;XXXX;XXXX
8016;8016_A;fafhfhfdhsdhñ,dfñnl;XXXX;XXXX;XXXXX;4,5040880;XXXX;XXXX
8016;8016_D;fafhfhfdhsdhñ,dfñnl;XXXX;XXXX;XXXXX;13,8048630;XXXX;XXXX
8016;8016_C;fafhfhfdhsdhñ,dfñnl;XXXX;XXXX;XXXXX;7,2924400;XXXX;XXXX
8017;8017_A;fafhfhfdhsdhñ,dfñnl;XXXX;XXXX;XXXXX;1,4502270;XXXX;XXXX
8017;8017_B;fafhfhfdhsdhñ,dfñnl;XXXX;XXXX;XXXXX;17,0341460;XXXX;XXXX
8124;8124_A;fafhfhfdhsdhñ,dfñnl;XXXX;XXXX;XXXXX;1,4126200;XXXX;XXXX
8002;8002;fafhfhfdhsdhñ,dfñnl;XXXX;XXXX;XXXXX;5,4767550;XXXX;XXXX
8003;8003;fafhfhfdhsdhñ,dfñnl;XXXX;XXXX;XXXXX;5,6297870;XXXX;XXXX
8008;8008;fafhfhfdhsdhñ,dfñnl;XXXX;XXXX;XXXXX;43,9868730;XXXX;XXXX
8011;8011_A;fafhfhfdhsdhñ,dfñnl;XXXX;XXXX;XXXXX;20,3140070;XXXX;XXXX
8011;8011_B;fafhfhfdhsdhñ,dfñnl;XXXX;XXXX;XXXXX;9,4449120;XXXX;XXXX
8011;8011_C;fafhfhfdhsdhñ,dfñnl;XXXX;XXXX;XXXXX;47,1158750;XXXX;XXXX
9766;9766_A;fafhfhfdhsdhñ,dfñnl;XXXX;XXXX;XXXXX;7,0025430;XXXX;XXXX
9766;9766_B;fafhfhfdhsdhñ,dfñnl;XXXX;XXXX;XXXXX;3,9013090;XXXX;XXXX
7644;7644_A;fafhfhfdhsdhñ,dfñnl;XXXX;XXXX;XXXXX;1,5481930;XXXX;XXXX
7649;7649;fafhfhfdhsdhñ,dfñnl;XXXX;XXXX;XXXXX;5,9542830;XXXX;XXXX
7659;7659;fafhfhfdhsdhñ,dfñnl;XXXX;XXXX;XXXXX;5,6189350;XXXX;XXXX
7660;7660;fafhfhfdhsdhñ,dfñnl;XXXX;XXXX;XXXXX;5,2874840;XXXX;XXXX
7677;7677;fafhfhfdhsdhñ,dfñnl;XXXX;XXXX;XXXXX;10,5474220;XXXX;XXXX
7688;7688;fafhfhfdhsdhñ,dfñnl;XXXX;XXXX;XXXXX;4,3801730;XXXX;XXXX
7694;7694;fafhfhfdhsdhñ,dfñnl;XXXX;XXXX;XXXXX;5,2868020;XXXX;XXXX
7696;7696;fafhfhfdhsdhñ,dfñnl;XXXX;XXXX;XXXXX;5,0415000;XXXX;XXXX
7704;7704;fafhfhfdhsdhñ,dfñnl;XXXX;XXXX;XXXXX;4,2710240;XXXX;XXXX
7716;7716;fafhfhfdhsdhñ,dfñnl;XXXX;XXXX;XXXXX;5,2834380;XXXX;XXXX
7718;7718_A;fafhfhfdhsdhñ,dfñnl;XXXX;XXXX;XXXXX;0,3330640;XXXX;XXXX
7718;7718_B;fafhfhfdhsdhñ,dfñnl;XXXX;XXXX;XXXXX;3,8963600;XXXX;XXXX
7730;7730;fafhfhfdhsdhñ,dfñnl;XXXX;XXXX;XXXXX;7,2700080;XXXX;XXXX
7731;7731;fafhfhfdhsdhñ,dfñnl;XXXX;XXXX;XXXXX;6,3548780;XXXX;XXXX
7734;7734;fafhfhfdhsdhñ,dfñnl;XXXX;XXXX;XXXXX;6,8015060;XXXX;XXXX
7739;7739_A;fafhfhfdhsdhñ,dfñnl;XXXX;XXXX;XXXXX;10,9309340;XXXX;XXXX
7739;7739_B;fafhfhfdhsdhñ,dfñnl;XXXX;XXXX;XXXXX;0,4242700;XXXX;XXXX
7750;7750_A;fafhfhfdhsdhñ,dfñnl;XXXX;XXXX;XXXXX;24,3934030;XXXX;XXXX
7750;7750_B;fafhfhfdhsdhñ,dfñnl;XXXX;XXXX;XXXXX;10,1875130;XXXX;XXXX
7932;7932;fafhfhfdhsdhñ,dfñnl;XXXX;XXXX;XXXXX;11,5761140;XXXX;XXXX
7927;7927;fafhfhfdhsdhñ,dfñnl;XXXX;XXXX;XXXXX;5,4232450;XXXX;XXXX
7755;7755;fafhfhfdhsdhñ,dfñnl;XXXX;XXXX;XXXXX;15,4765100;XXXX;XXXX
7931;7931;fafhfhfdhsdhñ,dfñnl;XXXX;XXXX;XXXXX;15,2618480;XXXX;XXXX
7757;7757;fafhfhfdhsdhñ,dfñnl;XXXX;XXXX;XXXXX;10,6361670;XXXX;XXXX
7759;7759_A;fafhfhfdhsdhñ,dfñnl;XXXX;XXXX;XXXXX;14,2391710;XXXX;XXXX
7759;7759_B;fafhfhfdhsdhñ,dfñnl;XXXX;XXXX;XXXXX;10,2297890;XXXX;XXXX
7761;7761;fafhfhfdhsdhñ,dfñnl;XXXX;XXXX;XXXXX;27,1789440;XXXX;XXXX
7762;7762_A;fafhfhfdhsdhñ,dfñnl;XXXX;XXXX;XXXXX;3,6264690;XXXX;XXXX
7762;7762_B;fafhfhfdhsdhñ,dfñnl;XXXX;XXXX;XXXXX;8,4180720;XXXX;XXXX
7762;7762_C;fafhfhfdhsdhñ,dfñnl;XXXX;XXXX;XXXXX;5,8650070;XXXX;XXXX
7762;7762_D;fafhfhfdhsdhñ,dfñnl;XXXX;XXXX;XXXXX;6,9998780;XXXX;XXXX
7762;7762_E;fafhfhfdhsdhñ,dfñnl;XXXX;XXXX;XXXXX;5,1589820;XXXX;XXXX
7767;7767_B;fafhfhfdhsdhñ,dfñnl;XXXX;XXXX;XXXXX;0,1420340;XXXX;XXXX
7767;7767_A;fafhfhfdhsdhñ,dfñnl;XXXX;XXXX;XXXXX;6,7050210;XXXX;XXXX
7768;7768;fafhfhfdhsdhñ,dfñnl;XXXX;XXXX;XXXXX;9,0343960;XXXX;XXXX
7821;7821;fafhfhfdhsdhñ,dfñnl;XXXX;XXXX;XXXXX;8,6690940;XXXX;XXXX
7887;7887;fafhfhfdhsdhñ,dfñnl;XXXX;XXXX;XXXXX;14,2039560;XXXX;XXXX
7903;7903;fafhfhfdhsdhñ,dfñnl;XXXX;XXXX;XXXXX;7,4720750;XXXX;XXXX
7905;7905_A;fafhfhfdhsdhñ,dfñnl;XXXX;XXXX;XXXXX;0,6588280;XXXX;XXXX
7905;7905_B;fafhfhfdhsdhñ,dfñnl;XXXX;XXXX;XXXXX;2,8539780;XXXX;XXXX
7905;7905_C;fafhfhfdhsdhñ,dfñnl;XXXX;XXXX;XXXXX;3,9180900;XXXX;XXXX
7938;7938;fafhfhfdhsdhñ,dfñnl;XXXX;XXXX;XXXXX;13,7358300;XXXX;XXXX
7977;7977_E;fafhfhfdhsdhñ,dfñnl;XXXX;XXXX;XXXXX;7,0917420;XXXX;XXXX
7977;7977_A;fafhfhfdhsdhñ,dfñnl;XXXX;XXXX;XXXXX;22,4407630;XXXX;XXXX
7977;7977_B;fafhfhfdhsdhñ,dfñnl;XXXX;XXXX;XXXXX;15,7584990;XXXX;XXXX
7977;7977_C;fafhfhfdhsdhñ,dfñnl;XXXX;XXXX;XXXXX;30,7877620;XXXX;XXXX
7977;7977_D;fafhfhfdhsdhñ,dfñnl;XXXX;XXXX;XXXXX;7,7080280;XXXX;XXXX
7978;7978;fafhfhfdhsdhñ,dfñnl;XXXX;XXXX;XXXXX;22,3444600;XXXX;XXXX
7979;7979;fafhfhfdhsdhñ,dfñnl;XXXX;XXXX;XXXXX;29,9901620;XXXX;XXXX
7981;7981;fafhfhfdhsdhñ,dfñnl;XXXX;XXXX;XXXXX;132,0433480;XXXX;XXXX
7984;7984;fafhfhfdhsdhñ,dfñnl;XXXX;XXXX;XXXXX;4,3303000;XXXX;XXXX
7995;7995;fafhfhfdhsdhñ,dfñnl;XXXX;XXXX;XXXXX;4,6971100;XXXX;XXXX
7999;7999;fafhfhfdhsdhñ,dfñnl;XXXX;XXXX;XXXXX;4,2091970;XXXX;XXXX
7756;7756;fafhfhfdhsdhñ,dfñnl;XXXX;XXXX;XXXXX;12,0646020;XXXX;XXXX
7906;7906_B;fafhfhfdhsdhñ,dfñnl;XXXX;XXXX;XXXXX;37,5953310;XXXX;XXXX
7908;7908_A;fafhfhfdhsdhñ,dfñnl;XXXX;XXXX;XXXXX;0,5333380;XXXX;XXXX
7908;7908_B;fafhfhfdhsdhñ,dfñnl;XXXX;XXXX;XXXXX;3,9455290;XXXX;XXXX
7911;7911;fafhfhfdhsdhñ,dfñnl;XXXX;XXXX;XXXXX;7,1770600;XXXX;XXXX
7912;7912;fafhfhfdhsdhñ,dfñnl;XXXX;XXXX;XXXXX;6,7712150;XXXX;XXXX
7915;7915;fafhfhfdhsdhñ,dfñnl;XXXX;XXXX;XXXXX;30,3310280;XXXX;XXXX
7920;7920;fafhfhfdhsdhñ,dfñnl;XXXX;XXXX;XXXXX;6,3011370;XXXX;XXXX
7925;7925;fafhfhfdhsdhñ,dfñnl;XXXX;XXXX;XXXXX;4,5695180;XXXX;XXXX
7926;7926;fafhfhfdhsdhñ,dfñnl;XXXX;XXXX;XXXXX;14,0894960;XXXX;XXXX
7751;7751;fafhfhfdhsdhñ,dfñnl;XXXX;XXXX;XXXXX;11,0782480;XXXX;XXXX
8001;8001;fafhfhfdhsdhñ,dfñnl;XXXX;XXXX;XXXXX;6,0035430;XXXX;XXXX
10007;10007;fafhfhfdhsdhñ,dfñnl;XXXX;XXXX;XXXXX;1,6612450;XXXX;XXXX
10011;10011_A;fafhfhfdhsdhñ,dfñnl;XXXX;XXXX;XXXXX;3,0268130;XXXX;XXXX
10011;10011_B;fafhfhfdhsdhñ,dfñnl;XXXX;XXXX;XXXXX;2,2362920;XXXX;XXXX
10011;10011_C;fafhfhfdhsdhñ,dfñnl;XXXX;XXXX;XXXXX;7,3198550;XXXX;XXXX
10011;10011_D;fafhfhfdhsdhñ,dfñnl;XXXX;XXXX;XXXXX;5,4881610;XXXX;XXXX
10012;10012;fafhfhfdhsdhñ,dfñnl;XXXX;XXXX;XXXXX;2,5943030;XXXX;XXXX
10013;10013;fafhfhfdhsdhñ,dfñnl;XXXX;XXXX;XXXXX;1,1127350;XXXX;XXXX
10014;10014_A;fafhfhfdhsdhñ,dfñnl;XXXX;XXXX;XXXXX;1,5981530;XXXX;XXXX
10014;10014_B;fafhfhfdhsdhñ,dfñnl;XXXX;XXXX;XXXXX;4,6830630;XXXX;XXXX
10014;10014_C;fafhfhfdhsdhñ,dfñnl;XXXX;XXXX;XXXXX;4,3232210;XXXX;XXXX
10014;10014_D;fafhfhfdhsdhñ,dfñnl;XXXX;XXXX;XXXXX;3,2216270;XXXX;XXXX
10017;10017_B;fafhfhfdhsdhñ,dfñnl;XXXX;XXXX;XXXXX;2,0981940;XXXX;XXXX
10019;10019_A;fafhfhfdhsdhñ,dfñnl;XXXX;XXXX;XXXXX;12,4061950;XXXX;XXXX
10020;10020_A;fafhfhfdhsdhñ,dfñnl;XXXX;XXXX;XXXXX;4,1929080;XXXX;XXXX
10020;10020_B;fafhfhfdhsdhñ,dfñnl;XXXX;XXXX;XXXXX;6,6504790;XXXX;XXXX
10025;10025_A;fafhfhfdhsdhñ,dfñnl;XXXX;XXXX;XXXXX;5,6055020;XXXX;XXXX
10026;10026_A;fafhfhfdhsdhñ,dfñnl;XXXX;XXXX;XXXXX;4,5482990;XXXX;XXXX
10026;10026_D;fafhfhfdhsdhñ,dfñnl;XXXX;XXXX;XXXXX;1,8550890;XXXX;XXXX
10027;10027;fafhfhfdhsdhñ,dfñnl;XXXX;XXXX;XXXXX;3,9986020;XXXX;XXXX
10032;10032;fafhfhfdhsdhñ,dfñnl;XXXX;XXXX;XXXXX;13,0132150;XXXX;XXXX
10033;10033;fafhfhfdhsdhñ,dfñnl;XXXX;XXXX;XXXXX;2,8931670;XXXX;XXXX
10034;10034;fafhfhfdhsdhñ,dfñnl;XXXX;XXXX;XXXXX;7,4983170;XXXX;XXXX
10035;10035;fafhfhfdhsdhñ,dfñnl;XXXX;XXXX;XXXXX;2,6668140;XXXX;XXXX
10039;10039;fafhfhfdhsdhñ,dfñnl;XXXX;XXXX;XXXXX;3,0082520;XXXX;XXXX
10040;10040;fafhfhfdhsdhñ,dfñnl;XXXX;XXXX;XXXXX;8,8984860;XXXX;XXXX
10041;10041;fafhfhfdhsdhñ,dfñnl;XXXX;XXXX;XXXXX;4,9643920;XXXX;XXXX
10052;10052_B;fafhfhfdhsdhñ,dfñnl;XXXX;XXXX;XXXXX;2,3245080;XXXX;XXXX
10052;10052_F;fafhfhfdhsdhñ,dfñnl;XXXX;XXXX;XXXXX;0,9607790;XXXX;XXXX
10052;10052_D;fafhfhfdhsdhñ,dfñnl;XXXX;XXXX;XXXXX;3,0293370;XXXX;XXXX
10053;10053;fafhfhfdhsdhñ,dfñnl;XXXX;XXXX;XXXXX;2,6929650;XXXX;XXXX
10054;10054;fafhfhfdhsdhñ,dfñnl;XXXX;XXXX;XXXXX;2,8668910;XXXX;XXXX
10055;10055;fafhfhfdhsdhñ,dfñnl;XXXX;XXXX;XXXXX;1,0378980;XXXX;XXXX
10056;10056_A;fafhfhfdhsdhñ,dfñnl;XXXX;XXXX;XXXXX;3,6656960;XXXX;XXXX
10056;10056_B;fafhfhfdhsdhñ,dfñnl;XXXX;XXXX;XXXXX;10,0383170;XXXX;XXXX
10056;10056_C;fafhfhfdhsdhñ,dfñnl;XXXX;XXXX;XXXXX;13,1803620;XXXX;XXXX
10056;10056_D;fafhfhfdhsdhñ,dfñnl;XXXX;XXXX;XXXXX;20,2199180;XXXX;XXXX
10058;10058_A;fafhfhfdhsdhñ,dfñnl;XXXX;XXXX;XXXXX;7,9363240;XXXX;XXXX
10059;10059;fafhfhfdhsdhñ,dfñnl;XXXX;XXXX;XXXXX;3,0054170;XXXX;XXXX
10060;10060;fafhfhfdhsdhñ,dfñnl;XXXX;XXXX;XXXXX;1,9048060;XXXX;XXXX
10067;10067;fafhfhfdhsdhñ,dfñnl;XXXX;XXXX;XXXXX;4,2294870;XXXX;XXXX
10070;10070_A;fafhfhfdhsdhñ,dfñnl;XXXX;XXXX;XXXXX;4,3205300;XXXX;XXXX
10072;10072;fafhfhfdhsdhñ,dfñnl;XXXX;XXXX;XXXXX;2,9342790;XXXX;XXXX
10073;10073;fafhfhfdhsdhñ,dfñnl;XXXX;XXXX;XXXXX;7,0987170;XXXX;XXXX
10074;10074;fafhfhfdhsdhñ,dfñnl;XXXX;XXXX;XXXXX;9,7344850;XXXX;XXXX
10076;10076;fafhfhfdhsdhñ,dfñnl;XXXX;XXXX;XXXXX;5,6519520;XXXX;XXXX
10081;10081_A;fafhfhfdhsdhñ,dfñnl;XXXX;XXXX;XXXXX;3,5023760;XXXX;XXXX
10081;10081_B;fafhfhfdhsdhñ,dfñnl;XXXX;XXXX;XXXXX;1,8947880;XXXX;XXXX
10082;10082;fafhfhfdhsdhñ,dfñnl;XXXX;XXXX;XXXXX;3,3387560;XXXX;XXXX
10087;10087;fafhfhfdhsdhñ,dfñnl;XXXX;XXXX;XXXXX;18,7205750;XXXX;XXXX
10090;10090;fafhfhfdhsdhñ,dfñnl;XXXX;XXXX;XXXXX;10,7520850;XXXX;XXXX
10092;10092_A;fafhfhfdhsdhñ,dfñnl;XXXX;XXXX;XXXXX;2,3901120;XXXX;XXXX
10092;10092_B;fafhfhfdhsdhñ,dfñnl;XXXX;XXXX;XXXXX;1,5962510;XXXX;XXXX
10095;10095;fafhfhfdhsdhñ,dfñnl;XXXX;XXXX;XXXXX;7,7750670;XXXX;XXXX
10100;10100;fafhfhfdhsdhñ,dfñnl;XXXX;XXXX;XXXXX;4,4114140;XXXX;XXXX
10103;10103;fafhfhfdhsdhñ,dfñnl;XXXX;XXXX;XXXXX;14,9280610;XXXX;XXXX
10104;10104;fafhfhfdhsdhñ,dfñnl;XXXX;XXXX;XXXXX;7,2505430;XXXX;XXXX
10108;10108;fafhfhfdhsdhñ,dfñnl;XXXX;XXXX;XXXXX;2,9600070;XXXX;XXXX
10111;10111;fafhfhfdhsdhñ,dfñnl;XXXX;XXXX;XXXXX;3,4325130;XXXX;XXXX
10117;10117;fafhfhfdhsdhñ,dfñnl;XXXX;XXXX;XXXXX;2,2975750;XXXX;XXXX
10123;10123;fafhfhfdhsdhñ,dfñnl;XXXX;XXXX;XXXXX;3,7486580;XXXX;XXXX
10124;10124;fafhfhfdhsdhñ,dfñnl;XXXX;XXXX;XXXXX;7,2336510;XXXX;XXXX
10130;10130;fafhfhfdhsdhñ,dfñnl;XXXX;XXXX;XXXXX;1,0419450;XXXX;XXXX
10132;10132_B;fafhfhfdhsdhñ,dfñnl;XXXX;XXXX;XXXXX;2,9505130;XXXX;XXXX
10132;10132_C;fafhfhfdhsdhñ,dfñnl;XXXX;XXXX;XXXXX;0,9657900;XXXX;XXXX
10132;10132_D;fafhfhfdhsdhñ,dfñnl;XXXX;XXXX;XXXXX;4,3483480;XXXX;XXXX
10132;10132_E;fafhfhfdhsdhñ,dfñnl;XXXX;XXXX;XXXXX;8,3609170;XXXX;XXXX
10133;10133;fafhfhfdhsdhñ,dfñnl;XXXX;XXXX;XXXXX;3,2249610;XXXX;XXXX
10135;10135;fafhfhfdhsdhñ,dfñnl;XXXX;XXXX;XXXXX;2,3910960;XXXX;XXXX
10136;10136;fafhfhfdhsdhñ,dfñnl;XXXX;XXXX;XXXXX;2,8696450;XXXX;XXXX
10139;10139_A;fafhfhfdhsdhñ,dfñnl;XXXX;XXXX;XXXXX;2,0021390;XXXX;XXXX
10139;10139_B;fafhfhfdhsdhñ,dfñnl;XXXX;XXXX;XXXXX;8,1919070;XXXX;XXXX
10140;10140;fafhfhfdhsdhñ,dfñnl;XXXX;XXXX;XXXXX;3,9751090;XXXX;XXXX
10144;10144;fafhfhfdhsdhñ,dfñnl;XXXX;XXXX;XXXXX;16,6137750;XXXX;XXXX
10145;10145;fafhfhfdhsdhñ,dfñnl;XXXX;XXXX;XXXXX;5,8207860;XXXX;XXXX
10154;10154;fafhfhfdhsdhñ,dfñnl;XXXX;XXXX;XXXXX;4,0132070;XXXX;XXXX
10159;10159;fafhfhfdhsdhñ,dfñnl;XXXX;XXXX;XXXXX;6,7705930;XXXX;XXXX
10161;10161_A;fafhfhfdhsdhñ,dfñnl;XXXX;XXXX;XXXXX;4,3633700;XXXX;XXXX
10163;10163;fafhfhfdhsdhñ,dfñnl;XXXX;XXXX;XXXXX;23,1298550;XXXX;XXXX
10165;10165_B;fafhfhfdhsdhñ,dfñnl;XXXX;XXXX;XXXXX;4,6229290;XXXX;XXXX
10170;10170;fafhfhfdhsdhñ,dfñnl;XXXX;XXXX;XXXXX;3,3579960;XXXX;XXXX
10172;10172;fafhfhfdhsdhñ,dfñnl;XXXX;XXXX;XXXXX;4,9616370;XXXX;XXXX
10175;10175;fafhfhfdhsdhñ,dfñnl;XXXX;XXXX;XXXXX;3,0385260;XXXX;XXXX
10181;10181_A;fafhfhfdhsdhñ,dfñnl;XXXX;XXXX;XXXXX;1,3316960;XXXX;XXXX
10181;10181_B;fafhfhfdhsdhñ,dfñnl;XXXX;XXXX;XXXXX;3,6215010;XXXX;XXXX
10190;10190;fafhfhfdhsdhñ,dfñnl;XXXX;XXXX;XXXXX;2,9511510;XXXX;XXXX
10194;10194;fafhfhfdhsdhñ,dfñnl;XXXX;XXXX;XXXXX;3,3131580;XXXX;XXXX
10195;10195;fafhfhfdhsdhñ,dfñnl;XXXX;XXXX;XXXXX;2,6758370;XXXX;XXXX
10201;10201_A;fafhfhfdhsdhñ,dfñnl;XXXX;XXXX;XXXXX;4,0893920;XXXX;XXXX
10204;10204;fafhfhfdhsdhñ,dfñnl;XXXX;XXXX;XXXXX;6,8470300;XXXX;XXXX
10206;10206_A;fafhfhfdhsdhñ,dfñnl;XXXX;XXXX;XXXXX;10,1789030;XXXX;XXXX
10206;10206_B;fafhfhfdhsdhñ,dfñnl;XXXX;XXXX;XXXXX;11,7116800;XXXX;XXXX
10208;10208;fafhfhfdhsdhñ,dfñnl;XXXX;XXXX;XXXXX;9,0148980;XXXX;XXXX
10210;10210_A;fafhfhfdhsdhñ,dfñnl;XXXX;XXXX;XXXXX;8,1329370;XXXX;XXXX
10210;10210_B;fafhfhfdhsdhñ,dfñnl;XXXX;XXXX;XXXXX;0,6683100;XXXX;XXXX
10213;10213;fafhfhfdhsdhñ,dfñnl;XXXX;XXXX;XXXXX;3,9837360;XXXX;XXXX
10219;10219;fafhfhfdhsdhñ,dfñnl;XXXX;XXXX;XXXXX;4,4685830;XXXX;XXXX
10221;10221;fafhfhfdhsdhñ,dfñnl;XXXX;XXXX;XXXXX;10,9318770;XXXX;XXXX
10225;10225_A;fafhfhfdhsdhñ,dfñnl;XXXX;XXXX;XXXXX;33,1734050;XXXX;XXXX
10244;10244;fafhfhfdhsdhñ,dfñnl;XXXX;XXXX;XXXXX;3,7364580;XXXX;XXXX
10246;10246;fafhfhfdhsdhñ,dfñnl;XXXX;XXXX;XXXXX;12,3208050;XXXX;XXXX
10247;10247;fafhfhfdhsdhñ,dfñnl;XXXX;XXXX;XXXXX;5,1388880;XXXX;XXXX
10248;10248;fafhfhfdhsdhñ,dfñnl;XXXX;XXXX;XXXXX;5,7711900;XXXX;XXXX
10249;10249;fafhfhfdhsdhñ,dfñnl;XXXX;XXXX;XXXXX;3,4473750;XXXX;XXXX
10251;10251;fafhfhfdhsdhñ,dfñnl;XXXX;XXXX;XXXXX;3,1048120;XXXX;XXXX
10252;10252;fafhfhfdhsdhñ,dfñnl;XXXX;XXXX;XXXXX;4,5351220;XXXX;XXXX
10253;10253;fafhfhfdhsdhñ,dfñnl;XXXX;XXXX;XXXXX;2,4980370;XXXX;XXXX
10254;10254;fafhfhfdhsdhñ,dfñnl;XXXX;XXXX;XXXXX;2,1285580;XXXX;XXXX
10258;10258;fafhfhfdhsdhñ,dfñnl;XXXX;XXXX;XXXXX;4,2166900;XXXX;XXXX
10265;10265;fafhfhfdhsdhñ,dfñnl;XXXX;XXXX;XXXXX;1,9238840;XXXX;XXXX
10284;10284;fafhfhfdhsdhñ,dfñnl;XXXX;XXXX;XXXXX;11,3388210;XXXX;XXXX
10325;10325;fafhfhfdhsdhñ,dfñnl;XXXX;XXXX;XXXXX;4,2005720;XXXX;XXXX
10328;10328;fafhfhfdhsdhñ,dfñnl;XXXX;XXXX;XXXXX;2,8544290;XXXX;XXXX
10353;10353;fafhfhfdhsdhñ,dfñnl;XXXX;XXXX;XXXXX;1,4503550;XXXX;XXXX
10367;10367;fafhfhfdhsdhñ,dfñnl;XXXX;XXXX;XXXXX;5,8315210;XXXX;XXXX
10401;10401_A;fafhfhfdhsdhñ,dfñnl;XXXX;XXXX;XXXXX;0,8561950;XXXX;XXXX
10401;10401_B;fafhfhfdhsdhñ,dfñnl;XXXX;XXXX;XXXXX;2,1565800;XXXX;XXXX
10401;10401_C;fafhfhfdhsdhñ,dfñnl;XXXX;XXXX;XXXXX;0,7983430;XXXX;XXXX
10401;10401_D;fafhfhfdhsdhñ,dfñnl;XXXX;XXXX;XXXXX;1,0349780;XXXX;XXXX
10421;10421;fafhfhfdhsdhñ,dfñnl;XXXX;XXXX;XXXXX;4,0325090;XXXX;XXXX
10440;10440;fafhfhfdhsdhñ,dfñnl;XXXX;XXXX;XXXXX;4,3860450;XXXX;XXXX
10441;10441_C;fafhfhfdhsdhñ,dfñnl;XXXX;XXXX;XXXXX;1,3099570;XXXX;XXXX
10445;10445;fafhfhfdhsdhñ,dfñnl;XXXX;XXXX;XXXXX;3,6462180;XXXX;XXXX
10456;10456_B;fafhfhfdhsdhñ,dfñnl;XXXX;XXXX;XXXXX;4,7072230;XXXX;XXXX
10456;10456_A;fafhfhfdhsdhñ,dfñnl;XXXX;XXXX;XXXXX;2,0044670;XXXX;XXXX
10457;10457;fafhfhfdhsdhñ,dfñnl;XXXX;XXXX;XXXXX;9,1419570;XXXX;XXXX
10462;10462;fafhfhfdhsdhñ,dfñnl;XXXX;XXXX;XXXXX;2,1590900;XXXX;XXXX
10465;10465;fafhfhfdhsdhñ,dfñnl;XXXX;XXXX;XXXXX;7,5857820;XXXX;XXXX
10471;10471;fafhfhfdhsdhñ,dfñnl;XXXX;XXXX;XXXXX;5,5738720;XXXX;XXXX
10472;10472_A;fafhfhfdhsdhñ,dfñnl;XXXX;XXXX;XXXXX;3,5397810;XXXX;XXXX
10473;10473;fafhfhfdhsdhñ,dfñnl;XXXX;XXXX;XXXXX;1,7236410;XXXX;XXXX
10481;10481;fafhfhfdhsdhñ,dfñnl;XXXX;XXXX;XXXXX;10,0024500;XXXX;XXXX
10492;10492;fafhfhfdhsdhñ,dfñnl;XXXX;XXXX;XXXXX;4,0212480;XXXX;XXXX
10502;10502;fafhfhfdhsdhñ,dfñnl;XXXX;XXXX;XXXXX;9,8624210;XXXX;XXXX
10542;10542;fafhfhfdhsdhñ,dfñnl;XXXX;XXXX;XXXXX;0,4568320;XXXX;XXXX
10591;10591;fafhfhfdhsdhñ,dfñnl;XXXX;XXXX;XXXXX;3,4297140;XXXX;XXXX
10600;10600;fafhfhfdhsdhñ,dfñnl;XXXX;XXXX;XXXXX;0,9223040;XXXX;XXXX
10614;10614_A;fafhfhfdhsdhñ,dfñnl;XXXX;XXXX;XXXXX;2,1196590;XXXX;XXXX
10621;10621_B;fafhfhfdhsdhñ,dfñnl;XXXX;XXXX;XXXXX;1,1309710;XXXX;XXXX
10621;10621_A;fafhfhfdhsdhñ,dfñnl;XXXX;XXXX;XXXXX;1,9698460;XXXX;XXXX
10622;10622_A;fafhfhfdhsdhñ,dfñnl;XXXX;XXXX;XXXXX;16,0851260;XXXX;XXXX
10622;10622_B;fafhfhfdhsdhñ,dfñnl;XXXX;XXXX;XXXXX;3,8944050;XXXX;XXXX
10626;10626;fafhfhfdhsdhñ,dfñnl;XXXX;XXXX;XXXXX;15,0584180;XXXX;XXXX
10630;10630_B;fafhfhfdhsdhñ,dfñnl;XXXX;XXXX;XXXXX;3,1467060;XXXX;XXXX
10630;10630_C;fafhfhfdhsdhñ,dfñnl;XXXX;XXXX;XXXXX;1,0242450;XXXX;XXXX
10632;10632_A;fafhfhfdhsdhñ,dfñnl;XXXX;XXXX;XXXXX;2,9196890;XXXX;XXXX
10632;10632_B;fafhfhfdhsdhñ,dfñnl;XXXX;XXXX;XXXXX;6,7574990;XXXX;XXXX
10636;10636;fafhfhfdhsdhñ,dfñnl;XXXX;XXXX;XXXXX;2,0253310;XXXX;XXXX
10649;10649_A;fafhfhfdhsdhñ,dfñnl;XXXX;XXXX;XXXXX;1,0752190;XXXX;XXXX
10649;10649_B;fafhfhfdhsdhñ,dfñnl;XXXX;XXXX;XXXXX;4,0010860;XXXX;XXXX
10656;10656;fafhfhfdhsdhñ,dfñnl;XXXX;XXXX;XXXXX;1,4920030;XXXX;XXXX
10657;10657;fafhfhfdhsdhñ,dfñnl;XXXX;XXXX;XXXXX;4,6224700;XXXX;XXXX
10661;10661;fafhfhfdhsdhñ,dfñnl;XXXX;XXXX;XXXXX;4,1029520;XXXX;XXXX
10662;10662;fafhfhfdhsdhñ,dfñnl;XXXX;XXXX;XXXXX;2,6353250;XXXX;XXXX
10664;10664;fafhfhfdhsdhñ,dfñnl;XXXX;XXXX;XXXXX;4,3291240;XXXX;XXXX
10675;10675;fafhfhfdhsdhñ,dfñnl;XXXX;XXXX;XXXXX;2,7586620;XXXX;XXXX
10680;10680_B;fafhfhfdhsdhñ,dfñnl;XXXX;XXXX;XXXXX;1,8700810;XXXX;XXXX
10683;10683;fafhfhfdhsdhñ,dfñnl;XXXX;XXXX;XXXXX;2,7669920;XXXX;XXXX
10690;10690;fafhfhfdhsdhñ,dfñnl;XXXX;XXXX;XXXXX;2,6726570;XXXX;XXXX
10694;10694;fafhfhfdhsdhñ,dfñnl;XXXX;XXXX;XXXXX;1,8675410;XXXX;XXXX
10697;10697;fafhfhfdhsdhñ,dfñnl;XXXX;XXXX;XXXXX;10,2769380;XXXX;XXXX
10700;10700;fafhfhfdhsdhñ,dfñnl;XXXX;XXXX;XXXXX;1,0885550;XXXX;XXXX
10746;10746_A;fafhfhfdhsdhñ,dfñnl;XXXX;XXXX;XXXXX;0,8990880;XXXX;XXXX
10750;10750_A;fafhfhfdhsdhñ,dfñnl;XXXX;XXXX;XXXXX;0,5601340;XXXX;XXXX
10750;10750_B;fafhfhfdhsdhñ,dfñnl;XXXX;XXXX;XXXXX;0,5043810;XXXX;XXXX
10754;10754_A;fafhfhfdhsdhñ,dfñnl;XXXX;XXXX;XXXXX;2,3001800;XXXX;XXXX
10754;10754_B;fafhfhfdhsdhñ,dfñnl;XXXX;XXXX;XXXXX;1,7807130;XXXX;XXXX
10765;10765_A;fafhfhfdhsdhñ,dfñnl;XXXX;XXXX;XXXXX;5,9651890;XXXX;XXXX
10765;10765_C;fafhfhfdhsdhñ,dfñnl;XXXX;XXXX;XXXXX;0,9936290;XXXX;XXXX
10769;10769;fafhfhfdhsdhñ,dfñnl;XXXX;XXXX;XXXXX;9,6257010;XXXX;XXXX
10773;10773;fafhfhfdhsdhñ,dfñnl;XXXX;XXXX;XXXXX;5,1310060;XXXX;XXXX
10775;10775;fafhfhfdhsdhñ,dfñnl;XXXX;XXXX;XXXXX;4,6145520;XXXX;XXXX
10779;10779;fafhfhfdhsdhñ,dfñnl;XXXX;XXXX;XXXXX;19,5625500;XXXX;XXXX
10785;10785_B;fafhfhfdhsdhñ,dfñnl;XXXX;XXXX;XXXXX;1,6527250;XXXX;XXXX
10787;10787_A;fafhfhfdhsdhñ,dfñnl;XXXX;XXXX;XXXXX;12,3457160;XXXX;XXXX
10789;10789_A;fafhfhfdhsdhñ,dfñnl;XXXX;XXXX;XXXXX;10,9615090;XXXX;XXXX
10798;10798;fafhfhfdhsdhñ,dfñnl;XXXX;XXXX;XXXXX;0,4173650;XXXX;XXXX
10803;10803_C;fafhfhfdhsdhñ,dfñnl;XXXX;XXXX;XXXXX;0,7968390;XXXX;XXXX
10805;10805_A;fafhfhfdhsdhñ,dfñnl;XXXX;XXXX;XXXXX;2,0063870;XXXX;XXXX
10805;10805_B;fafhfhfdhsdhñ,dfñnl;XXXX;XXXX;XXXXX;0,9906230;XXXX;XXXX
10812;10812_A;fafhfhfdhsdhñ,dfñnl;XXXX;XXXX;XXXXX;7,4817870;XXXX;XXXX
10817;10817;fafhfhfdhsdhñ,dfñnl;XXXX;XXXX;XXXXX;2,3582040;XXXX;XXXX
10823;10823_A;fafhfhfdhsdhñ,dfñnl;XXXX;XXXX;XXXXX;14,1486780;XXXX;XXXX
10824;10824;fafhfhfdhsdhñ,dfñnl;XXXX;XXXX;XXXXX;5,7548540;XXXX;XXXX
10831;10831;fafhfhfdhsdhñ,dfñnl;XXXX;XXXX;XXXXX;59,3502270;XXXX;XXXX
10839;10839;fafhfhfdhsdhñ,dfñnl;XXXX;XXXX;XXXXX;19,6919370;XXXX;XXXX
10845;10845;fafhfhfdhsdhñ,dfñnl;XXXX;XXXX;XXXXX;11,6133260;XXXX;XXXX
10848;10848;fafhfhfdhsdhñ,dfñnl;XXXX;XXXX;XXXXX;19,9894080;XXXX;XXXX
10851;10851;fafhfhfdhsdhñ,dfñnl;XXXX;XXXX;XXXXX;9,2439680;XXXX;XXXX
10904;10904;fafhfhfdhsdhñ,dfñnl;XXXX;XXXX;XXXXX;9,2649450;XXXX;XXXX
10909;10909_A;fafhfhfdhsdhñ,dfñnl;XXXX;XXXX;XXXXX;8,8254540;XXXX;XXXX
10915;10915;fafhfhfdhsdhñ,dfñnl;XXXX;XXXX;XXXXX;6,9443890;XXXX;XXXX
10917;10917_A;fafhfhfdhsdhñ,dfñnl;XXXX;XXXX;XXXXX;23,1307860;XXXX;XXXX
10917;10917_B;fafhfhfdhsdhñ,dfñnl;XXXX;XXXX;XXXXX;33,7724680;XXXX;XXXX
10928;10928_A;fafhfhfdhsdhñ,dfñnl;XXXX;XXXX;XXXXX;1,2507660;XXXX;XXXX
10930;10930;fafhfhfdhsdhñ,dfñnl;XXXX;XXXX;XXXXX;19,5034330;XXXX;XXXX
10963;10963;fafhfhfdhsdhñ,dfñnl;XXXX;XXXX;XXXXX;3,9897660;XXXX;XXXX
11098;11098;fafhfhfdhsdhñ,dfñnl;XXXX;XXXX;XXXXX;8,9715990;XXXX;XXXX
11100;11100;fafhfhfdhsdhñ,dfñnl;XXXX;XXXX;XXXXX;12,8102660;XXXX;XXXX
11104;11104;fafhfhfdhsdhñ,dfñnl;XXXX;XXXX;XXXXX;3,4302820;XXXX;XXXX
11108;11108;fafhfhfdhsdhñ,dfñnl;XXXX;XXXX;XXXXX;3,5586230;XXXX;XXXX
11116;11116_A;fafhfhfdhsdhñ,dfñnl;XXXX;XXXX;XXXXX;15,2165540;XXXX;XXXX
11123;11123;fafhfhfdhsdhñ,dfñnl;XXXX;XXXX;XXXXX;16,7942850;XXXX;XXXX
11125;11125;fafhfhfdhsdhñ,dfñnl;XXXX;XXXX;XXXXX;2,2854090;XXXX;XXXX
11126;11126;fafhfhfdhsdhñ,dfñnl;XXXX;XXXX;XXXXX;1,6251590;XXXX;XXXX
11129;11129;fafhfhfdhsdhñ,dfñnl;XXXX;XXXX;XXXXX;3,5607690;XXXX;XXXX
11134;11134_A;fafhfhfdhsdhñ,dfñnl;XXXX;XXXX;XXXXX;4,6464130;XXXX;XXXX
11134;11134_B;fafhfhfdhsdhñ,dfñnl;XXXX;XXXX;XXXXX;1,4983150;XXXX;XXXX
11135;11135;fafhfhfdhsdhñ,dfñnl;XXXX;XXXX;XXXXX;4,4798920;XXXX;XXXX
11136;11136_A;fafhfhfdhsdhñ,dfñnl;XXXX;XXXX;XXXXX;1,3457300;XXXX;XXXX
11136;11136_B;fafhfhfdhsdhñ,dfñnl;XXXX;XXXX;XXXXX;3,3764740;XXXX;XXXX
11139;11139;fafhfhfdhsdhñ,dfñnl;XXXX;XXXX;XXXXX;11,5838310;XXXX;XXXX
11144;11144_B;fafhfhfdhsdhñ,dfñnl;XXXX;XXXX;XXXXX;7,7042880;XXXX;XXXX
11149;11149;fafhfhfdhsdhñ,dfñnl;XXXX;XXXX;XXXXX;14,8125680;XXXX;XXXX
11160;11160;fafhfhfdhsdhñ,dfñnl;XXXX;XXXX;XXXXX;10,9929720;XXXX;XXXX
11167;11167_B;fafhfhfdhsdhñ,dfñnl;XXXX;XXXX;XXXXX;3,3236610;XXXX;XXXX
11173;11173_A;fafhfhfdhsdhñ,dfñnl;XXXX;XXXX;XXXXX;2,1270630;XXXX;XXXX
11173;11173_B;fafhfhfdhsdhñ,dfñnl;XXXX;XXXX;XXXXX;1,4529450;XXXX;XXXX
11173;11173_C;fafhfhfdhsdhñ,dfñnl;XXXX;XXXX;XXXXX;1,7624440;XXXX;XXXX
11175;11175;fafhfhfdhsdhñ,dfñnl;XXXX;XXXX;XXXXX;3,4575070;XXXX;XXXX
11181;11181;fafhfhfdhsdhñ,dfñnl;XXXX;XXXX;XXXXX;5,1664190;XXXX;XXXX
11182;11182;fafhfhfdhsdhñ,dfñnl;XXXX;XXXX;XXXXX;1,8635650;XXXX;XXXX
11184;11184;fafhfhfdhsdhñ,dfñnl;XXXX;XXXX;XXXXX;1,7122810;XXXX;XXXX
11185;11185;fafhfhfdhsdhñ,dfñnl;XXXX;XXXX;XXXXX;17,9271170;XXXX;XXXX
11186;11186_A;fafhfhfdhsdhñ,dfñnl;XXXX;XXXX;XXXXX;9,4635470;XXXX;XXXX
11189;11189;fafhfhfdhsdhñ,dfñnl;XXXX;XXXX;XXXXX;1,7866960;XXXX;XXXX
11190;11190_A;fafhfhfdhsdhñ,dfñnl;XXXX;XXXX;XXXXX;0,5326300;XXXX;XXXX
11190;11190_B;fafhfhfdhsdhñ,dfñnl;XXXX;XXXX;XXXXX;2,6495750;XXXX;XXXX
11191;11191;fafhfhfdhsdhñ,dfñnl;XXXX;XXXX;XXXXX;1,8870320;XXXX;XXXX
11195;11195;fafhfhfdhsdhñ,dfñnl;XXXX;XXXX;XXXXX;31,9800130;XXXX;XXXX
11198;11198_A;fafhfhfdhsdhñ,dfñnl;XXXX;XXXX;XXXXX;1,8570280;XXXX;XXXX
11203;11203_A;fafhfhfdhsdhñ,dfñnl;XXXX;XXXX;XXXXX;1,3262270;XXXX;XXXX
11205;11205;fafhfhfdhsdhñ,dfñnl;XXXX;XXXX;XXXXX;11,9653760;XXXX;XXXX
11215;11215;fafhfhfdhsdhñ,dfñnl;XXXX;XXXX;XXXXX;4,9938360;XXXX;XXXX
11216;11216;fafhfhfdhsdhñ,dfñnl;XXXX;XXXX;XXXXX;1,0263350;XXXX;XXXX
11221;11221;fafhfhfdhsdhñ,dfñnl;XXXX;XXXX;XXXXX;14,2292180;XXXX;XXXX
11222;11222;fafhfhfdhsdhñ,dfñnl;XXXX;XXXX;XXXXX;1,9231980;XXXX;XXXX
11227;11227_A;fafhfhfdhsdhñ,dfñnl;XXXX;XXXX;XXXXX;3,3794840;XXXX;XXXX
11227;11227_B;fafhfhfdhsdhñ,dfñnl;XXXX;XXXX;XXXXX;2,2104230;XXXX;XXXX
11228;11228_A;fafhfhfdhsdhñ,dfñnl;XXXX;XXXX;XXXXX;2,8014780;XXXX;XXXX
11228;11228_B;fafhfhfdhsdhñ,dfñnl;XXXX;XXXX;XXXXX;1,1590570;XXXX;XXXX
11229;11229_A;fafhfhfdhsdhñ,dfñnl;XXXX;XXXX;XXXXX;4,8430720;XXXX;XXXX
11230;11230;fafhfhfdhsdhñ,dfñnl;XXXX;XXXX;XXXXX;17,7955560;XXXX;XXXX
11245;11245;fafhfhfdhsdhñ,dfñnl;XXXX;XXXX;XXXXX;4,4798990;XXXX;XXXX
11247;11247;fafhfhfdhsdhñ,dfñnl;XXXX;XXXX;XXXXX;4,6592260;XXXX;XXXX
11250;11250;fafhfhfdhsdhñ,dfñnl;XXXX;XXXX;XXXXX;4,6345780;XXXX;XXXX
11252;11252_A;fafhfhfdhsdhñ,dfñnl;XXXX;XXXX;XXXXX;7,0325720;XXXX;XXXX
11252;11252_B;fafhfhfdhsdhñ,dfñnl;XXXX;XXXX;XXXXX;2,7849430;XXXX;XXXX
11252;11252_C;fafhfhfdhsdhñ,dfñnl;XXXX;XXXX;XXXXX;2,5072880;XXXX;XXXX
11253;11253_A;fafhfhfdhsdhñ,dfñnl;XXXX;XXXX;XXXXX;3,7388800;XXXX;XXXX
11255;11255;fafhfhfdhsdhñ,dfñnl;XXXX;XXXX;XXXXX;11,5993610;XXXX;XXXX
11256;11256;fafhfhfdhsdhñ,dfñnl;XXXX;XXXX;XXXXX;9,8695130;XXXX;XXXX
11274;11274;fafhfhfdhsdhñ,dfñnl;XXXX;XXXX;XXXXX;6,0825660;XXXX;XXXX
11277;11277;fafhfhfdhsdhñ,dfñnl;XXXX;XXXX;XXXXX;1,8863820;XXXX;XXXX
11278;11278;fafhfhfdhsdhñ,dfñnl;XXXX;XXXX;XXXXX;5,9390240;XXXX;XXXX
11280;11280_A;fafhfhfdhsdhñ,dfñnl;XXXX;XXXX;XXXXX;8,4714560;XXXX;XXXX
11288;11288;fafhfhfdhsdhñ,dfñnl;XXXX;XXXX;XXXXX;1,2965220;XXXX;XXXX
11299;11299;fafhfhfdhsdhñ,dfñnl;XXXX;XXXX;XXXXX;9,9499010;XXXX;XXXX
11305;11305;fafhfhfdhsdhñ,dfñnl;XXXX;XXXX;XXXXX;1,8127820;XXXX;XXXX
11312;11312_A;fafhfhfdhsdhñ,dfñnl;XXXX;XXXX;XXXXX;14,9216810;XXXX;XXXX
11312;11312_B;fafhfhfdhsdhñ,dfñnl;XXXX;XXXX;XXXXX;2,5459040;XXXX;XXXX
11324;11324;fafhfhfdhsdhñ,dfñnl;XXXX;XXXX;XXXXX;2,9159090;XXXX;XXXX
11325;11325_A;fafhfhfdhsdhñ,dfñnl;XXXX;XXXX;XXXXX;2,0375970;XXXX;XXXX
11325;11325_C;fafhfhfdhsdhñ,dfñnl;XXXX;XXXX;XXXXX;2,9839770;XXXX;XXXX
11327;11327;fafhfhfdhsdhñ,dfñnl;XXXX;XXXX;XXXXX;2,3704140;XXXX;XXXX
11329;11329_A;fafhfhfdhsdhñ,dfñnl;XXXX;XXXX;XXXXX;18,9754150;XXXX;XXXX
11329;11329_B;fafhfhfdhsdhñ,dfñnl;XXXX;XXXX;XXXXX;3,9811210;XXXX;XXXX
11329;11329_C;fafhfhfdhsdhñ,dfñnl;XXXX;XXXX;XXXXX;2,9775410;XXXX;XXXX
11329;11329_D;fafhfhfdhsdhñ,dfñnl;XXXX;XXXX;XXXXX;3,5160890;XXXX;XXXX
11331;11331;fafhfhfdhsdhñ,dfñnl;XXXX;XXXX;XXXXX;3,7781040;XXXX;XXXX
11332;11332;fafhfhfdhsdhñ,dfñnl;XXXX;XXXX;XXXXX;5,6508190;XXXX;XXXX
11355;11355;fafhfhfdhsdhñ,dfñnl;XXXX;XXXX;XXXXX;1,8991990;XXXX;XXXX
11357;11357;fafhfhfdhsdhñ,dfñnl;XXXX;XXXX;XXXXX;12,1255610;XXXX;XXXX
11362;11362;fafhfhfdhsdhñ,dfñnl;XXXX;XXXX;XXXXX;2,5767210;XXXX;XXXX
11364;11364;fafhfhfdhsdhñ,dfñnl;XXXX;XXXX;XXXXX;3,0803990;XXXX;XXXX
11368;11368;fafhfhfdhsdhñ,dfñnl;XXXX;XXXX;XXXXX;4,9648700;XXXX;XXXX
11369;11369_A;fafhfhfdhsdhñ,dfñnl;XXXX;XXXX;XXXXX;2,1175040;XXXX;XXXX
11370;11370_B;fafhfhfdhsdhñ,dfñnl;XXXX;XXXX;XXXXX;9,1732140;XXXX;XXXX
11371;11371;fafhfhfdhsdhñ,dfñnl;XXXX;XXXX;XXXXX;3,0782010;XXXX;XXXX
11372;11372_A;fafhfhfdhsdhñ,dfñnl;XXXX;XXXX;XXXXX;6,1422320;XXXX;XXXX
11372;11372_B;fafhfhfdhsdhñ,dfñnl;XXXX;XXXX;XXXXX;1,4975310;XXXX;XXXX
11378;11378;fafhfhfdhsdhñ,dfñnl;XXXX;XXXX;XXXXX;5,4192550;XXXX;XXXX
11379;11379;fafhfhfdhsdhñ,dfñnl;XXXX;XXXX;XXXXX;2,9917270;XXXX;XXXX
11403;11403;fafhfhfdhsdhñ,dfñnl;XXXX;XXXX;XXXXX;1,9866380;XXXX;XXXX
11411;11411;fafhfhfdhsdhñ,dfñnl;XXXX;XXXX;XXXXX;2,0257790;XXXX;XXXX
11413;11413_A;fafhfhfdhsdhñ,dfñnl;XXXX;XXXX;XXXXX;1,8614940;XXXX;XXXX
11413;11413_B;fafhfhfdhsdhñ,dfñnl;XXXX;XXXX;XXXXX;1,1777600;XXXX;XXXX
11417;11417_B;fafhfhfdhsdhñ,dfñnl;XXXX;XXXX;XXXXX;6,4166380;XXXX;XXXX
11421;11421_A;fafhfhfdhsdhñ,dfñnl;XXXX;XXXX;XXXXX;2,5757150;XXXX;XXXX
11421;11421_B;fafhfhfdhsdhñ,dfñnl;XXXX;XXXX;XXXXX;1,8274450;XXXX;XXXX
11425;11425;fafhfhfdhsdhñ,dfñnl;XXXX;XXXX;XXXXX;2,1139470;XXXX;XXXX
11428;11428;fafhfhfdhsdhñ,dfñnl;XXXX;XXXX;XXXXX;3,5878710;XXXX;XXXX
11429;11429_A;fafhfhfdhsdhñ,dfñnl;XXXX;XXXX;XXXXX;12,6412270;XXXX;XXXX
11430;11430_A;fafhfhfdhsdhñ,dfñnl;XXXX;XXXX;XXXXX;0,5219850;XXXX;XXXX
11430;11430_B;fafhfhfdhsdhñ,dfñnl;XXXX;XXXX;XXXXX;1,6248120;XXXX;XXXX
11436;11436;fafhfhfdhsdhñ,dfñnl;XXXX;XXXX;XXXXX;2,9550100;XXXX;XXXX
11439;11439;fafhfhfdhsdhñ,dfñnl;XXXX;XXXX;XXXXX;17,7187840;XXXX;XXXX
11440;11440_A;fafhfhfdhsdhñ,dfñnl;XXXX;XXXX;XXXXX;3,0726250;XXXX;XXXX
11441;11441;fafhfhfdhsdhñ,dfñnl;XXXX;XXXX;XXXXX;1,5757150;XXXX;XXXX
11442;11442;fafhfhfdhsdhñ,dfñnl;XXXX;XXXX;XXXXX;7,7369450;XXXX;XXXX
11443;11443;fafhfhfdhsdhñ,dfñnl;XXXX;XXXX;XXXXX;0,7535310;XXXX;XXXX
11444;11444_A;fafhfhfdhsdhñ,dfñnl;XXXX;XXXX;XXXXX;1,5252690;XXXX;XXXX
11444;11444_B;fafhfhfdhsdhñ,dfñnl;XXXX;XXXX;XXXXX;0,7385270;XXXX;XXXX
11446;11446;fafhfhfdhsdhñ,dfñnl;XXXX;XXXX;XXXXX;2,4235880;XXXX;XXXX
11447;11447;fafhfhfdhsdhñ,dfñnl;XXXX;XXXX;XXXXX;2,4838800;XXXX;XXXX
11448;11448;fafhfhfdhsdhñ,dfñnl;XXXX;XXXX;XXXXX;2,2765580;XXXX;XXXX
11452;11452;fafhfhfdhsdhñ,dfñnl;XXXX;XXXX;XXXXX;2,0639950;XXXX;XXXX
11453;11453;fafhfhfdhsdhñ,dfñnl;XXXX;XXXX;XXXXX;4,9494680;XXXX;XXXX
11454;11454;fafhfhfdhsdhñ,dfñnl;XXXX;XXXX;XXXXX;2,7857050;XXXX;XXXX
11455;11455_B;fafhfhfdhsdhñ,dfñnl;XXXX;XXXX;XXXXX;12,3222490;XXXX;XXXX
11456;11456;fafhfhfdhsdhñ,dfñnl;XXXX;XXXX;XXXXX;2,5301610;XXXX;XXXX
11461;11461;fafhfhfdhsdhñ,dfñnl;XXXX;XXXX;XXXXX;14,5829140;XXXX;XXXX
11462;11462;fafhfhfdhsdhñ,dfñnl;XXXX;XXXX;XXXXX;7,0430250;XXXX;XXXX
11463;11463;fafhfhfdhsdhñ,dfñnl;XXXX;XXXX;XXXXX;2,7448540;XXXX;XXXX
11464;11464_A;fafhfhfdhsdhñ,dfñnl;XXXX;XXXX;XXXXX;4,4856160;XXXX;XXXX
11466;11466;fafhfhfdhsdhñ,dfñnl;XXXX;XXXX;XXXXX;25,2638560;XXXX;XXXX
11470;11470;fafhfhfdhsdhñ,dfñnl;XXXX;XXXX;XXXXX;4,9360730;XXXX;XXXX
11475;11475;fafhfhfdhsdhñ,dfñnl;XXXX;XXXX;XXXXX;12,1847810;XXXX;XXXX
11486;11486;fafhfhfdhsdhñ,dfñnl;XXXX;XXXX;XXXXX;14,0812990;XXXX;XXXX
11498;11498;fafhfhfdhsdhñ,dfñnl;XXXX;XXXX;XXXXX;2,7953130;XXXX;XXXX
11547;11547;fafhfhfdhsdhñ,dfñnl;XXXX;XXXX;XXXXX;4,8320240;XXXX;XXXX
11567;11567;fafhfhfdhsdhñ,dfñnl;XXXX;XXXX;XXXXX;2,4885670;XXXX;XXXX
11590;11590;fafhfhfdhsdhñ,dfñnl;XXXX;XXXX;XXXXX;1,7181860;XXXX;XXXX
11645;11645;fafhfhfdhsdhñ,dfñnl;XXXX;XXXX;XXXXX;16,0187330;XXXX;XXXX
11676;11676;fafhfhfdhsdhñ,dfñnl;XXXX;XXXX;XXXXX;3,1551640;XXXX;XXXX
11690;11690;fafhfhfdhsdhñ,dfñnl;XXXX;XXXX;XXXXX;3,2736080;XXXX;XXXX
11700;11700;fafhfhfdhsdhñ,dfñnl;XXXX;XXXX;XXXXX;2,3265460;XXXX;XXXX
11716;11716;fafhfhfdhsdhñ,dfñnl;XXXX;XXXX;XXXXX;4,6052150;XXXX;XXXX
11724;11724;fafhfhfdhsdhñ,dfñnl;XXXX;XXXX;XXXXX;2,4102920;XXXX;XXXX
11732;11732;fafhfhfdhsdhñ,dfñnl;XXXX;XXXX;XXXXX;2,2556270;XXXX;XXXX
11807;11807;fafhfhfdhsdhñ,dfñnl;XXXX;XXXX;XXXXX;12,9724490;XXXX;XXXX
11815;11815;fafhfhfdhsdhñ,dfñnl;XXXX;XXXX;XXXXX;3,8251880;XXXX;XXXX
11816;11816_B;fafhfhfdhsdhñ,dfñnl;XXXX;XXXX;XXXXX;1,4223470;XXXX;XXXX
11817;11817;fafhfhfdhsdhñ,dfñnl;XXXX;XXXX;XXXXX;2,0344930;XXXX;XXXX
11818;11818;fafhfhfdhsdhñ,dfñnl;XXXX;XXXX;XXXXX;1,5085790;XXXX;XXXX
11819;11819;fafhfhfdhsdhñ,dfñnl;XXXX;XXXX;XXXXX;2,9856090;XXXX;XXXX
11824;11824;fafhfhfdhsdhñ,dfñnl;XXXX;XXXX;XXXXX;17,1095670;XXXX;XXXX
11826;11826;fafhfhfdhsdhñ,dfñnl;XXXX;XXXX;XXXXX;6,4465790;XXXX;XXXX
11833;11833;fafhfhfdhsdhñ,dfñnl;XXXX;XXXX;XXXXX;3,5759130;XXXX;XXXX
11835;11835;fafhfhfdhsdhñ,dfñnl;XXXX;XXXX;XXXXX;2,8101720;XXXX;XXXX
11837;11837;fafhfhfdhsdhñ,dfñnl;XXXX;XXXX;XXXXX;1,3663290;XXXX;XXXX
11840;11840;fafhfhfdhsdhñ,dfñnl;XXXX;XXXX;XXXXX;17,5469140;XXXX;XXXX
11842;11842;fafhfhfdhsdhñ,dfñnl;XXXX;XXXX;XXXXX;3,3149910;XXXX;XXXX
11850;11850;fafhfhfdhsdhñ,dfñnl;XXXX;XXXX;XXXXX;3,5196720;XXXX;XXXX
11853;11853;fafhfhfdhsdhñ,dfñnl;XXXX;XXXX;XXXXX;24,5873080;XXXX;XXXX
11854;11854;fafhfhfdhsdhñ,dfñnl;XXXX;XXXX;XXXXX;19,8264300;XXXX;XXXX
11857;11857;fafhfhfdhsdhñ,dfñnl;XXXX;XXXX;XXXXX;2,3088990;XXXX;XXXX
11858;11858;fafhfhfdhsdhñ,dfñnl;XXXX;XXXX;XXXXX;3,7192240;XXXX;XXXX
11859;11859;fafhfhfdhsdhñ,dfñnl;XXXX;XXXX;XXXXX;2,2312140;XXXX;XXXX
11863;11863;fafhfhfdhsdhñ,dfñnl;XXXX;XXXX;XXXXX;10,7017300;XXXX;XXXX
11865;11865;fafhfhfdhsdhñ,dfñnl;XXXX;XXXX;XXXXX;12,8968810;XXXX;XXXX
11867;11867_B;fafhfhfdhsdhñ,dfñnl;XXXX;XXXX;XXXXX;2,6765260;XXXX;XXXX
11867;11867_A;fafhfhfdhsdhñ,dfñnl;XXXX;XXXX;XXXXX;4,6096440;XXXX;XXXX
11873;11873;fafhfhfdhsdhñ,dfñnl;XXXX;XXXX;XXXXX;15,7241260;XXXX;XXXX
11874;11874;fafhfhfdhsdhñ,dfñnl;XXXX;XXXX;XXXXX;19,4196670;XXXX;XXXX
11877;11877;fafhfhfdhsdhñ,dfñnl;XXXX;XXXX;XXXXX;11,1804610;XXXX;XXXX
11880;11880;fafhfhfdhsdhñ,dfñnl;XXXX;XXXX;XXXXX;5,2988740;XXXX;XXXX
11881;11881;fafhfhfdhsdhñ,dfñnl;XXXX;XXXX;XXXXX;3,4739800;XXXX;XXXX
11884;11884;fafhfhfdhsdhñ,dfñnl;XXXX;XXXX;XXXXX;2,8999870;XXXX;XXXX
11886;11886_A;fafhfhfdhsdhñ,dfñnl;XXXX;XXXX;XXXXX;32,2433690;XXXX;XXXX
11889;11889_B;fafhfhfdhsdhñ,dfñnl;XXXX;XXXX;XXXXX;7,9159680;XXXX;XXXX
11897;11897;fafhfhfdhsdhñ,dfñnl;XXXX;XXXX;XXXXX;1,9781530;XXXX;XXXX
11901;11901;fafhfhfdhsdhñ,dfñnl;XXXX;XXXX;XXXXX;2,0716000;XXXX;XXXX
11933;11933;fafhfhfdhsdhñ,dfñnl;XXXX;XXXX;XXXXX;4,2206010;XXXX;XXXX
12025;12025_A;fafhfhfdhsdhñ,dfñnl;XXXX;XXXX;XXXXX;8,0611410;XXXX;XXXX
12034;12034_A;fafhfhfdhsdhñ,dfñnl;XXXX;XXXX;XXXXX;2,9415620;XXXX;XXXX
12034;12034_B;fafhfhfdhsdhñ,dfñnl;XXXX;XXXX;XXXXX;1,2407850;XXXX;XXXX
12063;12063;fafhfhfdhsdhñ,dfñnl;XXXX;XXXX;XXXXX;3,5688950;XXXX;XXXX
12064;12064_A;fafhfhfdhsdhñ,dfñnl;XXXX;XXXX;XXXXX;9,6746090;XXXX;XXXX
12064;12064_B;fafhfhfdhsdhñ,dfñnl;XXXX;XXXX;XXXXX;2,9341260;XXXX;XXXX
12065;12065_A;fafhfhfdhsdhñ,dfñnl;XXXX;XXXX;XXXXX;2,9852590;XXXX;XXXX
12065;12065_B;fafhfhfdhsdhñ,dfñnl;XXXX;XXXX;XXXXX;9,7791900;XXXX;XXXX
12065;12065_C;fafhfhfdhsdhñ,dfñnl;XXXX;XXXX;XXXXX;42,3579650;XXXX;XXXX
12133;12133_A;fafhfhfdhsdhñ,dfñnl;XXXX;XXXX;XXXXX;2,8868040;XXXX;XXXX
12137;12137_B;fafhfhfdhsdhñ,dfñnl;XXXX;XXXX;XXXXX;5,0056390;XXXX;XXXX
12137;12137_A;fafhfhfdhsdhñ,dfñnl;XXXX;XXXX;XXXXX;27,0553830;XXXX;XXXX
12250;12250;fafhfhfdhsdhñ,dfñnl;XXXX;XXXX;XXXXX;1,9212290;XXXX;XXXX
12251;12251_A;fafhfhfdhsdhñ,dfñnl;XXXX;XXXX;XXXXX;0,2532240;XXXX;XXXX
12251;12251_B;fafhfhfdhsdhñ,dfñnl;XXXX;XXXX;XXXXX;2,0993980;XXXX;XXXX
12252;12252;fafhfhfdhsdhñ,dfñnl;XXXX;XXXX;XXXXX;2,3385820;XXXX;XXXX
12254;12254;fafhfhfdhsdhñ,dfñnl;XXXX;XXXX;XXXXX;4,9191360;XXXX;XXXX
12255;12255;fafhfhfdhsdhñ,dfñnl;XXXX;XXXX;XXXXX;1,5654290;XXXX;XXXX
12257;12257;fafhfhfdhsdhñ,dfñnl;XXXX;XXXX;XXXXX;3,6626020;XXXX;XXXX
9355;9355_A;fafhfhfdhsdhñ,dfñnl;XXXX;XXXX;XXXXX;0,9531860;XXXX;XXXX
9355;9355_B;fafhfhfdhsdhñ,dfñnl;XXXX;XXXX;XXXXX;2,0634700;XXXX;XXXX
9357;9357;fafhfhfdhsdhñ,dfñnl;XXXX;XXXX;XXXXX;4,2109480;XXXX;XXXX
9499;9499;fafhfhfdhsdhñ,dfñnl;XXXX;XXXX;XXXXX;4,2908300;XXXX;XXXX
9522;9522;fafhfhfdhsdhñ,dfñnl;XXXX;XXXX;XXXXX;4,3968070;XXXX;XXXX
9770;9770;fafhfhfdhsdhñ,dfñnl;XXXX;XXXX;XXXXX;3,9142250;XXXX;XXXX
9771;9771;fafhfhfdhsdhñ,dfñnl;XXXX;XXXX;XXXXX;2,4523520;XXXX;XXXX
9774;9774_B;fafhfhfdhsdhñ,dfñnl;XXXX;XXXX;XXXXX;0,5194240;XXXX;XXXX
9775;9775_A;fafhfhfdhsdhñ,dfñnl;XXXX;XXXX;XXXXX;1,1878780;XXXX;XXXX
9775;9775_B;fafhfhfdhsdhñ,dfñnl;XXXX;XXXX;XXXXX;1,0539920;XXXX;XXXX
9785;9785_A;fafhfhfdhsdhñ,dfñnl;XXXX;XXXX;XXXXX;4,6642570;XXXX;XXXX
9785;9785_B;fafhfhfdhsdhñ,dfñnl;XXXX;XXXX;XXXXX;2,2632240;XXXX;XXXX
9789;9789;fafhfhfdhsdhñ,dfñnl;XXXX;XXXX;XXXXX;3,9775520;XXXX;XXXX
9790;9790;fafhfhfdhsdhñ,dfñnl;XXXX;XXXX;XXXXX;8,1669550;XXXX;XXXX
9792;9792_A;fafhfhfdhsdhñ,dfñnl;XXXX;XXXX;XXXXX;3,5555710;XXXX;XXXX
9792;9792_B;fafhfhfdhsdhñ,dfñnl;XXXX;XXXX;XXXXX;3,8752340;XXXX;XXXX
9793;9793_A;fafhfhfdhsdhñ,dfñnl;XXXX;XXXX;XXXXX;1,7132050;XXXX;XXXX
9793;9793_B;fafhfhfdhsdhñ,dfñnl;XXXX;XXXX;XXXXX;1,4451930;XXXX;XXXX
9794;9794_A;fafhfhfdhsdhñ,dfñnl;XXXX;XXXX;XXXXX;1,9358280;XXXX;XXXX
9794;9794_B;fafhfhfdhsdhñ,dfñnl;XXXX;XXXX;XXXXX;6,5759940;XXXX;XXXX
9806;9806_A;fafhfhfdhsdhñ,dfñnl;XXXX;XXXX;XXXXX;3,8907490;XXXX;XXXX
9815;9815;fafhfhfdhsdhñ,dfñnl;XXXX;XXXX;XXXXX;23,8384490;XXXX;XXXX
9816;9816;fafhfhfdhsdhñ,dfñnl;XXXX;XXXX;XXXXX;3,5701910;XXXX;XXXX
9817;9817_A;fafhfhfdhsdhñ,dfñnl;XXXX;XXXX;XXXXX;5,0396590;XXXX;XXXX
9817;9817_B;fafhfhfdhsdhñ,dfñnl;XXXX;XXXX;XXXXX;1,5466860;XXXX;XXXX
9820;9820;fafhfhfdhsdhñ,dfñnl;XXXX;XXXX;XXXXX;4,0228310;XXXX;XXXX
9826;9826;fafhfhfdhsdhñ,dfñnl;XXXX;XXXX;XXXXX;6,3764160;XXXX;XXXX
9828;9828;fafhfhfdhsdhñ,dfñnl;XXXX;XXXX;XXXXX;5,6082380;XXXX;XXXX
9832;9832_A;fafhfhfdhsdhñ,dfñnl;XXXX;XXXX;XXXXX;2,0146670;XXXX;XXXX
9833;9833;Jorge ;XXXX;XXXX;XXXXX;3,4642110;XXXX;XXXX
9835;9835_A;Felipe;XXXX;XXXX;XXXXX;1,1925860;XXXX;XXXX
9835;9835_B;Marcos;XXXX;XXXX;XXXXX;0,6578700;XXXX;XXXX
9842;9842_B;Carlos ;XXXX;XXXX;XXXXX;1,6220410;XXXX;XXXX
9843;9843_A;Maye;XXXX;XXXX;XXXXX;3,8473350;XXXX;XXXX
9844;9844_A;Dori;XXXX;XXXX;XXXXX;8,3059630;XXXX;XXXX
9845;9845;Nacho;XXXX;XXXX;XXXXX;4,2655020;XXXX;XXXX
9847;9847;Maria;XXXX;XXXX;XXXXX;1,6426210;XXXX;XXXX
9856;9856;Sebstian;XXXX;XXXX;XXXXX;2,0306180;XXXX;XXXX
9857;9857_A;Andrés;XXXX;XXXX;XXXXX;3,4490990;XXXX;XXXX
9859;9859_A;Maria;XXXX;XXXX;XXXXX;6,8465730;XXXX;XXXX
9867;9867;Sebstian;XXXX;XXXX;XXXXX;4,9907540;XXXX;XXXX
9869;9869;Andrés;XXXX;XXXX;XXXXX;2,0641200;XXXX;XXXX
9871;9871;Maria;XXXX;XXXX;XXXXX;5,4753100;XXXX;XXXX
9872;9872;Sebstian;XXXX;XXXX;XXXXX;5,9969530;XXXX;XXXX
9873;9873;Andrés;XXXX;XXXX;XXXXX;4,3458780;XXXX;XXXX
9876;9876_A;Maria;XXXX;XXXX;XXXXX;12,7948460;XXXX;XXXX
9877;9877;Sebstian;XXXX;XXXX;XXXXX;9,3015990;XXXX;XXXX
9878;9878;Andrés;XXXX;XXXX;XXXXX;3,2848920;XXXX;XXXX
9879;9879;Maria;XXXX;XXXX;XXXXX;2,1787350;XXXX;XXXX
9881;9881;Sebstian;XXXX;XXXX;XXXXX;1,2745450;XXXX;XXXX
9883;9883;Andrés;XXXX;XXXX;XXXXX;4,8222150;XXXX;XXXX
9886;9886;Maria;XXXX;XXXX;XXXXX;2,6155430;XXXX;XXXX
9887;9887;Sebstian;XXXX;XXXX;XXXXX;8,9584790;XXXX;XXXX
9892;9892;Andrés;XXXX;XXXX;XXXXX;5,8712660;XXXX;XXXX
9893;9893;Maria;XXXX;XXXX;XXXXX;5,9562580;XXXX;XXXX
9894;9894;Sebstian;XXXX;XXXX;XXXXX;2,9993400;XXXX;XXXX
9897;9897;Andrés;XXXX;XXXX;XXXXX;4,8554100;XXXX;XXXX
9900;9900;Maria;XXXX;XXXX;XXXXX;2,6624790;XXXX;XXXX
9902;9902;Sebstian;XXXX;XXXX;XXXXX;3,1635290;XXXX;XXXX
9908;9908_A;Andrés;XXXX;XXXX;XXXXX;1,4338190;XXXX;XXXX
9908;9908_B;Maria;XXXX;XXXX;XXXXX;1,1067200;XXXX;XXXX
9909;9909;Sebstian;XXXX;XXXX;XXXXX;3,5373910;XXXX;XXXX
9913;9913_A;Andrés;XXXX;XXXX;XXXXX;22,0714280;XXXX;XXXX
10900;10900;Maria;XXXX;XXXX;XXXXX;4,4574830;XXXX;XXXX
9918;9918_A;Sebstian;XXXX;XXXX;XXXXX;0,2337070;XXXX;XXXX
9918;9918_B;Andrés;XXXX;XXXX;XXXXX;0,5550380;XXXX;XXXX
9918;9918_C;Maria;XXXX;XXXX;XXXXX;11,6607170;XXXX;XXXX
9918;9918_D;Sebstian;XXXX;XXXX;XXXXX;2,9348540;XXXX;XXXX
9918;9918_E;Andrés;XXXX;XXXX;XXXXX;7,3187340;XXXX;XXXX
9925;9925;Maria;XXXX;XXXX;XXXXX;5,1386530;XXXX;XXXX
9927;9927;Sebstian;XXXX;XXXX;XXXXX;5,8173380;XXXX;XXXX
9929;9929_C;Andrés;XXXX;XXXX;XXXXX;6,7041380;XXXX;XXXX
9929;9929_A;Maria;XXXX;XXXX;XXXXX;2,8188990;XXXX;XXXX
9929;9929_B;Sebstian;XXXX;XXXX;XXXXX;6,2428530;XXXX;XXXX
9930;9930_A;Andrés;XXXX;XXXX;XXXXX;6,7408560;XXXX;XXXX
9930;9930_B;Maria;XXXX;XXXX;XXXXX;2,0205450;XXXX;XXXX
9933;9933;Sebstian;XXXX;XXXX;XXXXX;14,8647580;XXXX;XXXX
9942;9942;Andrés;XXXX;XXXX;XXXXX;13,1219490;XXXX;XXXX
9943;9943;Maria;XXXX;XXXX;XXXXX;6,1095820;XXXX;XXXX
9944;9944_A;Sebstian;XXXX;XXXX;XXXXX;1,2121880;XXXX;XXXX
9944;9944_B;Andrés;XXXX;XXXX;XXXXX;3,6248290;XXXX;XXXX
9950;9950_A;Maria;XXXX;XXXX;XXXXX;0,9941060;XXXX;XXXX
9950;9950_B;Sebstian;XXXX;XXXX;XXXXX;0,9982790;XXXX;XXXX
9954;9954;Andrés;XXXX;XXXX;XXXXX;18,3020110;XXXX;XXXX
9955;9955;Maria;XXXX;XXXX;XXXXX;19,3030420;XXXX;XXXX
9958;9958_A;Sebstian;XXXX;XXXX;XXXXX;0,9760130;XXXX;XXXX
9958;9958_B;Andrés;XXXX;XXXX;XXXXX;0,9853560;XXXX;XXXX
9958;9958_C;Maria;XXXX;XXXX;XXXXX;3,9101070;XXXX;XXXX
9963;9963_A;Sebstian;XXXX;XXXX;XXXXX;5,9677680;XXXX;XXXX
9963;9963_B;Andrés;XXXX;XXXX;XXXXX;2,5107580;XXXX;XXXX
9963;9963_C;Maria;XXXX;XXXX;XXXXX;22,7239070;XXXX;XXXX
9963;9963_D;Sebstian;XXXX;XXXX;XXXXX;7,9492310;XXXX;XXXX
9968;9968;Andrés;XXXX;XXXX;XXXXX;21,4470880;XXXX;XXXX
9969;9969_A;Maria;XXXX;XXXX;XXXXX;13,9153360;XXXX;XXXX
9970;9970;Sebstian;XXXX;XXXX;XXXXX;6,2328940;XXXX;XXXX
9971;9971_A;Andrés;XXXX;XXXX;XXXXX;5,0268850;XXXX;XXXX
9971;9971_B;Maria;XXXX;XXXX;XXXXX;8,0409980;XXXX;XXXX
9973;9973_D;Sebstian;XXXX;XXXX;XXXXX;14,6907690;XXXX;XXXX
9973;9973_B;Andrés;XXXX;XXXX;XXXXX;23,2635630;XXXX;XXXX
9973;9973_C;Maria;XXXX;XXXX;XXXXX;24,3583690;XXXX;XXXX
9973;9973_A;Sebstian;XXXX;XXXX;XXXXX;12,9146890;XXXX;XXXX
9983;9983;Andrés;XXXX;XXXX;XXXXX;3,7965240;XXXX;XXXX
9988;9988;Maria;XXXX;XXXX;XXXXX;13,3232830;XXXX;XXXX
9989;9989_A;Sebstian;XXXX;XXXX;XXXXX;15,0949160;XXXX;XXXX
9990;9990;Andrés;XXXX;XXXX;XXXXX;10,1728100;XXXX;XXXX
9996;9996_B;Maria;XXXX;XXXX;XXXXX;26,5032060;XXXX;XXXX
9998;9998;Sebstian;XXXX;XXXX;XXXXX;18,4897390;XXXX;XXXX
10914;10914_D;Andrés;XXXX;XXXX;XXXXX;1,7082860;XXXX;XXXX
10914;10914_F;Maria;XXXX;XXXX;XXXXX;1,0241300;XXXX;XXXX
9698;9698;Sebstian;XXXX;XXXX;XXXXX;10,9572670;XXXX;XXXX
9427;9427;Andrés;XXXX;XXXX;XXXXX;5,1095030;XXXX;XXXX
9189;9189_B;Maria;XXXX;XXXX;XXXXX;0,6638890;XXXX;XXXX
9433;9433;Sebstian;XXXX;XXXX;XXXXX;7,4146640;XXXX;XXXX
9195;9195;Andrés;XXXX;XXXX;XXXXX;5,0952850;XXXX;XXXX
9198;9198_A;Maria;XXXX;XXXX;XXXXX;6,2475320;XXXX;XXXX
9198;9198_B;Sebstian;XXXX;XXXX;XXXXX;0,9166930;XXXX;XXXX
9430;9430;Andrés;XXXX;XXXX;XXXXX;4,1644130;XXXX;XXXX
9204;9204;Maria;XXXX;XXXX;XXXXX;5,1185510;XXXX;XXXX
9189;9189_A;Sebstian;XXXX;XXXX;XXXXX;3,9769810;XXXX;XXXX
9442;9442;Andrés;XXXX;XXXX;XXXXX;4,4566410;XXXX;XXXX
9521;9521_B;Maria;XXXX;XXXX;XXXXX;0,9955120;XXXX;XXXX
9521;9521_A;Sebstian;XXXX;XXXX;XXXXX;4,0814630;XXXX;XXXX
11143;11143;Andrés;XXXX;XXXX;XXXXX;5,7758870;XXXX;XXXX
9497;9497_A;Maria;XXXX;XXXX;XXXXX;0,9346600;XXXX;XXXX
9497;9497_B;Sebstian;XXXX;XXXX;XXXXX;7,7728380;XXXX;XXXX
9661;9661;Andrés;XXXX;XXXX;XXXXX;7,2140330;XXXX;XXXX
11183;11183;Maria;XXXX;XXXX;XXXXX;4,9775220;XXXX;XXXX
12410;12410;Sebstian;XXXX;XXXX;XXXXX;6,5318070;XXXX;XXXX
12397;12397;Andrés;XXXX;XXXX;XXXXX;4,1703730;XXXX;XXXX
10522;10522;Maria;XXXX;XXXX;XXXXX;9,6551510;XXXX;XXXX
10316;10316;Sebstian;XXXX;XXXX;XXXXX;6,2773470;XXXX;XXXX
10483;10483;Andrés;XXXX;XXXX;XXXXX;4,1312610;XXXX;XXXX
12417;12417;Maria;XXXX;XXXX;XXXXX;3,8951040;XXXX;XXXX
10304;10304;Sebstian;XXXX;XXXX;XXXXX;5,3534920;XXXX;XXXX
10305;10305;Andrés;XXXX;XXXX;XXXXX;4,2433860;XXXX;XXXX
10256;10256;Maria;XXXX;XXXX;XXXXX;3,9749010;XXXX;XXXX
9362;9362_A;Sebstian;XXXX;XXXX;XXXXX;2,9680410;XXXX;XXXX
9157;9157_A;Andrés;XXXX;XXXX;XXXXX;0,6904930;XXXX;XXXX
9157;9157_B;Maria;XXXX;XXXX;XXXXX;4,0908540;XXXX;XXXX
9362;9362_B;Sebstian;XXXX;XXXX;XXXXX;0,6139510;XXXX;XXXX
9677;9677_A;Andrés;XXXX;XXXX;XXXXX;0,8733010;XXXX;XXXX
9618;9618;Maria;XXXX;XXXX;XXXXX;4,7280780;XXXX;XXXX
9677;9677_B;Sebstian;XXXX;XXXX;XXXXX;1,0982930;XXXX;XXXX
9677;9677_C;Andrés;XXXX;XXXX;XXXXX;2,5150780;XXXX;XXXX
10257;10257;Maria;XXXX;XXXX;XXXXX;5,2518400;XXXX;XXXX
9294;9294_B;Sebstian;XXXX;XXXX;XXXXX;5,0158440;XXXX;XXXX
9294;9294_A;Andrés;XXXX;XXXX;XXXXX;3,9812530;XXXX;XXXX
9543;9543_A;Maria;XXXX;XXXX;XXXXX;4,1829210;XXXX;XXXX
9543;9543_B;Sebstian;XXXX;XXXX;XXXXX;0,4221760;XXXX;XXXX
9144;9144;Andrés;XXXX;XXXX;XXXXX;4,5212320;XXXX;XXXX
9608;9608_A;Maria;XXXX;XXXX;XXXXX;0,9715840;XXXX;XXXX
9608;9608_B;Sebstian;XXXX;XXXX;XXXXX;4,1982670;XXXX;XXXX
9367;9367;Andrés;XXXX;XXXX;XXXXX;5,4984700;XXXX;XXXX
11153;11153_A;Maria;XXXX;XXXX;XXXXX;1,8170150;XXXX;XXXX
11153;11153_B;Sebstian;XXXX;XXXX;XXXXX;2,2432360;XXXX;XXXX
10322;10322;Andrés;XXXX;XXXX;XXXXX;4,7031380;XXXX;XXXX
10927;10927_B;Maria;XXXX;XXXX;XXXXX;8,6588390;XXXX;XXXX
10442;10442_A;Sebstian;XXXX;XXXX;XXXXX;2,0343330;XXXX;XXXX
10442;10442_C;Andrés;XXXX;XXXX;XXXXX;3,2752640;XXXX;XXXX
10442;10442_B;Maria;XXXX;XXXX;XXXXX;1,0011600;XXXX;XXXX
10443;10443_A;Sebstian;XXXX;XXXX;XXXXX;4,1995510;XXXX;XXXX
9932;9932;Andrés;XXXX;XXXX;XXXXX;4,5939310;XXXX;XXXX
12400;12400;Maria;XXXX;XXXX;XXXXX;5,9193520;XXXX;XXXX
11872;11872;Sebstian;XXXX;XXXX;XXXXX;6,7578050;XXXX;XXXX
11882;11882;Andrés;XXXX;XXXX;XXXXX;15,9852530;XXXX;XXXX
12304;12304_A;Maria;XXXX;XXXX;XXXXX;5,1522070;XXXX;XXXX
11468;11468_A;Sebstian;XXXX;XXXX;XXXXX;2,0149050;XXXX;XXXX
11468;11468_B;Andrés;XXXX;XXXX;XXXXX;1,8164840;XXXX;XXXX
10861;10861;Maria;XXXX;XXXX;XXXXX;4,1822420;XXXX;XXXX
11916;11916;Sebstian;XXXX;XXXX;XXXXX;7,4678290;XXXX;XXXX
11200;11200_A;Andrés;XXXX;XXXX;XXXXX;1,5693330;XXXX;XXXX
11200;11200_C;Maria;XXXX;XXXX;XXXXX;0,8438960;XXXX;XXXX
11200;11200_D;Sebstian;XXXX;XXXX;XXXXX;0,9635060;XXXX;XXXX
11200;11200_B;Andrés;XXXX;XXXX;XXXXX;0,9658770;XXXX;XXXX
11993;11993;Maria;XXXX;XXXX;XXXXX;4,9748120;XXXX;XXXX
11963;11963_A;Sebstian;XXXX;XXXX;XXXXX;4,4606360;XXXX;XXXX
11963;11963_B;Andrés;XXXX;XXXX;XXXXX;1,0354730;XXXX;XXXX
11963;11963_C;Maria;XXXX;XXXX;XXXXX;3,3825370;XXXX;XXXX
11187;11187_A;Sebstian;XXXX;XXXX;XXXXX;1,3071470;XXXX;XXXX
11187;11187_B;Andrés;XXXX;XXXX;XXXXX;2,5780140;XXXX;XXXX
11963;11963_D;Maria;XXXX;XXXX;XXXXX;1,3131690;XXXX;XXXX
12497;12497;Sebstian;XXXX;XXXX;XXXXX;5,1020900;XXXX;XXXX
11468;11468_C;Andrés;XXXX;XXXX;XXXXX;2,0960400;XXXX;XXXX
10747;10747;Maria;XXXX;XXXX;XXXXX;4,1660550;XXXX;XXXX
11871;11871;Sebstian;XXXX;XXXX;XXXXX;10,7295400;XXXX;XXXX
10435;10435;Andrés;XXXX;XXXX;XXXXX;5,4369400;XXXX;XXXX
10374;10374;Maria;XXXX;XXXX;XXXXX;7,9726330;XXXX;XXXX
12506;12506_A;Sebstian;XXXX;XXXX;XXXXX;5,5692910;XXXX;XXXX
12401;12401_B;Andrés;XXXX;XXXX;XXXXX;2,3426680;XXXX;XXXX
12401;12401_A;Maria;XXXX;XXXX;XXXXX;2,4223600;XXXX;XXXX
12401;12401_C;Sebstian;XXXX;XXXX;XXXXX;1,4440670;XXXX;XXXX
12401;12401_D;Andrés;XXXX;XXXX;XXXXX;1,1757220;XXXX;XXXX
12506;12506_B;Maria;XXXX;XXXX;XXXXX;2,2153080;XXXX;XXXX
12506;12506_C;Sebstian;XXXX;XXXX;XXXXX;2,4110800;XXXX;XXXX
12304;12304_B;Andrés;XXXX;XXXX;XXXXX;2,8753230;XXXX;XXXX
12300;12300;Maria;XXXX;XXXX;XXXXX;8,3655690;XXXX;XXXX
11973;11973_A;Sebstian;XXXX;XXXX;XXXXX;2,0029450;XXXX;XXXX
11973;11973_B;Andrés;XXXX;XXXX;XXXXX;0,5591930;XXXX;XXXX
11389;11389;Maria;XXXX;XXXX;XXXXX;6,4858790;XXXX;XXXX
10990;10990_A;Sebstian;XXXX;XXXX;XXXXX;3,5172900;XXXX;XXXX
10990;10990_B;Andrés;XXXX;XXXX;XXXXX;0,8776640;XXXX;XXXX
10601;10601;Maria;XXXX;XXXX;XXXXX;5,7463680;XXXX;XXXX
10389;10389_A;Sebstian;XXXX;XXXX;XXXXX;2,4634350;XXXX;XXXX
10389;10389_B;Andrés;XXXX;XXXX;XXXXX;3,8385580;XXXX;XXXX
10389;10389_C;Maria;XXXX;XXXX;XXXXX;2,7506170;XXXX;XXXX
10368;10368;Sebstian;XXXX;XXXX;XXXXX;5,1245150;XXXX;XXXX
9777;9777_A;Andrés;XXXX;XXXX;XXXXX;4,7833460;XXXX;XXXX
9777;9777_B;Maria;XXXX;XXXX;XXXXX;3,0392150;XXXX;XXXX
10590;10590_C;Sebstian;XXXX;XXXX;XXXXX;3,1075910;XXXX;XXXX
10590;10590_B;Andrés;XXXX;XXXX;XXXXX;0,4843460;XXXX;XXXX
10590;10590_A;Maria;XXXX;XXXX;XXXXX;1,0851870;XXXX;XXXX
10587;10587;Sebstian;XXXX;XXXX;XXXXX;11,9121900;XXXX;XXXX
12045;12045;Andrés;XXXX;XXXX;XXXXX;5,1236360;XXXX;XXXX
11151;11151_E;Maria;XXXX;XXXX;XXXXX;0,1546930;XXXX;XXXX
11151;11151_D;Sebstian;XXXX;XXXX;XXXXX;0,0556920;XXXX;XXXX
11151;11151_C;Andrés;XXXX;XXXX;XXXXX;2,6222220;XXXX;XXXX
11151;11151_B;Maria;XXXX;XXXX;XXXXX;0,8575630;XXXX;XXXX
11151;11151_A;Sebstian;XXXX;XXXX;XXXXX;0,4751470;XXXX;XXXX
10260;10260_A;Andrés;XXXX;XXXX;XXXXX;3,1172600;XXXX;XXXX
10525;10525_A;Maria;XXXX;XXXX;XXXXX;3,7264900;XXXX;XXXX
10525;10525_B;Sebstian;XXXX;XXXX;XXXXX;0,4984820;XXXX;XXXX
9888;9888_A;Andrés;XXXX;XXXX;XXXXX;2,9161700;XXXX;XXXX
9888;9888_B;Maria;XXXX;XXXX;XXXXX;2,0197040;XXXX;XXXX
10037;10037_B;Sebstian;XXXX;XXXX;XXXXX;4,0907510;XXXX;XXXX
11394;11394;Andrés;XXXX;XXXX;XXXXX;1,8702720;XXXX;XXXX
10508;10508;Maria;XXXX;XXXX;XXXXX;6,8454120;XXXX;XXXX
10176;10176;Sebstian;XXXX;XXXX;XXXXX;14,2795840;XXXX;XXXX
10514;10514_B;Andrés;XXXX;XXXX;XXXXX;5,4528570;XXXX;XXXX
10037;10037_A;Maria;XXXX;XXXX;XXXXX;1,7873400;XXXX;XXXX
10037;10037_D;Sebstian;XXXX;XXXX;XXXXX;1,7721650;XXXX;XXXX
10037;10037_C;Andrés;XXXX;XXXX;XXXXX;1,9921620;XXXX;XXXX
10960;10960;Maria;XXXX;XXXX;XXXXX;4,3460640;XXXX;XXXX
11280;11280_B;Sebstian;XXXX;XXXX;XXXXX;10,6422790;XXXX;XXXX
11973;11973_C;Andrés;XXXX;XXXX;XXXXX;0,3217070;XXXX;XXXX
11973;11973_D;Maria;XXXX;XXXX;XXXXX;1,1567360;XXXX;XXXX
12302;12302;Sebstian;XXXX;XXXX;XXXXX;4,9909580;XXXX;XXXX
9361;9361;Andrés;XXXX;XXXX;XXXXX;4,1141950;XXXX;XXXX
10450;10450_A;Maria;XXXX;XXXX;XXXXX;2,4046050;XXXX;XXXX
10450;10450_B;Sebstian;XXXX;XXXX;XXXXX;3,0349950;XXXX;XXXX
12171;12171_A;Andrés;XXXX;XXXX;XXXXX;9,5758710;XXXX;XXXX
12171;12171_B;Maria;XXXX;XXXX;XXXXX;2,0564950;XXXX;XXXX
11712;11712_A;Sebstian;XXXX;XXXX;XXXXX;1,5775130;XXXX;XXXX
11712;11712_B;Andrés;XXXX;XXXX;XXXXX;2,9603900;XXXX;XXXX
10741;10741_C;Maria;XXXX;XXXX;XXXXX;0,7637390;XXXX;XXXX
10741;10741_B;Sebstian;XXXX;XXXX;XXXXX;1,2348630;XXXX;XXXX
10741;10741_D;Andrés;XXXX;XXXX;XXXXX;0,9768680;XXXX;XXXX
10741;10741_A;Maria;XXXX;XXXX;XXXXX;6,8593920;XXXX;XXXX
12124;12124_A;Sebstian;XXXX;XXXX;XXXXX;6,2264560;XXXX;XXXX
12124;12124_B;Andrés;XXXX;XXXX;XXXXX;2,3902580;XXXX;XXXX
11474;11474_B;Maria;XXXX;XXXX;XXXXX;4,2529120;XXXX;XXXX
12004;12004;Sebstian;XXXX;XXXX;XXXXX;5,2454870;XXXX;XXXX
9158;9158;Andrés;XXXX;XXXX;XXXXX;8,6119570;XXXX;XXXX
11899;11899;Maria;XXXX;XXXX;XXXXX;5,7990580;XXXX;XXXX
9292;9292_A;Sebstian;XXXX;XXXX;XXXXX;6,9927400;XXXX;XXXX
9292;9292_B;Andrés;XXXX;XXXX;XXXXX;1,9225060;XXXX;XXXX
9371;9371_A;Maria;XXXX;XXXX;XXXXX;1,7045790;XXXX;XXXX
9371;9371_B;Sebstian;XXXX;XXXX;XXXXX;0,3368580;XXXX;XXXX
9551;9551_A;Andrés;XXXX;XXXX;XXXXX;0,4325320;XXXX;XXXX
9551;9551_B;Maria;XXXX;XXXX;XXXXX;2,1486510;XXXX;XXXX
9551;9551_C;Sebstian;XXXX;XXXX;XXXXX;0,4909390;XXXX;XXXX
9371;9371_C;Andrés;XXXX;XXXX;XXXXX;2,1137630;XXXX;XXXX
9134;9134;Maria;XXXX;XXXX;XXXXX;5,0966300;XXXX;XXXX
9140;9140_A;Sebstian;XXXX;XXXX;XXXXX;3,4973970;XXXX;XXXX
9140;9140_B;Andrés;XXXX;XXXX;XXXXX;0,6904380;XXXX;XXXX
9670;9670_A;Maria;XXXX;XXXX;XXXXX;1,6633910;XXXX;XXXX
9670;9670_B;Sebstian;XXXX;XXXX;XXXXX;3,7025360;XXXX;XXXX
9670;9670_C;Andrés;XXXX;XXXX;XXXXX;4,7654440;XXXX;XXXX
9560;9560_A;Maria;XXXX;XXXX;XXXXX;3,5343730;XXXX;XXXX
9560;9560_B;Sebstian;XXXX;XXXX;XXXXX;4,5033290;XXXX;XXXX
10242;10242_B;Andrés;XXXX;XXXX;XXXXX;2,9805480;XXXX;XXXX
10242;10242_C;Maria;XXXX;XXXX;XXXXX;0,9912700;XXXX;XXXX
10850;10850_A;Sebstian;XXXX;XXXX;XXXXX;4,0481240;XXXX;XXXX
10596;10596;Andrés;XXXX;XXXX;XXXXX;10,4308390;XXXX;XXXX
11286;11286_B;Maria;XXXX;XXXX;XXXXX;1,3902920;XXXX;XXXX
10850;10850_B;Sebstian;XXXX;XXXX;XXXXX;3,1506540;XXXX;XXXX
10809;10809_A;Andrés;XXXX;XXXX;XXXXX;2,0028880;XXXX;XXXX
11494;11494_A;Maria;XXXX;XXXX;XXXXX;2,1609310;XXXX;XXXX
12142;12142_A;Sebstian;XXXX;XXXX;XXXXX;1,7993860;XXXX;XXXX
10826;10826_A;Andrés;XXXX;XXXX;XXXXX;3,9775600;XXXX;XXXX
10826;10826_B;Maria;XXXX;XXXX;XXXXX;1,4906360;XXXX;XXXX
11494;11494_B;Sebstian;XXXX;XXXX;XXXXX;1,5648680;XXXX;XXXX
12142;12142_C;Andrés;XXXX;XXXX;XXXXX;1,6592320;XXXX;XXXX
10242;10242_A;Maria;XXXX;XXXX;XXXXX;1,3926860;XXXX;XXXX
11494;11494_C;Sebstian;XXXX;XXXX;XXXXX;0,5860250;XXXX;XXXX
10138;10138;Andrés;XXXX;XXXX;XXXXX;41,2618570;XXXX;XXXX
12142;12142_B;Maria;XXXX;XXXX;XXXXX;3,0883860;XXXX;XXXX
11286;11286_A;Sebstian;XXXX;XXXX;XXXXX;2,6520070;XXXX;XXXX
10380;10380;Andrés;XXXX;XXXX;XXXXX;5,9193030;XXXX;XXXX
12307;12307;Maria;XXXX;XXXX;XXXXX;6,2396950;XXXX;XXXX
12220;12220_B;Sebstian;XXXX;XXXX;XXXXX;0,5477380;XXXX;XXXX
12094;12094_A;Andrés;XXXX;XXXX;XXXXX;4,8548600;XXXX;XXXX
12220;12220_C;Maria;XXXX;XXXX;XXXXX;1,8503400;XXXX;XXXX
12220;12220_D;Sebstian;XXXX;XXXX;XXXXX;2,4105690;XXXX;XXXX
12094;12094_B;Andrés;XXXX;XXXX;XXXXX;0,4534680;XXXX;XXXX
12220;12220_A;Maria;XXXX;XXXX;XXXXX;4,3857950;XXXX;XXXX
10763;10763_A;Sebstian;XXXX;XXXX;XXXXX;4,7738570;XXXX;XXXX
10763;10763_B;Andrés;XXXX;XXXX;XXXXX;0,7225480;XXXX;XXXX
10763;10763_C;Maria;XXXX;XXXX;XXXXX;6,3638680;XXXX;XXXX
12321;12321_A;Sebstian;XXXX;XXXX;XXXXX;2,1026070;XXXX;XXXX
10407;10407;Andrés;XXXX;XXXX;XXXXX;4,9250460;XXXX;XXXX
12129;12129_B;Maria;XXXX;XXXX;XXXXX;1,8432760;XXXX;XXXX
12129;12129_A;Sebstian;XXXX;XXXX;XXXXX;2,1366710;XXXX;XXXX
12321;12321_C;Andrés;XXXX;XXXX;XXXXX;3,3785230;XXXX;XXXX
11179;11179;Maria;XXXX;XXXX;XXXXX;8,4172940;XXXX;XXXX
11206;11206_A;Sebstian;XXXX;XXXX;XXXXX;3,6538780;XXXX;XXXX
11206;11206_B;Andrés;XXXX;XXXX;XXXXX;3,6259750;XXXX;XXXX
10807;10807_A;Maria;XXXX;XXXX;XXXXX;1,5740630;XXXX;XXXX
10807;10807_B;Sebstian;XXXX;XXXX;XXXXX;4,3061670;XXXX;XXXX
12320;12320_A;Andrés;XXXX;XXXX;XXXXX;3,9847260;XXXX;XXXX
12320;12320_C;Maria;XXXX;XXXX;XXXXX;0,9701240;XXXX;XXXX
11797;11797_A;Sebstian;XXXX;XXXX;XXXXX;0,9926100;XXXX;XXXX
11797;11797_B;Andrés;XXXX;XXXX;XXXXX;2,8936450;XXXX;XXXX
10022;10022_A;Maria;XXXX;XXXX;XXXXX;1,4248690;XXXX;XXXX
10022;10022_B;Sebstian;XXXX;XXXX;XXXXX;4,1035910;XXXX;XXXX
12321;12321_B;Andrés;XXXX;XXXX;XXXXX;0,0508850;XXXX;XXXX
12320;12320_B;Maria;XXXX;XXXX;XXXXX;0,6443140;XXXX;XXXX
12313;12313_A;Sebstian;XXXX;XXXX;XXXXX;6,2558980;XXXX;XXXX
12313;12313_B;Andrés;XXXX;XXXX;XXXXX;1,2900580;XXXX;XXXX
12202;12202_A;Maria;XXXX;XXXX;XXXXX;0,4608430;XXXX;XXXX
12202;12202_B;Sebstian;XXXX;XXXX;XXXXX;0,6251950;XXXX;XXXX
12202;12202_C;Andrés;XXXX;XXXX;XXXXX;1,8033260;XXXX;XXXX
12202;12202_D;Maria;XXXX;XXXX;XXXXX;2,0044520;XXXX;XXXX
12202;12202_E;Sebstian;XXXX;XXXX;XXXXX;0,8294590;XXXX;XXXX
11758;11758;Andrés;XXXX;XXXX;XXXXX;4,6754940;XXXX;XXXX
12219;12219_A;Maria;XXXX;XXXX;XXXXX;5,8838710;XXXX;XXXX
12219;12219_B;Sebstian;XXXX;XXXX;XXXXX;1,0004420;XXXX;XXXX
12219;12219_C;Andrés;XXXX;XXXX;XXXXX;1,4608730;XXXX;XXXX
11290;11290;Maria;XXXX;XXXX;XXXXX;3,0327130;XXXX;XXXX
11352;11352_A;Sebstian;XXXX;XXXX;XXXXX;0,8595210;XXXX;XXXX
11352;11352_B;Andrés;XXXX;XXXX;XXXXX;7,1774490;XXXX;XXXX
11353;11353_B;Maria;XXXX;XXXX;XXXXX;2,6589200;XXXX;XXXX
11353;11353_C;Sebstian;XXXX;XXXX;XXXXX;0,4345050;XXXX;XXXX
11353;11353_D;Andrés;XXXX;XXXX;XXXXX;2,5236990;XXXX;XXXX
11353;11353_A;Maria;XXXX;XXXX;XXXXX;2,9894420;XXXX;XXXX
11085;11085_B;Sebstian;XXXX;XXXX;XXXXX;3,4880820;XXXX;XXXX
11085;11085_A;Andrés;XXXX;XXXX;XXXXX;0,5417840;XXXX;XXXX
11282;11282_A;Maria;XXXX;XXXX;XXXXX;3,7293430;XXXX;XXXX
11282;11282_B;Sebstian;XXXX;XXXX;XXXXX;0,3762760;XXXX;XXXX
10618;10618_A;Andrés;XXXX;XXXX;XXXXX;2,4969000;XXXX;XXXX
10618;10618_B;Maria;XXXX;XXXX;XXXXX;0,9566320;XXXX;XXXX
10618;10618_C;Sebstian;XXXX;XXXX;XXXXX;0,4826050;XXXX;XXXX
11481;11481_A;Andrés;XXXX;XXXX;XXXXX;6,3763610;XXXX;XXXX
11481;11481_B;Maria;XXXX;XXXX;XXXXX;2,0592570;XXXX;XXXX
12076;12076_A;Sebstian;XXXX;XXXX;XXXXX;2,1150540;XXXX;XXXX
12076;12076_B;Andrés;XXXX;XXXX;XXXXX;1,2223250;XXXX;XXXX
12076;12076_C;Maria;XXXX;XXXX;XXXXX;4,1969810;XXXX;XXXX
12105;12105;Sebstian;XXXX;XXXX;XXXXX;8,4076230;XXXX;XXXX
12106;12106;Andrés;XXXX;XXXX;XXXXX;5,6843560;XXXX;XXXX
12156;12156_A;Maria;XXXX;XXXX;XXXXX;3,0709730;XXXX;XXXX
12156;12156_B;Sebstian;XXXX;XXXX;XXXXX;11,7126920;XXXX;XXXX
12174;12174;Andrés;XXXX;XXXX;XXXXX;4,0007560;XXXX;XXXX
12200;12200;Maria;XXXX;XXXX;XXXXX;5,4941990;XXXX;XXXX
10235;10235;Sebstian;XXXX;XXXX;XXXXX;9,6551470;XXXX;XXXX
11631;11631_A;Andrés;XXXX;XXXX;XXXXX;1,4911430;XXXX;XXXX
11631;11631_B;Maria;XXXX;XXXX;XXXXX;1,5307880;XXXX;XXXX
11631;11631_C;Sebstian;XXXX;XXXX;XXXXX;1,4509140;XXXX;XXXX
10510;10510_A;Andrés;XXXX;XXXX;XXXXX;4,3212230;XXXX;XXXX
10510;10510_B;Maria;XXXX;XXXX;XXXXX;1,9550410;XXXX;XXXX
11952;11952;Sebstian;XXXX;XXXX;XXXXX;4,8317130;XXXX;XXXX
11393;11393_B;Andrés;XXXX;XXXX;XXXXX;3,7805880;XXXX;XXXX
11393;11393_C;Maria;XXXX;XXXX;XXXXX;1,2111950;XXXX;XXXX
11393;11393_A;Sebstian;XXXX;XXXX;XXXXX;1,4553590;XXXX;XXXX
12173;12173;Andrés;XXXX;XXXX;XXXXX;4,1473350;XXXX;XXXX
10097;10097_B;Maria;XXXX;XXXX;XXXXX;2,0935920;XXXX;XXXX
10097;10097_A;Sebstian;XXXX;XXXX;XXXXX;5,6976650;XXXX;XXXX
11638;11638;Andrés;XXXX;XXXX;XXXXX;6,4547330;XXXX;XXXX
10278;10278;Maria;XXXX;XXXX;XXXXX;4,2211290;XXXX;XXXX
12041;12041;Sebstian;XXXX;XXXX;XXXXX;6,3279130;XXXX;XXXX
10279;10279;Andrés;XXXX;XXXX;XXXXX;5,4712990;XXXX;XXXX
9796;9796;Maria;XXXX;XXXX;XXXXX;4,5404560;XXXX;XXXX
10285;10285_A;Sebstian;XXXX;XXXX;XXXXX;2,7209660;XXXX;XXXX
10285;10285_B;Andrés;XXXX;XXXX;XXXXX;1,0061980;XXXX;XXXX
10285;10285_C;Maria;XXXX;XXXX;XXXXX;1,9227110;XXXX;XXXX
10947;10947;Sebstian;XXXX;XXXX;XXXXX;4,6423670;XXXX;XXXX
12028;12028_B;Andrés;XXXX;XXXX;XXXXX;0,4081320;XXXX;XXXX
12028;12028_A;Maria;XXXX;XXXX;XXXXX;1,7087920;XXXX;XXXX
12028;12028_C;Sebstian;XXXX;XXXX;XXXXX;1,9683750;XXXX;XXXX
11387;11387;Andrés;XXXX;XXXX;XXXXX;6,1375680;XXXX;XXXX
10091;10091_A;Maria;XXXX;XXXX;XXXXX;1,4358790;XXXX;XXXX
10091;10091_B;Sebstian;XXXX;XXXX;XXXXX;1,5889510;XXXX;XXXX
10091;10091_C;Andrés;XXXX;XXXX;XXXXX;0,9842680;XXXX;XXXX
12206;12206;Maria;XXXX;XXXX;XXXXX;7,7768300;XXXX;XXXX
12116;12116_A;Sebstian;XXXX;XXXX;XXXXX;3,6415430;XXXX;XXXX
12116;12116_B;Andrés;XXXX;XXXX;XXXXX;3,3323570;XXXX;XXXX
12116;12116_C;Maria;XXXX;XXXX;XXXXX;0,8358170;XXXX;XXXX
12116;12116_D;Sebstian;XXXX;XXXX;XXXXX;7,1796190;XXXX;XXXX
10286;10286;Andrés;XXXX;XXXX;XXXXX;4,0257130;XXXX;XXXX
10287;10287_A;Maria;XXXX;XXXX;XXXXX;3,6309370;XXXX;XXXX
10287;10287_B;Sebstian;XXXX;XXXX;XXXXX;1,2741540;XXXX;XXXX
10287;10287_C;Andrés;XXXX;XXXX;XXXXX;0,9560420;XXXX;XXXX
11409;11409_A;Maria;XXXX;XXXX;XXXXX;1,5355250;XXXX;XXXX
11409;11409_B;Sebstian;XXXX;XXXX;XXXXX;1,0286360;XXXX;XXXX
11409;11409_C;Andrés;XXXX;XXXX;XXXXX;1,1814700;XXXX;XXXX
11409;11409_D;Maria;XXXX;XXXX;XXXXX;0,7580610;XXXX;XXXX
12104;12104;Sebstian;XXXX;XXXX;XXXXX;4,9893250;XXXX;XXXX
10296;10296_A;Andrés;XXXX;XXXX;XXXXX;2,8472900;XXXX;XXXX
10296;10296_B;Maria;XXXX;XXXX;XXXXX;1,7344960;XXXX;XXXX
10505;10505_A;Sebstian;XXXX;XXXX;XXXXX;1,0728950;XXXX;XXXX
10505;10505_B;Andrés;XXXX;XXXX;XXXXX;4,8214600;XXXX;XXXX
11588;11588;Maria;XXXX;XXXX;XXXXX;4,7237390;XXXX;XXXX
10515;10515;Sebstian;XXXX;XXXX;XXXXX;5,0211770;XXXX;XXXX
10299;10299_A;Andrés;XXXX;XXXX;XXXXX;9,3959310;XXXX;XXXX
10299;10299_B;Maria;XXXX;XXXX;XXXXX;1,6619890;XXXX;XXXX
10299;10299_C;Sebstian;XXXX;XXXX;XXXXX;0,7871830;XXXX;XXXX
10288;10288_A;Andrés;XXXX;XXXX;XXXXX;1,0031240;XXXX;XXXX
10288;10288_B;Maria;XXXX;XXXX;XXXXX;2,0289320;XXXX;XXXX
10288;10288_C;Sebstian;XXXX;XXXX;XXXXX;2,2286090;XXXX;XXXX
10289;10289;Andrés;XXXX;XXXX;XXXXX;4,2951900;XXXX;XXXX
10301;10301_A;Maria;XXXX;XXXX;XXXXX;0,7191870;XXXX;XXXX
10301;10301_B;Sebstian;XXXX;XXXX;XXXXX;2,1309590;XXXX;XXXX
10301;10301_C;Andrés;XXXX;XXXX;XXXXX;1,0266040;XXXX;XXXX
11589;11589_A;Maria;XXXX;XXXX;XXXXX;7,6725170;XXXX;XXXX
11589;11589_B;Sebstian;XXXX;XXXX;XXXXX;2,9013700;XXXX;XXXX
10723;10723;Andrés;XXXX;XXXX;XXXXX;7,3784780;XXXX;XXXX
12177;12177;Maria;XXXX;XXXX;XXXXX;4,3586020;XXXX;XXXX
11432;11432_A;Sebstian;XXXX;XXXX;XXXXX;3,6781220;XXXX;XXXX
11912;11912;Andrés;XXXX;XXXX;XXXXX;11,1660350;XXXX;XXXX
11943;11943;Maria;XXXX;XXXX;XXXXX;5,4182940;XXXX;XXXX
10106;10106;Sebstian;XXXX;XXXX;XXXXX;4,9753050;XXXX;XXXX
12489;12489_B;Andrés;XXXX;XXXX;XXXXX;0,9423320;XXXX;XXXX
12489;12489_A;Maria;XXXX;XXXX;XXXXX;2,9964240;XXXX;XXXX
12040;12040_C;Sebstian;XXXX;XXXX;XXXXX;1,7894870;XXXX;XXXX
12040;12040_B;Andrés;XXXX;XXXX;XXXXX;4,1346710;XXXX;XXXX
12040;12040_A;Maria;XXXX;XXXX;XXXXX;2,4246870;XXXX;XXXX
12203;12203;Sebstian;XXXX;XXXX;XXXXX;7,8662800;XXXX;XXXX
11605;11605_B;Andrés;XXXX;XXXX;XXXXX;2,2000070;XXXX;XXXX
11605;11605_A;Maria;XXXX;XXXX;XXXXX;2,3657700;XXXX;XXXX
11941;11941;Sebstian;XXXX;XXXX;XXXXX;4,3790060;XXXX;XXXX
11670;11670;Andrés;XXXX;XXXX;XXXXX;4,9740970;XXXX;XXXX
10716;10716;Maria;XXXX;XXXX;XXXXX;4,1362230;XXXX;XXXX
10727;10727_B;Sebstian;XXXX;XXXX;XXXXX;1,9404390;XXXX;XXXX
10727;10727_A;Andrés;XXXX;XXXX;XXXXX;5,6563780;XXXX;XXXX
10727;10727_C;Maria;XXXX;XXXX;XXXXX;2,3524610;XXXX;XXXX
10720;10720_B;Sebstian;XXXX;XXXX;XXXXX;0,9915730;XXXX;XXXX
10720;10720_C;Andrés;XXXX;XXXX;XXXXX;0,8960120;XXXX;XXXX
10720;10720_A;Maria;XXXX;XXXX;XXXXX;3,7127900;XXXX;XXXX
10116;10116_B;Sebstian;XXXX;XXXX;XXXXX;4,8731090;XXXX;XXXX
10116;10116_A;Andrés;XXXX;XXXX;XXXXX;3,7459290;XXXX;XXXX
11335;11335_A;Maria;XXXX;XXXX;XXXXX;3,6749170;XXXX;XXXX
12067;12067;Sebstian;XXXX;XXXX;XXXXX;5,9602780;XXXX;XXXX
12101;12101;Andrés;XXXX;XXXX;XXXXX;4,3016770;XXXX;XXXX
12148;12148_C;Maria;XXXX;XXXX;XXXXX;0,4962230;XXXX;XXXX
12148;12148_D;Sebstian;XXXX;XXXX;XXXXX;0,4958800;XXXX;XXXX
12148;12148_A;Andrés;XXXX;XXXX;XXXXX;1,5588030;XXXX;XXXX
12148;12148_B;Maria;XXXX;XXXX;XXXXX;3,6754750;XXXX;XXXX
12191;12191;Sebstian;XXXX;XXXX;XXXXX;4,7080380;XXXX;XXXX
10370;10370;Andrés;XXXX;XXXX;XXXXX;11,0171730;XXXX;XXXX
10528;10528;Maria;XXXX;XXXX;XXXXX;5,9599650;XXXX;XXXX
10570;10570;Sebstian;XXXX;XXXX;XXXXX;15,3979150;XXXX;XXXX
10572;10572_A;Andrés;XXXX;XXXX;XXXXX;0,4469090;XXXX;XXXX
10572;10572_B;Maria;XXXX;XXXX;XXXXX;1,2116240;XXXX;XXXX
10572;10572_C;Sebstian;XXXX;XXXX;XXXXX;4,4201050;XXXX;XXXX
10572;10572_D;Andrés;XXXX;XXXX;XXXXX;0,5457350;XXXX;XXXX
10573;10573;Maria;XXXX;XXXX;XXXXX;10,4112840;XXXX;XXXX
10574;10574_B;Sebstian;XXXX;XXXX;XXXXX;1,3503390;XXXX;XXXX
10574;10574_C;Andrés;XXXX;XXXX;XXXXX;1,5495220;XXXX;XXXX
10574;10574_A;Maria;XXXX;XXXX;XXXXX;2,5428670;XXXX;XXXX
10576;10576_B;Sebstian;XXXX;XXXX;XXXXX;3,9732330;XXXX;XXXX
10576;10576_A;Andrés;XXXX;XXXX;XXXXX;2,6816760;XXXX;XXXX
10577;10577;Maria;XXXX;XXXX;XXXXX;3,8688570;XXXX;XXXX
10580;10580_C;Sebstian;XXXX;XXXX;XXXXX;0,5062160;XXXX;XXXX
10580;10580_A;Andrés;XXXX;XXXX;XXXXX;3,1687390;XXXX;XXXX
10584;10584;Maria;XXXX;XXXX;XXXXX;5,0263270;XXXX;XXXX
11008;11008_D;Sebstian;XXXX;XXXX;XXXXX;0,6152990;XXXX;XXXX
11008;11008_E;Andrés;XXXX;XXXX;XXXXX;1,0322540;XXXX;XXXX
11008;11008_A;Maria;XXXX;XXXX;XXXXX;4,7485940;XXXX;XXXX
11008;11008_B;Sebstian;XXXX;XXXX;XXXXX;1,2415440;XXXX;XXXX
11008;11008_C;Andrés;XXXX;XXXX;XXXXX;1,8671860;XXXX;XXXX
11011;11011_B;Maria;XXXX;XXXX;XXXXX;0,4171040;XXXX;XXXX
11011;11011_A;Sebstian;XXXX;XXXX;XXXXX;5,0858360;XXXX;XXXX
11014;11014;Andrés;XXXX;XXXX;XXXXX;6,9931780;XXXX;XXXX
11017;11017_C;Maria;XXXX;XXXX;XXXXX;0,8241730;XXXX;XXXX
11017;11017_D;Sebstian;XXXX;XXXX;XXXXX;0,5156720;XXXX;XXXX
11017;11017_A;Andrés;XXXX;XXXX;XXXXX;3,9036150;XXXX;XXXX
11017;11017_B;Maria;XXXX;XXXX;XXXXX;1,2316400;XXXX;XXXX
11035;11035_B;Sebstian;XXXX;XXXX;XXXXX;5,6624400;XXXX;XXXX
11035;11035_A;Andrés;XXXX;XXXX;XXXXX;2,6816760;XXXX;XXXX
11044;11044;Maria;XXXX;XXXX;XXXXX;3,9734280;XXXX;XXXX
11046;11046_B;Sebstian;XXXX;XXXX;XXXXX;2,0457640;XXXX;XXXX
11046;11046_A;Andrés;XXXX;XXXX;XXXXX;4,2718030;XXXX;XXXX
11050;11050_C;Maria;XXXX;XXXX;XXXXX;0,5761910;XXXX;XXXX
11051;11051_B;Sebstian;XXXX;XXXX;XXXXX;0,5359270;XXXX;XXXX
11051;11051_A;Andrés;XXXX;XXXX;XXXXX;3,4761840;XXXX;XXXX
11065;11065_C;Maria;XXXX;XXXX;XXXXX;2,4833250;XXXX;XXXX
11065;11065_D;Sebstian;XXXX;XXXX;XXXXX;1,2411190;XXXX;XXXX
11065;11065_A;Andrés;XXXX;XXXX;XXXXX;1,1619180;XXXX;XXXX
11065;11065_B;Maria;XXXX;XXXX;XXXXX;2,5332430;XXXX;XXXX
11069;11069_B;Sebstian;XXXX;XXXX;XXXXX;3,2778140;XXXX;XXXX
11069;11069_A;Andrés;XXXX;XXXX;XXXXX;3,9738370;XXXX;XXXX
11103;11103;Maria;XXXX;XXXX;XXXXX;4,6782360;XXXX;XXXX
11303;11303_B;Sebstian;XXXX;XXXX;XXXXX;1,4499010;XXXX;XXXX
11303;11303_A;Andrés;XXXX;XXXX;XXXXX;2,9997280;XXXX;XXXX
11334;11334_A;Maria;XXXX;XXXX;XXXXX;10,4210970;XXXX;XXXX
11334;11334_B;Sebstian;XXXX;XXXX;XXXXX;2,4430430;XXXX;XXXX
11050;11050_D;Andrés;XXXX;XXXX;XXXXX;1,9865420;XXXX;XXXX
11050;11050_A;Maria;XXXX;XXXX;XXXXX;6,3082740;XXXX;XXXX
11050;11050_B;Sebstian;XXXX;XXXX;XXXXX;0,5760530;XXXX;XXXX
10580;10580_B;Andrés;XXXX;XXXX;XXXXX;0,5064490;XXXX;XXXX
11335;11335_B;Maria;XXXX;XXXX;XXXXX;1,1619690;XXXX;XXXX
11169;11169_A;Sebstian;XXXX;XXXX;XXXXX;0,6171600;XXXX;XXXX
11169;11169_B;Andrés;XXXX;XXXX;XXXXX;3,9952330;XXXX;XXXX
11169;11169_C;Maria;XXXX;XXXX;XXXXX;2,4872370;XXXX;XXXX
10925;10925_A;Sebstian;XXXX;XXXX;XXXXX;1,5997170;XXXX;XXXX
10925;10925_B;Andrés;XXXX;XXXX;XXXXX;2,6692280;XXXX;XXXX
10211;10211_C;Maria;XXXX;XXXX;XXXXX;0,9977520;XXXX;XXXX
11810;11810;Sebstian;XXXX;XXXX;XXXXX;8,0863650;XXXX;XXXX
9956;9956;Andrés;XXXX;XXXX;XXXXX;42,2420490;XXXX;XXXX
9986;9986;Maria;XXXX;XXXX;XXXXX;17,9012740;XXXX;XXXX
9991;9991_A;Sebstian;XXXX;XXXX;XXXXX;13,9801140;XXXX;XXXX
9991;9991_B;Andrés;XXXX;XXXX;XXXXX;2,6855060;XXXX;XXXX
9993;9993;Maria;XXXX;XXXX;XXXXX;7,0226130;XXXX;XXXX
9574;9574;Sebstian;XXXX;XXXX;XXXXX;6,0151890;XXXX;XXXX
9533;9533_A;Andrés;XXXX;XXXX;XXXXX;2,9930920;XXXX;XXXX
9281;9281_C;Maria;XXXX;XXXX;XXXXX;0,1270410;XXXX;XXXX
9281;9281_A;Sebstian;XXXX;XXXX;XXXXX;2,9206150;XXXX;XXXX
9281;9281_D;Andrés;XXXX;XXXX;XXXXX;0,1231790;XXXX;XXXX
9281;9281_B;Maria;XXXX;XXXX;XXXXX;1,7371280;XXXX;XXXX
9622;9622_A;Sebstian;XXXX;XXXX;XXXXX;1,9030910;XXXX;XXXX
9622;9622_B;Andrés;XXXX;XXXX;XXXXX;3,0356270;XXXX;XXXX
9121;9121;Maria;XXXX;XXXX;XXXXX;3,4334090;XXXX;XXXX
9501;9501;Sebstian;XXXX;XXXX;XXXXX;2,1684440;XXXX;XXXX
9622;9622_C;Andrés;XXXX;XXXX;XXXXX;2,6431080;XXXX;XXXX
9116;9116_A;Maria;XXXX;XXXX;XXXXX;0,7837400;XXXX;XXXX
9116;9116_B;Sebstian;XXXX;XXXX;XXXXX;3,4672210;XXXX;XXXX
9120;9120_B;Andrés;XXXX;XXXX;XXXXX;2,7770100;XXXX;XXXX
9741;9741;Maria;XXXX;XXXX;XXXXX;3,1009290;XXXX;XXXX
9206;9206_B;Sebstian;XXXX;XXXX;XXXXX;0,9523380;XXXX;XXXX
9206;9206_A;Andrés;XXXX;XXXX;XXXXX;3,0116620;XXXX;XXXX
10023;10023_A;Maria;XXXX;XXXX;XXXXX;7,6371890;XXXX;XXXX
12120;12120_D;Sebstian;XXXX;XXXX;XXXXX;0,9416610;XXXX;XXXX
12120;12120_C;Andrés;XXXX;XXXX;XXXXX;2,7829710;XXXX;XXXX
12120;12120_B;Maria;XXXX;XXXX;XXXXX;1,9874080;XXXX;XXXX
12120;12120_A;Sebstian;XXXX;XXXX;XXXXX;1,4115710;XXXX;XXXX
11248;11248_B;Andrés;XXXX;XXXX;XXXXX;0,9123120;XXXX;XXXX
11248;11248_A;Maria;XXXX;XXXX;XXXXX;6,2475850;XXXX;XXXX
10681;10681_B;Sebstian;XXXX;XXXX;XXXXX;2,4899330;XXXX;XXXX
10681;10681_A;Andrés;XXXX;XXXX;XXXXX;2,6031390;XXXX;XXXX
9964;9964;Maria;XXXX;XXXX;XXXXX;6,3934280;XXXX;XXXX
10679;10679;Sebstian;XXXX;XXXX;XXXXX;3,9730840;XXXX;XXXX
11723;11723;Andrés;XXXX;XXXX;XXXXX;6,9604510;XXXX;XXXX
12181;12181;Maria;XXXX;XXXX;XXXXX;8,3228790;XXXX;XXXX
10672;10672;Sebstian;XXXX;XXXX;XXXXX;4,9779440;XXXX;XXXX
11261;11261;Andrés;XXXX;XXXX;XXXXX;4,1822350;XXXX;XXXX
9938;9938;Maria;XXXX;XXXX;XXXXX;4,9798980;XXXX;XXXX
9939;9939;Sebstian;XXXX;XXXX;XXXXX;4,6756490;XXXX;XXXX
11878;11878_A;Andrés;XXXX;XXXX;XXXXX;6,0078210;XXXX;XXXX
11878;11878_B;Maria;XXXX;XXXX;XXXXX;10,0402070;XXXX;XXXX
10908;10908_A;Sebstian;XXXX;XXXX;XXXXX;9,2838740;XXXX;XXXX
10908;10908_B;Andrés;XXXX;XXXX;XXXXX;5,1753510;XXXX;XXXX
10908;10908_C;Maria;XXXX;XXXX;XXXXX;7,4303600;XXXX;XXXX
9948;9948;Sebstian;XXXX;XXXX;XXXXX;10,3170000;XXXX;XXXX
9928;9928;Andrés;XXXX;XXXX;XXXXX;5,2067400;XXXX;XXXX
9795;9795_A;Maria;XXXX;XXXX;XXXXX;5,8843430;XXXX;XXXX
9795;9795_B;Sebstian;XXXX;XXXX;XXXXX;3,9556060;XXXX;XXXX
11577;11577_E;Andrés;XXXX;XXXX;XXXXX;2,9684130;XXXX;XXXX
10895;10895;Maria;XXXX;XXXX;XXXXX;11,6303220;XXXX;XXXX
12044;12044_C;Sebstian;XXXX;XXXX;XXXXX;2,3728840;XXXX;XXXX
12044;12044_B;Andrés;XXXX;XXXX;XXXXX;5,7753170;XXXX;XXXX
12044;12044_A;Maria;XXXX;XXXX;XXXXX;4,4209590;XXXX;XXXX
10167;10167_B;Sebstian;XXXX;XXXX;XXXXX;5,3169680;XXXX;XXXX
10167;10167_A;Andrés;XXXX;XXXX;XXXXX;4,9871070;XXXX;XXXX
11577;11577_D;Maria;XXXX;XXXX;XXXXX;2,6173680;XXXX;XXXX
11485;11485_B;Sebstian;XXXX;XXXX;XXXXX;1,4649240;XXXX;XXXX
11485;11485_A;Andrés;XXXX;XXXX;XXXXX;7,9739060;XXXX;XXXX
11577;11577_C;Maria;XXXX;XXXX;XXXXX;2,3552810;XXXX;XXXX
11577;11577_B;Sebstian;XXXX;XXXX;XXXXX;1,7959100;XXXX;XXXX
11995;11995;Andrés;XXXX;XXXX;XXXXX;7,5681680;XXXX;XXXX
12020;12020;Maria;XXXX;XXXX;XXXXX;4,5849930;XXXX;XXXX
12097;12097;Sebstian;XXXX;XXXX;XXXXX;9,3207250;XXXX;XXXX
10226;10226_D;Andrés;XXXX;XXXX;XXXXX;3,8817120;XXXX;XXXX
10226;10226_C;Maria;XXXX;XXXX;XXXXX;1,6832890;XXXX;XXXX
10226;10226_B;Sebstian;XXXX;XXXX;XXXXX;1,6770990;XXXX;XXXX
10226;10226_A;Andrés;XXXX;XXXX;XXXXX;1,0570030;XXXX;XXXX
11736;11736_B;Maria;XXXX;XXXX;XXXXX;3,9728750;XXXX;XXXX
11736;11736_A;Sebstian;XXXX;XXXX;XXXXX;2,3602300;XXXX;XXXX
10880;10880_E;Andrés;XXXX;XXXX;XXXXX;3,0613870;XXXX;XXXX
10880;10880_C;Maria;XXXX;XXXX;XXXXX;1,5242580;XXXX;XXXX
10880;10880_A;Sebstian;XXXX;XXXX;XXXXX;2,1702090;XXXX;XXXX
10880;10880_D;Andrés;XXXX;XXXX;XXXXX;1,5709470;XXXX;XXXX
10880;10880_F;Maria;XXXX;XXXX;XXXXX;2,2433290;XXXX;XXXX
10880;10880_B;Sebstian;XXXX;XXXX;XXXXX;1,9664300;XXXX;XXXX
10881;10881_B;Andrés;XXXX;XXXX;XXXXX;0,4976660;XXXX;XXXX
10881;10881_D;Maria;XXXX;XXXX;XXXXX;1,4116660;XXXX;XXXX
10881;10881_F;Sebstian;XXXX;XXXX;XXXXX;0,1405870;XXXX;XXXX
10881;10881_A;Andrés;XXXX;XXXX;XXXXX;0,5025690;XXXX;XXXX
10881;10881_E;Maria;XXXX;XXXX;XXXXX;2,7633530;XXXX;XXXX
10881;10881_C;Sebstian;XXXX;XXXX;XXXXX;0,5037140;XXXX;XXXX
10237;10237;Andrés;XXXX;XXXX;XXXXX;4,9804100;XXXX;XXXX
10891;10891_B;Maria;XXXX;XXXX;XXXXX;4,0806550;XXXX;XXXX
10882;10882_C;Sebstian;XXXX;XXXX;XXXXX;3,0015580;XXXX;XXXX
10882;10882_A;Andrés;XXXX;XXXX;XXXXX;0,7971500;XXXX;XXXX
10882;10882_B;Maria;XXXX;XXXX;XXXXX;2,7163410;XXXX;XXXX
10125;10125_A;Sebstian;XXXX;XXXX;XXXXX;2,9835090;XXXX;XXXX
10125;10125_B;Andrés;XXXX;XXXX;XXXXX;2,1356740;XXXX;XXXX
11577;11577_A;Maria;XXXX;XXXX;XXXXX;2,0362210;XXXX;XXXX
10891;10891_A;Sebstian;XXXX;XXXX;XXXXX;2,4028010;XXXX;XXXX
10164;10164_A;Andrés;XXXX;XXXX;XXXXX;5,9581960;XXXX;XXXX
10164;10164_B;Maria;XXXX;XXXX;XXXXX;2,1726470;XXXX;XXXX
10735;10735;Sebstian;XXXX;XXXX;XXXXX;5,3818990;XXXX;XXXX
10982;10982_A;Andrés;XXXX;XXXX;XXXXX;2,9454730;XXXX;XXXX
10982;10982_B;Maria;XXXX;XXXX;XXXXX;4,1452710;XXXX;XXXX
10205;10205_A;Sebstian;XXXX;XXXX;XXXXX;2,2183200;XXXX;XXXX
10205;10205_B;Andrés;XXXX;XXXX;XXXXX;2,2626860;XXXX;XXXX
10142;10142;Maria;XXXX;XXXX;XXXXX;5,8808590;XXXX;XXXX
11682;11682_A;Sebstian;XXXX;XXXX;XXXXX;2,2478340;XXXX;XXXX
11682;11682_B;Andrés;XXXX;XXXX;XXXXX;0,9586960;XXXX;XXXX
11682;11682_C;Maria;XXXX;XXXX;XXXXX;1,1955460;XXXX;XXXX
10992;10992_A;Sebstian;XXXX;XXXX;XXXXX;1,2124050;XXXX;XXXX
10992;10992_B;Andrés;XXXX;XXXX;XXXXX;1,5433260;XXXX;XXXX
10992;10992_C;Maria;XXXX;XXXX;XXXXX;1,5684200;XXXX;XXXX
11301;11301_A;Sebstian;XXXX;XXXX;XXXXX;2,1156460;XXXX;XXXX
11301;11301_B;Andrés;XXXX;XXXX;XXXXX;0,7368990;XXXX;XXXX
11301;11301_C;Maria;XXXX;XXXX;XXXXX;2,2160510;XXXX;XXXX
10731;10731_A;Sebstian;XXXX;XXXX;XXXXX;5,4407670;XXXX;XXXX
10731;10731_B;Andrés;XXXX;XXXX;XXXXX;4,2972070;XXXX;XXXX
11779;11779_A;Maria;XXXX;XXXX;XXXXX;1,1475170;XXXX;XXXX
11779;11779_B;Sebstian;XXXX;XXXX;XXXXX;3,9015240;XXXX;XXXX
11779;11779_C;Andrés;XXXX;XXXX;XXXXX;2,7221100;XXXX;XXXX
11779;11779_D;Maria;XXXX;XXXX;XXXXX;0,3919830;XXXX;XXXX
10282;10282_A;Sebstian;XXXX;XXXX;XXXXX;3,7604000;XXXX;XXXX
10282;10282_B;Andrés;XXXX;XXXX;XXXXX;0,3507220;XXXX;XXXX
10953;10953;Maria;XXXX;XXXX;XXXXX;11,9163230;XXXX;XXXX
11761;11761;Sebstian;XXXX;XXXX;XXXXX;4,5864970;XXXX;XXXX
11377;11377_A;Andrés;XXXX;XXXX;XXXXX;7,3258040;XXXX;XXXX
11377;11377_B;Maria;XXXX;XXXX;XXXXX;2,5991920;XXXX;XXXX
10995;10995_A;Sebstian;XXXX;XXXX;XXXXX;3,4877130;XXXX;XXXX
10995;10995_B;Andrés;XXXX;XXXX;XXXXX;8,5671850;XXXX;XXXX
10995;10995_C;Maria;XXXX;XXXX;XXXXX;4,5563920;XXXX;XXXX
11786;11786_A;Sebstian;XXXX;XXXX;XXXXX;3,2337650;XXXX;XXXX
11786;11786_B;Andrés;XXXX;XXXX;XXXXX;0,6767420;XXXX;XXXX
11786;11786_C;Maria;XXXX;XXXX;XXXXX;2,8154910;XXXX;XXXX
10996;10996_A;Sebstian;XXXX;XXXX;XXXXX;3,0825350;XXXX;XXXX
10996;10996_B;Andrés;XXXX;XXXX;XXXXX;1,0059540;XXXX;XXXX
10996;10996_C;Maria;XXXX;XXXX;XXXXX;7,6562800;XXXX;XXXX
11771;11771_A;Sebstian;XXXX;XXXX;XXXXX;0,5398730;XXXX;XXXX
11771;11771_B;Andrés;XXXX;XXXX;XXXXX;2,4735340;XXXX;XXXX
11771;11771_C;Maria;XXXX;XXXX;XXXXX;0,6186990;XXXX;XXXX
11771;11771_D;Sebstian;XXXX;XXXX;XXXXX;1,2045900;XXXX;XXXX
11771;11771_E;Andrés;XXXX;XXXX;XXXXX;0,7289080;XXXX;XXXX
11806;11806_A;Maria;XXXX;XXXX;XXXXX;0,5360940;XXXX;XXXX
11806;11806_B;Sebstian;XXXX;XXXX;XXXXX;4,3559220;XXXX;XXXX
11806;11806_C;Andrés;XXXX;XXXX;XXXXX;2,4692820;XXXX;XXXX
11806;11806_D;Maria;XXXX;XXXX;XXXXX;3,6642530;XXXX;XXXX
11680;11680_A;Sebstian;XXXX;XXXX;XXXXX;1,5396950;XXXX;XXXX
11680;11680_B;Andrés;XXXX;XXXX;XXXXX;3,3937520;XXXX;XXXX
11680;11680_C;Maria;XXXX;XXXX;XXXXX;4,5528520;XXXX;XXXX
10979;10979_A;Sebstian;XXXX;XXXX;XXXXX;2,2426420;XXXX;XXXX
10979;10979_B;Andrés;XXXX;XXXX;XXXXX;2,4885380;XXXX;XXXX
11730;11730_A;Maria;XXXX;XXXX;XXXXX;0,8044540;XXXX;XXXX
11730;11730_B;Sebstian;XXXX;XXXX;XXXXX;3,5006930;XXXX;XXXX
11730;11730_C;Andrés;XXXX;XXXX;XXXXX;0,4534190;XXXX;XXXX
11948;11948;Maria;XXXX;XXXX;XXXXX;4,4731580;XXXX;XXXX
11804;11804;Sebstian;XXXX;XXXX;XXXXX;7,5549430;XXXX;XXXX
11337;11337;Andrés;XXXX;XXXX;XXXXX;4,2731910;XXXX;XXXX
10972;10972_A;Maria;XXXX;XXXX;XXXXX;0,6408610;XXXX;XXXX
10972;10972_B;Sebstian;XXXX;XXXX;XXXXX;5,1526560;XXXX;XXXX
10972;10972_C;Andrés;XXXX;XXXX;XXXXX;3,4675470;XXXX;XXXX
10730;10730_A;Maria;XXXX;XXXX;XXXXX;2,6924720;XXXX;XXXX
10730;10730_B;Sebstian;XXXX;XXXX;XXXXX;3,4207570;XXXX;XXXX
10951;10951_A;Andrés;XXXX;XXXX;XXXXX;2,5729830;XXXX;XXXX
10951;10951_B;Maria;XXXX;XXXX;XXXXX;2,5061440;XXXX;XXXX
11097;11097_A;Sebstian;XXXX;XXXX;XXXXX;1,0675150;XXXX;XXXX
11097;11097_B;Andrés;XXXX;XXXX;XXXXX;3,3302130;XXXX;XXXX
11097;11097_C;Maria;XXXX;XXXX;XXXXX;0,2772720;XXXX;XXXX
10767;10767_A;Sebstian;XXXX;XXXX;XXXXX;4,3232080;XXXX;XXXX
10767;10767_B;Andrés;XXXX;XXXX;XXXXX;1,9842130;XXXX;XXXX
11530;11530_A;Maria;XXXX;XXXX;XXXXX;0,8492150;XXXX;XXXX
11530;11530_B;Sebstian;XXXX;XXXX;XXXXX;2,2293070;XXXX;XXXX
11530;11530_C;Andrés;XXXX;XXXX;XXXXX;2,9453810;XXXX;XXXX
11560;11560_A;Maria;XXXX;XXXX;XXXXX;1,9238570;XXXX;XXXX
11560;11560_B;Sebstian;XXXX;XXXX;XXXXX;2,3977680;XXXX;XXXX
11560;11560_C;Andrés;XXXX;XXXX;XXXXX;2,5789630;XXXX;XXXX
10774;10774_A;Maria;XXXX;XXXX;XXXXX;2,0392490;XXXX;XXXX
10774;10774_B;Sebstian;XXXX;XXXX;XXXXX;5,3044100;XXXX;XXXX
11555;11555_A;Andrés;XXXX;XXXX;XXXXX;1,9997960;XXXX;XXXX
11555;11555_B;Maria;XXXX;XXXX;XXXXX;4,4650650;XXXX;XXXX
12127;12127;Sebstian;XXXX;XXXX;XXXXX;4,2175010;XXXX;XXXX
11521;11521;Andrés;XXXX;XXXX;XXXXX;4,7856220;XXXX;XXXX
11893;11893_A;Maria;XXXX;XXXX;XXXXX;1,0199440;XXXX;XXXX
11893;11893_B;Sebstian;XXXX;XXXX;XXXXX;3,6675380;XXXX;XXXX
12213;12213;Andrés;XXXX;XXXX;XXXXX;6,2210110;XXXX;XXXX
11705;11705_A;Maria;XXXX;XXXX;XXXXX;1,5059120;XXXX;XXXX
11705;11705_B;Sebstian;XXXX;XXXX;XXXXX;3,1457540;XXXX;XXXX
11705;11705_C;Andrés;XXXX;XXXX;XXXXX;2,4392930;XXXX;XXXX
11705;11705_D;Maria;XXXX;XXXX;XXXXX;1,5265210;XXXX;XXXX
12347;12347;Sebstian;XXXX;XXXX;XXXXX;7,9918150;XXXX;XXXX
12112;12112;Andrés;XXXX;XXXX;XXXXX;4,4327650;XXXX;XXXX
11541;11541;Maria;XXXX;XXXX;XXXXX;10,2780360;XXXX;XXXX
10790;10790;Sebstian;XXXX;XXXX;XXXXX;5,7568360;XXXX;XXXX
11706;11706_A;Andrés;XXXX;XXXX;XXXXX;5,8245420;XXXX;XXXX
11706;11706_B;Maria;XXXX;XXXX;XXXXX;6,7993290;XXXX;XXXX
11706;11706_C;Sebstian;XXXX;XXXX;XXXXX;5,9636540;XXXX;XXXX
10794;10794_A;Andrés;XXXX;XXXX;XXXXX;7,6674090;XXXX;XXXX
10794;10794_B;Maria;XXXX;XXXX;XXXXX;1,9536000;XXXX;XXXX
11759;11759_A;Sebstian;XXXX;XXXX;XXXXX;3,1449800;XXXX;XXXX
11759;11759_B;Andrés;XXXX;XXXX;XXXXX;0,4933330;XXXX;XXXX
11759;11759_C;Maria;XXXX;XXXX;XXXXX;6,4749040;XXXX;XXXX
12326;12326;Sebstian;XXXX;XXXX;XXXXX;6,4701410;XXXX;XXXX
11319;11319_A;Andrés;XXXX;XXXX;XXXXX;1,5729550;XXXX;XXXX
11319;11319_B;Maria;XXXX;XXXX;XXXXX;1,7343110;XXXX;XXXX
11319;11319_C;Sebstian;XXXX;XXXX;XXXXX;1,9960950;XXXX;XXXX
11219;11219_A;Andrés;XXXX;XXXX;XXXXX;4,0310700;XXXX;XXXX
11318;11318_A;Maria;XXXX;XXXX;XXXXX;3,4305870;XXXX;XXXX
11318;11318_B;Sebstian;XXXX;XXXX;XXXXX;0,8295200;XXXX;XXXX
11220;11220_B;Andrés;XXXX;XXXX;XXXXX;4,5064120;XXXX;XXXX
11220;11220_A;Maria;XXXX;XXXX;XXXXX;0,6603840;XXXX;XXXX
11722;11722;Sebstian;XXXX;XXXX;XXXXX;4,6840530;XXXX;XXXX
11258;11258;Andrés;XXXX;XXXX;XXXXX;7,2092060;XXXX;XXXX
11928;11928;Maria;XXXX;XXXX;XXXXX;5,9764510;XXXX;XXXX
11930;11930;Sebstian;XXXX;XXXX;XXXXX;5,4766400;XXXX;XXXX
11990;11990;Andrés;XXXX;XXXX;XXXXX;4,1495210;XXXX;XXXX
12121;12121_A;Maria;XXXX;XXXX;XXXXX;1,2333010;XXXX;XXXX
12121;12121_B;Sebstian;XXXX;XXXX;XXXXX;1,0868430;XXXX;XXXX
12121;12121_C;Andrés;XXXX;XXXX;XXXXX;2,2266640;XXXX;XXXX
12195;12195_A;Maria;XXXX;XXXX;XXXXX;1,1773950;XXXX;XXXX
12195;12195_B;Sebstian;XXXX;XXXX;XXXXX;2,9278320;XXXX;XXXX
12195;12195_C;Andrés;XXXX;XXXX;XXXXX;2,0935590;XXXX;XXXX
12195;12195_D;Maria;XXXX;XXXX;XXXXX;0,8043010;XXXX;XXXX
11985;11985;Sebstian;XXXX;XXXX;XXXXX;5,4551990;XXXX;XXXX
10704;10704_B;Andrés;XXXX;XXXX;XXXXX;3,2859430;XXXX;XXXX
10711;10711_A;Maria;XXXX;XXXX;XXXXX;6,9777130;XXXX;XXXX
10711;10711_B;Sebstian;XXXX;XXXX;XXXXX;7,0496820;XXXX;XXXX
11204;11204_A;Andrés;XXXX;XXXX;XXXXX;1,9690460;XXXX;XXXX
11204;11204_B;Maria;XXXX;XXXX;XXXXX;1,6386090;XXXX;XXXX
11204;11204_C;Sebstian;XXXX;XXXX;XXXXX;2,1874990;XXXX;XXXX
10705;10705_A;Andrés;XXXX;XXXX;XXXXX;1,9786370;XXXX;XXXX
11813;11813_A;Maria;XXXX;XXXX;XXXXX;2,9454790;XXXX;XXXX
11847;11847_D;Sebstian;XXXX;XXXX;XXXXX;1,9901230;XXXX;XXXX
11847;11847_C;Andrés;XXXX;XXXX;XXXXX;1,4567640;XXXX;XXXX
11907;11907_A;Maria;XXXX;XXXX;XXXXX;3,1429360;XXXX;XXXX
11907;11907_B;Sebstian;XXXX;XXXX;XXXXX;6,0613870;XXXX;XXXX
11907;11907_C;Andrés;XXXX;XXXX;XXXXX;3,2359250;XXXX;XXXX
11907;11907_D;Maria;XXXX;XXXX;XXXXX;1,0305500;XXXX;XXXX
11847;11847_A;Sebstian;XXXX;XXXX;XXXXX;9,5377760;XXXX;XXXX
11847;11847_B;Andrés;XXXX;XXXX;XXXXX;5,9687340;XXXX;XXXX
11813;11813_B;Maria;XXXX;XXXX;XXXXX;2,9174040;XXXX;XXXX
10705;10705_B;Sebstian;XXXX;XXXX;XXXXX;2,1969000;XXXX;XXXX
11917;11917_A;Andrés;XXXX;XXXX;XXXXX;3,4167600;XXXX;XXXX
11913;11913_A;Maria;XXXX;XXXX;XXXXX;2,5708440;XXXX;XXXX
11913;11913_B;Sebstian;XXXX;XXXX;XXXXX;2,2964370;XXXX;XXXX
11913;11913_C;Andrés;XXXX;XXXX;XXXXX;0,9366130;XXXX;XXXX
11913;11913_D;Maria;XXXX;XXXX;XXXXX;1,0864970;XXXX;XXXX
12248;12248_A;Sebstian;XXXX;XXXX;XXXXX;12,1643250;XXXX;XXXX
12248;12248_B;Andrés;XXXX;XXXX;XXXXX;3,1740960;XXXX;XXXX
12248;12248_C;Maria;XXXX;XXXX;XXXXX;1,1804260;XXXX;XXXX
12248;12248_D;Sebstian;XXXX;XXXX;XXXXX;3,6832880;XXXX;XXXX
10064;10064_A;Andrés;XXXX;XXXX;XXXXX;1,1518240;XXXX;XXXX
10064;10064_B;Maria;XXXX;XXXX;XXXXX;4,1056530;XXXX;XXXX
10858;10858_D;Sebstian;XXXX;XXXX;XXXXX;0,9993240;XXXX;XXXX
10858;10858_A;Andrés;XXXX;XXXX;XXXXX;2,7520360;XXXX;XXXX
10858;10858_B;Maria;XXXX;XXXX;XXXXX;1,0024190;XXXX;XXXX
10858;10858_C;Sebstian;XXXX;XXXX;XXXXX;1,5747340;XXXX;XXXX
10064;10064_C;Andrés;XXXX;XXXX;XXXXX;2,2342860;XXXX;XXXX
11917;11917_B;Maria;XXXX;XXXX;XXXXX;1,3179240;XXXX;XXXX
11193;11193_A;Sebstian;XXXX;XXXX;XXXXX;3,4980670;XXXX;XXXX
11193;11193_B;Andrés;XXXX;XXXX;XXXXX;1,7878100;XXXX;XXXX
10714;10714_A;Maria;XXXX;XXXX;XXXXX;6,7942990;XXXX;XXXX
10714;10714_B;Sebstian;XXXX;XXXX;XXXXX;2,3911260;XXXX;XXXX
10714;10714_C;Andrés;XXXX;XXXX;XXXXX;21,5053510;XXXX;XXXX
10714;10714_D;Maria;XXXX;XXXX;XXXXX;1,9913430;XXXX;XXXX
10714;10714_E;Sebstian;XXXX;XXXX;XXXXX;16,2056830;XXXX;XXXX
10870;10870_A;Andrés;XXXX;XXXX;XXXXX;0,9910860;XXXX;XXXX
10870;10870_B;Maria;XXXX;XXXX;XXXXX;0,7235180;XXXX;XXXX
10870;10870_C;Sebstian;XXXX;XXXX;XXXXX;6,4607530;XXXX;XXXX
10870;10870_D;Andrés;XXXX;XXXX;XXXXX;3,5915090;XXXX;XXXX
10870;10870_E;Maria;XXXX;XXXX;XXXXX;9,4713200;XXXX;XXXX
10870;10870_F;Sebstian;XXXX;XXXX;XXXXX;4,0811530;XXXX;XXXX
9995;9995;Andrés;XXXX;XXXX;XXXXX;4,2410110;XXXX;XXXX
11223;11223;Maria;XXXX;XXXX;XXXXX;4,2471380;XXXX;XXXX
10712;10712;Sebstian;XXXX;XXXX;XXXXX;6,0036080;XXXX;XXXX
10704;10704_A;Andrés;XXXX;XXXX;XXXXX;1,0486510;XXXX;XXXX
11219;11219_B;Maria;XXXX;XXXX;XXXXX;0,5112050;XXXX;XXXX
11457;11457_A;Sebstian;XXXX;XXXX;XXXXX;2,5154790;XXXX;XXXX
11457;11457_B;Andrés;XXXX;XXXX;XXXXX;1,8134250;XXXX;XXXX
11457;11457_C;Maria;XXXX;XXXX;XXXXX;2,6808770;XXXX;XXXX
10385;10385_B;Sebstian;XXXX;XXXX;XXXXX;3,1186940;XXXX;XXXX
10783;10783_B;Andrés;XXXX;XXXX;XXXXX;3,2355440;XXXX;XXXX
10783;10783_A;Maria;XXXX;XXXX;XXXXX;3,4818400;XXXX;XXXX
12692;12692_A;Sebstian;XXXX;XXXX;XXXXX;0,7938680;XXXX;XXXX
10217;10217_B;Andrés;XXXX;XXXX;XXXXX;2,7763750;XXXX;XXXX
10217;10217_A;Maria;XXXX;XXXX;XXXXX;7,9141000;XXXX;XXXX
11867;11867_C;Sebstian;XXXX;XXXX;XXXXX;2,2121500;XXXX;XXXX
9967;9967;Andrés;XXXX;XXXX;XXXXX;2,3579420;XXXX;XXXX
12487;12487_B;Maria;XXXX;XXXX;XXXXX;3,0010740;XXXX;XXXX
10706;10706;Sebstian;XXXX;XXXX;XXXXX;24,5906630;XXXX;XXXX
11034;11034;Andrés;XXXX;XXXX;XXXXX;4,5801410;XXXX;XXXX
10385;10385_A;Maria;XXXX;XXXX;XXXXX;1,4711270;XXXX;XXXX
10514;10514_A;Sebstian;XXXX;XXXX;XXXXX;0,5581580;XXXX;XXXX
12327;12327_B;Andrés;XXXX;XXXX;XXXXX;1,8979610;XXXX;XXXX
2673;2673;Maria;XXXX;XXXX;XXXXX;8,6981920;XXXX;XXXX
3333;3333;Sebstian;XXXX;XXXX;XXXXX;5,0990260;XXXX;XXXX
3107;3107;Andrés;XXXX;XXXX;XXXXX;8,3118330;XXXX;XXXX
2932;2932_A;Maria;XXXX;XXXX;XXXXX;1,4620370;XXXX;XXXX
2122;2122;Sebstian;XXXX;XXXX;XXXXX;5,9610910;XXXX;XXXX
12693;12693;Andrés;XXXX;XXXX;XXXXX;5,2197030;XXXX;XXXX
3124;3124_A;Maria;XXXX;XXXX;XXXXX;2,3336940;XXXX;XXXX
3124;3124_B;Sebstian;XXXX;XXXX;XXXXX;1,7896750;XXXX;XXXX
3232;3232;Andrés;XXXX;XXXX;XXXXX;3,9220000;XXXX;XXXX
3181;3181_A;Maria;XXXX;XXXX;XXXXX;2,5970010;XXXX;XXXX
3029;3029_B;Sebstian;XXXX;XXXX;XXXXX;2,0993490;XXXX;XXXX
3029;3029_A;Andrés;XXXX;XXXX;XXXXX;3,2743420;XXXX;XXXX
2829;2829_A;Maria;XXXX;XXXX;XXXXX;4,0008590;XXXX;XXXX
2829;2829_D;Sebstian;XXXX;XXXX;XXXXX;0,4677330;XXXX;XXXX
2829;2829_C;Andrés;XXXX;XXXX;XXXXX;0,8176810;XXXX;XXXX
2829;2829_B;Maria;XXXX;XXXX;XXXXX;1,2446690;XXXX;XXXX
2829;2829_E;Sebstian;XXXX;XXXX;XXXXX;0,3867030;XXXX;XXXX
2782;2782;Andrés;XXXX;XXXX;XXXXX;8,6173900;XXXX;XXXX
2932;2932_B;Maria;XXXX;XXXX;XXXXX;3,4899350;XXXX;XXXX
2343;2343_A;Sebstian;XXXX;XXXX;XXXXX;10,8321640;XXXX;XXXX
2343;2343_B;Andrés;XXXX;XXXX;XXXXX;2,7528990;XXXX;XXXX
2161;2161_A;Maria;XXXX;XXXX;XXXXX;2,0095970;XXXX;XXXX
2161;2161_C;Sebstian;XXXX;XXXX;XXXXX;0,6830330;XXXX;XXXX
2161;2161_B;Andrés;XXXX;XXXX;XXXXX;1,5192110;XXXX;XXXX
7475;7475;Maria;XXXX;XXXX;XXXXX;3,5526790;XXXX;XXXX
12958;12958_D;Sebstian;XXXX;XXXX;XXXXX;1,0019130;XXXX;XXXX
12958;12958_C;Andrés;XXXX;XXXX;XXXXX;0,7743450;XXXX;XXXX
12958;12958_B;Maria;XXXX;XXXX;XXXXX;1,0603310;XXXX;XXXX
12958;12958_A;Sebstian;XXXX;XXXX;XXXXX;4,6200210;XXXX;XXXX
12957;12957;Andrés;XXXX;XXXX;XXXXX;9,1546810;XXXX;XXXX
12950;12950;Maria;XXXX;XXXX;XXXXX;5,8189760;XXXX;XXXX
3825;3825_B;Sebstian;XXXX;XXXX;XXXXX;0,8073190;XXXX;XXXX
3825;3825_A;Andrés;XXXX;XXXX;XXXXX;5,2315140;XXXX;XXXX
3632;3632_B;Maria;XXXX;XXXX;XXXXX;7,6211810;XXXX;XXXX
3632;3632_A;Sebstian;XXXX;XXXX;XXXXX;1,3876530;XXXX;XXXX
3373;3373_C;Andrés;XXXX;XXXX;XXXXX;1,5084370;XXXX;XXXX
3373;3373_B;Maria;XXXX;XXXX;XXXXX;0,3303420;XXXX;XXXX
3596;3596;Sebstian;XXXX;XXXX;XXXXX;4,4784040;XXXX;XXXX
3373;3373_A;Andrés;XXXX;XXXX;XXXXX;3,7909690;XXXX;XXXX
2956;2956_A;Maria;XXXX;XXXX;XXXXX;4,5837970;XXXX;XXXX
2956;2956_B;Sebstian;XXXX;XXXX;XXXXX;1,4970910;XXXX;XXXX
2420;2420_C;Andrés;XXXX;XXXX;XXXXX;2,2985980;XXXX;XXXX
2420;2420_B;Maria;XXXX;XXXX;XXXXX;0,2126210;XXXX;XXXX
2420;2420_A;Sebstian;XXXX;XXXX;XXXXX;3,6582670;XXXX;XXXX
1979;1979;Andrés;XXXX;XXXX;XXXXX;10,5175200;XXXX;XXXX
1779;1779;Maria;XXXX;XXXX;XXXXX;3,4765320;XXXX;XXXX
1701;1701_A;Sebstian;XXXX;XXXX;XXXXX;3,8652340;XXXX;XXXX
1701;1701_B;Andrés;XXXX;XXXX;XXXXX;0,1380180;XXXX;XXXX
1633;1633_A;Maria;XXXX;XXXX;XXXXX;7,3057640;XXXX;XXXX
1633;1633_B;Sebstian;XXXX;XXXX;XXXXX;2,5640720;XXXX;XXXX
3174;3174;Andrés;XXXX;XXXX;XXXXX;6,2487170;XXXX;XXXX
3181;3181_B;Maria;XXXX;XXXX;XXXXX;1,5889250;XXXX;XXXX
2781;2781_B;Sebstian;XXXX;XXXX;XXXXX;1,1645430;XXXX;XXXX
2781;2781_A;Andrés;XXXX;XXXX;XXXXX;2,2986900;XXXX;XXXX
2440;2440;Maria;XXXX;XXXX;XXXXX;8,3324590;XXXX;XXXX
2663;2663;Sebstian;XXXX;XXXX;XXXXX;10,9403310;XXXX;XXXX
2650;2650;Andrés;XXXX;XXXX;XXXXX;4,7432270;XXXX;XXXX
3197;3197;Maria;XXXX;XXXX;XXXXX;8,0810260;XXXX;XXXX
2692;2692_D;Sebstian;XXXX;XXXX;XXXXX;1,2259400;XXXX;XXXX
2692;2692_C;Andrés;XXXX;XXXX;XXXXX;1,0225700;XXXX;XXXX
2692;2692_B;Maria;XXXX;XXXX;XXXXX;2,0219620;XXXX;XXXX
2692;2692_A;Sebstian;XXXX;XXXX;XXXXX;2,4696000;XXXX;XXXX
13048;13048_A;Andrés;XXXX;XXXX;XXXXX;0,2033180;XXXX;XXXX
13048;13048_B;Maria;XXXX;XXXX;XXXXX;3,4694560;XXXX;XXXX
13048;13048_C;Sebstian;XXXX;XXXX;XXXXX;1,8218250;XXXX;XXXX
13048;13048_D;Andrés;XXXX;XXXX;XXXXX;1,5330010;XXXX;XXXX
13048;13048_E;Maria;XXXX;XXXX;XXXXX;2,2303000;XXXX;XXXX
13057;13057_C;Sebstian;XXXX;XXXX;XXXXX;0,4129490;XXXX;XXXX
13057;13057_D;Andrés;XXXX;XXXX;XXXXX;1,5266390;XXXX;XXXX
13057;13057_E;Maria;XXXX;XXXX;XXXXX;0,5165420;XXXX;XXXX
13057;13057_F;Sebstian;XXXX;XXXX;XXXXX;0,3031640;XXXX;XXXX
13057;13057_G;Andrés;XXXX;XXXX;XXXXX;1,4485300;XXXX;XXXX
13057;13057_H;Maria;XXXX;XXXX;XXXXX;2,6586830;XXXX;XXXX
13058;13058_A;Sebstian;XXXX;XXXX;XXXXX;5,4842730;XXXX;XXXX
2675;2675_B;Andrés;XXXX;XXXX;XXXXX;2,5038170;XXXX;XXXX
2675;2675_A;Maria;XXXX;XXXX;XXXXX;2,5910500;XXXX;XXXX
2931;2931;Sebstian;XXXX;XXXX;XXXXX;4,2737220;XXXX;XXXX
12686;12686;Andrés;XXXX;XXXX;XXXXX;4,2050100;XXXX;XXXX
2674;2674;Maria;XXXX;XXXX;XXXXX;6,9879890;XXXX;XXXX
4301;4301;Sebstian;XXXX;XXXX;XXXXX;4,2854920;XXXX;XXXX
2669;2669;Andrés;XXXX;XXXX;XXXXX;5,2464330;XXXX;XXXX
4820;4820;Maria;XXXX;XXXX;XXXXX;3,5972800;XXXX;XXXX
4769;4769_A;Sebstian;XXXX;XXXX;XXXXX;1,4184770;XXXX;XXXX
4769;4769_B;Andrés;XXXX;XXXX;XXXXX;1,6379940;XXXX;XXXX
5104;5104_A;Maria;XXXX;XXXX;XXXXX;0,4440680;XXXX;XXXX
5104;5104_D;Sebstian;XXXX;XXXX;XXXXX;0,7217120;XXXX;XXXX
5104;5104_B;Andrés;XXXX;XXXX;XXXXX;0,2029010;XXXX;XXXX
4811;4811;Maria;XXXX;XXXX;XXXXX;2,4482630;XXXX;XXXX
5146;5146_A;Sebstian;XXXX;XXXX;XXXXX;1,0449950;XXXX;XXXX
5170;5170;Andrés;XXXX;XXXX;XXXXX;2,0294300;XXXX;XXXX
5103;5103;Maria;XXXX;XXXX;XXXXX;3,9419550;XXXX;XXXX
4810;4810;Sebstian;XXXX;XXXX;XXXXX;2,9352940;XXXX;XXXX
5104;5104_C;Andrés;XXXX;XXXX;XXXXX;1,6186340;XXXX;XXXX
4916;4916;Maria;XXXX;XXXX;XXXXX;2,5647930;XXXX;XXXX
5146;5146_B;Sebstian;XXXX;XXXX;XXXXX;2,5165850;XXXX;XXXX
8085;8085_B;Andrés;XXXX;XXXX;XXXXX;1,1117700;XXXX;XXXX
9765;9765_B;Maria;XXXX;XXXX;XXXXX;1,0113800;XXXX;XXXX
8515;8515_B;Sebstian;XXXX;XXXX;XXXXX;4,3610420;XXXX;XXXX
8154;8154_B;Andrés;XXXX;XXXX;XXXXX;2,3942850;XXXX;XXXX
8154;8154_C;Maria;XXXX;XXXX;XXXXX;1,6746420;XXXX;XXXX
8154;8154_D;Sebstian;XXXX;XXXX;XXXXX;1,4850960;XXXX;XXXX
8154;8154_A;Andrés;XXXX;XXXX;XXXXX;2,3607990;XXXX;XXXX
8154;8154_E;Maria;XXXX;XXXX;XXXXX;2,1791900;XXXX;XXXX
8156;8156_D;Sebstian;XXXX;XXXX;XXXXX;1,2895580;XXXX;XXXX
8156;8156_B;Andrés;XXXX;XXXX;XXXXX;2,1462220;XXXX;XXXX
8156;8156_C;Maria;XXXX;XXXX;XXXXX;4,3986130;XXXX;XXXX
8019;8019_C;Sebstian;XXXX;XXXX;XXXXX;0,9783630;XXXX;XXXX
8019;8019_B;Andrés;XXXX;XXXX;XXXXX;4,7949480;XXXX;XXXX
8155;8155_B;Maria;XXXX;XXXX;XXXXX;1,4425290;XXXX;XXXX
8160;8160_B;Sebstian;XXXX;XXXX;XXXXX;2,1795430;XXXX;XXXX
13082;13082_C;Andrés;XXXX;XXXX;XXXXX;1,8575710;XXXX;XXXX
13082;13082_A;Maria;XXXX;XXXX;XXXXX;6,3853200;XXXX;XXXX
13082;13082_B;Sebstian;XXXX;XXXX;XXXXX;5,9892840;XXXX;XXXX
8170;8170_F;Andrés;XXXX;XXXX;XXXXX;13,6759620;XXXX;XXXX
8170;8170_E;Maria;XXXX;XXXX;XXXXX;4,5612060;XXXX;XXXX
8170;8170_D;Sebstian;XXXX;XXXX;XXXXX;7,7853870;XXXX;XXXX
8170;8170_C;Andrés;XXXX;XXXX;XXXXX;11,2163250;XXXX;XXXX
8170;8170_B;Maria;XXXX;XXXX;XXXXX;7,4860840;XXXX;XXXX
8170;8170_A;Sebstian;XXXX;XXXX;XXXXX;6,1975630;XXXX;XXXX
8146;8146_J;Andrés;XXXX;XXXX;XXXXX;2,7423290;XXXX;XXXX
8146;8146_I;Maria;XXXX;XXXX;XXXXX;3,2479340;XXXX;XXXX
8146;8146_H;Sebstian;XXXX;XXXX;XXXXX;17,2137480;XXXX;XXXX
8146;8146_G;Andrés;XXXX;XXXX;XXXXX;6,1752510;XXXX;XXXX
8146;8146_F;Maria;XXXX;XXXX;XXXXX;10,8521960;XXXX;XXXX
8146;8146_E;Sebstian;XXXX;XXXX;XXXXX;10,7346140;XXXX;XXXX
8146;8146_D;Andrés;XXXX;XXXX;XXXXX;5,2296150;XXXX;XXXX
8146;8146_C;Maria;XXXX;XXXX;XXXXX;6,0251640;XXXX;XXXX
8146;8146_B;Sebstian;XXXX;XXXX;XXXXX;8,0096520;XXXX;XXXX
8146;8146_A;Andrés;XXXX;XXXX;XXXXX;14,2484000;XXXX;XXXX
8068;8068_K;Maria;XXXX;XXXX;XXXXX;12,1828530;XXXX;XXXX
8068;8068_J;Sebstian;XXXX;XXXX;XXXXX;10,7660340;XXXX;XXXX
8068;8068_I;Andrés;XXXX;XXXX;XXXXX;9,7442930;XXXX;XXXX
8068;8068_H;Maria;XXXX;XXXX;XXXXX;1,9530530;XXXX;XXXX
8068;8068_G;Sebstian;XXXX;XXXX;XXXXX;4,5013580;XXXX;XXXX
8068;8068_F;Andrés;XXXX;XXXX;XXXXX;20,5875770;XXXX;XXXX
8068;8068_C;Maria;XXXX;XXXX;XXXXX;3,2090990;XXXX;XXXX
8068;8068_E;Sebstian;XXXX;XXXX;XXXXX;9,4379820;XXXX;XXXX
8068;8068_D;Andrés;XXXX;XXXX;XXXXX;14,3360830;XXXX;XXXX
8068;8068_B;Maria;XXXX;XXXX;XXXXX;21,9799990;XXXX;XXXX
8068;8068_A;Sebstian;XXXX;XXXX;XXXXX;3,5746160;XXXX;XXXX
8020;8020_A;Andrés;XXXX;XXXX;XXXXX;1,8863700;XXXX;XXXX
8020;8020_B;Maria;XXXX;XXXX;XXXXX;3,8300450;XXXX;XXXX
8020;8020_C;Sebstian;XXXX;XXXX;XXXXX;3,6286080;XXXX;XXXX
8020;8020_D;Andrés;XXXX;XXXX;XXXXX;4,5406790;XXXX;XXXX
8020;8020_E;Maria;XXXX;XXXX;XXXXX;11,3108700;XXXX;XXXX
8020;8020_F;Sebstian;XXXX;XXXX;XXXXX;1,8622130;XXXX;XXXX
8020;8020_G;Andrés;XXXX;XXXX;XXXXX;23,2944220;XXXX;XXXX
13081;13081_B;Maria;XXXX;XXXX;XXXXX;2,1324150;XXXX;XXXX
13081;13081_C;Sebstian;XXXX;XXXX;XXXXX;2,8908660;XXXX;XXXX
13081;13081_A;Andrés;XXXX;XXXX;XXXXX;14,0554880;XXXX;XXXX
13080;13080_A;Maria;XXXX;XXXX;XXXXX;5,2708590;XXXX;XXXX
13080;13080_C;Sebstian;XXXX;XXXX;XXXXX;0,8392800;XXXX;XXXX
13080;13080_B;Andrés;XXXX;XXXX;XXXXX;4,1528920;XXXX;XXXX
13078;13078_C;Maria;XXXX;XXXX;XXXXX;1,9287470;XXXX;XXXX
13078;13078_D;Sebstian;XXXX;XXXX;XXXXX;1,6756310;XXXX;XXXX
13078;13078_B;Andrés;XXXX;XXXX;XXXXX;4,9675320;XXXX;XXXX
13078;13078_A;Maria;XXXX;XXXX;XXXXX;1,1289570;XXXX;XXXX
13077;13077_B;Sebstian;XXXX;XXXX;XXXXX;4,6065630;XXXX;XXXX
13077;13077_D;Andrés;XXXX;XXXX;XXXXX;0,9259400;XXXX;XXXX
13077;13077_C;Maria;XXXX;XXXX;XXXXX;3,3869290;XXXX;XXXX
13077;13077_A;Sebstian;XXXX;XXXX;XXXXX;11,5402390;XXXX;XXXX
8390;8390_E;Andrés;XXXX;XXXX;XXXXX;0,8792990;XXXX;XXXX
8390;8390_D;Maria;XXXX;XXXX;XXXXX;1,0053590;XXXX;XXXX
8390;8390_C;Sebstian;XXXX;XXXX;XXXXX;4,1542470;XXXX;XXXX
8390;8390_B;Andrés;XXXX;XXXX;XXXXX;4,1749000;XXXX;XXXX
8390;8390_A;Maria;XXXX;XXXX;XXXXX;6,0549340;XXXX;XXXX
13124;13124;Sebstian;XXXX;XXXX;XXXXX;6,6310480;XXXX;XXXX
13121;13121_B;Andrés;XXXX;XXXX;XXXXX;30,7491250;XXXX;XXXX
13121;13121_A;Maria;XXXX;XXXX;XXXXX;14,6519940;XXXX;XXXX
13120;13120_B;Sebstian;XXXX;XXXX;XXXXX;4,6622650;XXXX;XXXX
13120;13120_C;Andrés;XXXX;XXXX;XXXXX;1,7156600;XXXX;XXXX
13120;13120_A;Maria;XXXX;XXXX;XXXXX;1,5857610;XXXX;XXXX
13119;13119_B;Sebstian;XXXX;XXXX;XXXXX;0,8760290;XXXX;XXXX
13119;13119_A;Andrés;XXXX;XXXX;XXXXX;3,0087270;XXXX;XXXX
13118;13118_A;Maria;XXXX;XXXX;XXXXX;14,5915050;XXXX;XXXX
13118;13118_B;Sebstian;XXXX;XXXX;XXXXX;0,9205450;XXXX;XXXX
13117;13117_B;Andrés;XXXX;XXXX;XXXXX;2,1739440;XXXX;XXXX
13117;13117_A;Maria;XXXX;XXXX;XXXXX;8,2141220;XXXX;XXXX
13114;13114_D;Sebstian;XXXX;XXXX;XXXXX;0,5019740;XXXX;XXXX
13114;13114_C;Andrés;XXXX;XXXX;XXXXX;1,6181220;XXXX;XXXX
13114;13114_B;Maria;XXXX;XXXX;XXXXX;4,9921240;XXXX;XXXX
13114;13114_A;Sebstian;XXXX;XXXX;XXXXX;7,4978380;XXXX;XXXX
13107;13107;Andrés;XXXX;XXXX;XXXXX;6,8352500;XXXX;XXXX
13116;13116_A;Maria;XXXX;XXXX;XXXXX;2,0035250;XXXX;XXXX
13116;13116_B;Sebstian;XXXX;XXXX;XXXXX;3,2057520;XXXX;XXXX
13116;13116_C;Andrés;XXXX;XXXX;XXXXX;2,3011460;XXXX;XXXX
13116;13116_D;Maria;XXXX;XXXX;XXXXX;1,7046600;XXXX;XXXX
3380;3380_A;Sebstian;XXXX;XXXX;XXXXX;4,4829340;XXXX;XXXX
3724;3724;Andrés;XXXX;XXXX;XXXXX;1,4428430;XXXX;XXXX
2356;2356;Maria;XXXX;XXXX;XXXXX;2,0801520;XXXX;XXXX
3570;3570;Sebstian;XXXX;XXXX;XXXXX;4,0991360;XXXX;XXXX
3423;3423;Andrés;XXXX;XXXX;XXXXX;4,5615770;XXXX;XXXX
3737;3737_B;Maria;XXXX;XXXX;XXXXX;0,8892020;XXXX;XXXX
8533;8533_A;Sebstian;XXXX;XXXX;XXXXX;2,0132570;XXXX;XXXX
8533;8533_D;Andrés;XXXX;XXXX;XXXXX;0,9835110;XXXX;XXXX
8533;8533_E;Maria;XXXX;XXXX;XXXXX;0,3713490;XXXX;XXXX
8533;8533_F;Sebstian;XXXX;XXXX;XXXXX;0,4025330;XXXX;XXXX
8533;8533_B;Andrés;XXXX;XXXX;XXXXX;1,7248000;XXXX;XXXX
8533;8533_C;Maria;XXXX;XXXX;XXXXX;1,0726120;XXXX;XXXX
2982;2982_B;Sebstian;XXXX;XXXX;XXXXX;1,5894040;XXXX;XXXX
2000;2000_B;Andrés;XXXX;XXXX;XXXXX;2,7018560;XXXX;XXXX
2000;2000_C;Maria;XXXX;XXXX;XXXXX;0,2460770;XXXX;XXXX
2982;2982_A;Sebstian;XXXX;XXXX;XXXXX;2,1563990;XXXX;XXXX
3737;3737_C;Andrés;XXXX;XXXX;XXXXX;0,0512780;XXXX;XXXX
3737;3737_A;Maria;XXXX;XXXX;XXXXX;1,6267640;XXXX;XXXX
3380;3380_B;Sebstian;XXXX;XXXX;XXXXX;1,0073760;XXXX;XXXX
10785;10785_A;Andrés;XXXX;XXXX;XXXXX;0,1617450;XXXX;XXXX
10787;10787_C;Maria;XXXX;XXXX;XXXXX;4,0158410;XXXX;XXXX
10787;10787_B;Sebstian;XXXX;XXXX;XXXXX;5,4112760;XXXX;XXXX
11487;11487_A;Andrés;XXXX;XXXX;XXXXX;3,6126750;XXXX;XXXX
11487;11487_C;Maria;XXXX;XXXX;XXXXX;4,0307900;XXXX;XXXX
11487;11487_B;Sebstian;XXXX;XXXX;XXXXX;3,3420840;XXXX;XXXX
10052;10052_C;Andrés;XXXX;XXXX;XXXXX;1,7360190;XXXX;XXXX
10052;10052_A;Maria;XXXX;XXXX;XXXXX;0,9144150;XXXX;XXXX
10052;10052_E;Sebstian;XXXX;XXXX;XXXXX;0,2383160;XXXX;XXXX
10052;10052_G;Andrés;XXXX;XXXX;XXXXX;0,3181040;XXXX;XXXX
11440;11440_B;Maria;XXXX;XXXX;XXXXX;0,4985740;XXXX;XXXX
10227;10227_B;Sebstian;XXXX;XXXX;XXXXX;9,5625340;XXXX;XXXX
10227;10227_C;Andrés;XXXX;XXXX;XXXXX;1,8029560;XXXX;XXXX
11789;11789_C;Maria;XXXX;XXXX;XXXXX;1,0011080;XXXX;XXXX
11789;11789_B;Sebstian;XXXX;XXXX;XXXXX;1,5130340;XXXX;XXXX
11789;11789_A;Andrés;XXXX;XXXX;XXXXX;2,9824600;XXXX;XXXX
10765;10765_B;Maria;XXXX;XXXX;XXXXX;1,0396730;XXXX;XXXX
10004;10004_D;Sebstian;XXXX;XXXX;XXXXX;8,6949730;XXXX;XXXX
10004;10004_A;Andrés;XXXX;XXXX;XXXXX;12,1990290;XXXX;XXXX
10823;10823_E;Maria;XXXX;XXXX;XXXXX;1,7392330;XXXX;XXXX
9931;9931_A;Sebstian;XXXX;XXXX;XXXXX;8,3691550;XXXX;XXXX
9931;9931_B;Andrés;XXXX;XXXX;XXXXX;1,5312340;XXXX;XXXX
5946;5946;Maria;XXXX;XXXX;XXXXX;7,6279460;XXXX;XXXX
6061;6061;Sebstian;XXXX;XXXX;XXXXX;7,1027210;XXXX;XXXX
5923;5923_B;Andrés;XXXX;XXXX;XXXXX;1,3909200;XXXX;XXXX
5923;5923_A;Maria;XXXX;XXXX;XXXXX;2,4908050;XXXX;XXXX
5901;5901_C;Sebstian;XXXX;XXXX;XXXXX;8,5886750;XXXX;XXXX
5901;5901_B;Andrés;XXXX;XXXX;XXXXX;1,1574080;XXXX;XXXX
5901;5901_A;Maria;XXXX;XXXX;XXXXX;5,1218550;XXXX;XXXX
5788;5788_C;Sebstian;XXXX;XXXX;XXXXX;2,4825640;XXXX;XXXX
5788;5788_B;Andrés;XXXX;XXXX;XXXXX;1,0479700;XXXX;XXXX
5788;5788_A;Maria;XXXX;XXXX;XXXXX;0,9393400;XXXX;XXXX
5774;5774;Sebstian;XXXX;XXXX;XXXXX;1,3666730;XXXX;XXXX
5700;5700_B;Andrés;XXXX;XXXX;XXXXX;17,7972290;XXXX;XXXX
5700;5700_A;Maria;XXXX;XXXX;XXXXX;10,4868180;XXXX;XXXX
5696;5696_C;Sebstian;XXXX;XXXX;XXXXX;5,4523030;XXXX;XXXX
5696;5696_B;Andrés;XXXX;XXXX;XXXXX;1,4459420;XXXX;XXXX
5696;5696_A;Maria;XXXX;XXXX;XXXXX;12,8445260;XXXX;XXXX
5987;5987;Sebstian;XXXX;XXXX;XXXXX;2,9128360;XXXX;XXXX
12930;12930;Andrés;XXXX;XXXX;XXXXX;22,7505840;XXXX;XXXX
12740;12740;Maria;XXXX;XXXX;XXXXX;6,3776090;XXXX;XXXX
12739;12739;Sebstian;XXXX;XXXX;XXXXX;5,2809910;XXXX;XXXX
12638;12638_B;Andrés;XXXX;XXXX;XXXXX;1,9293910;XXXX;XXXX
12638;12638_A;Maria;XXXX;XXXX;XXXXX;1,0825850;XXXX;XXXX
12636;12636_B;Sebstian;XXXX;XXXX;XXXXX;5,1794630;XXXX;XXXX
12636;12636_A;Andrés;XXXX;XXXX;XXXXX;3,4665890;XXXX;XXXX
5695;5695;Maria;XXXX;XXXX;XXXXX;5,8819200;XXXX;XXXX
7335;7335;Sebstian;XXXX;XXXX;XXXXX;5,4248080;XXXX;XXXX
6781;6781_B;Andrés;XXXX;XXXX;XXXXX;2,3318170;XXXX;XXXX
6321;6321;Maria;XXXX;XXXX;XXXXX;4,7747510;XXXX;XXXX
6781;6781_A;Sebstian;XXXX;XXXX;XXXXX;0,9037070;XXXX;XXXX
6346;6346;Andrés;XXXX;XXXX;XXXXX;3,9895170;XXXX;XXXX
6603;6603_A;Maria;XXXX;XXXX;XXXXX;0,3217080;XXXX;XXXX
6166;6166_B;Sebstian;XXXX;XXXX;XXXXX;3,9463400;XXXX;XXXX
6166;6166_A;Andrés;XXXX;XXXX;XXXXX;1,1851990;XXXX;XXXX
6163;6163_B;Maria;XXXX;XXXX;XXXXX;1,3531890;XXXX;XXXX
6163;6163_A;Sebstian;XXXX;XXXX;XXXXX;7,3556030;XXXX;XXXX
5707;5707_C;Andrés;XXXX;XXXX;XXXXX;15,0688470;XXXX;XXXX
5707;5707_A;Maria;XXXX;XXXX;XXXXX;2,3237410;XXXX;XXXX
6779;6779_C;Sebstian;XXXX;XXXX;XXXXX;0,1824410;XXXX;XXXX
6345;6345;Andrés;XXXX;XXXX;XXXXX;4,1166470;XXXX;XXXX
6779;6779_B;Maria;XXXX;XXXX;XXXXX;3,4628960;XXXX;XXXX
6779;6779_A;Sebstian;XXXX;XXXX;XXXXX;1,4055700;XXXX;XXXX
6665;6665;Andrés;XXXX;XXXX;XXXXX;2,3188080;XXXX;XXXX
6688;6688_A;Maria;XXXX;XXXX;XXXXX;0,4821810;XXXX;XXXX
6450;6450_C;Sebstian;XXXX;XXXX;XXXXX;0,4052670;XXXX;XXXX
6450;6450_B;Andrés;XXXX;XXXX;XXXXX;0,4891050;XXXX;XXXX
6450;6450_A;Maria;XXXX;XXXX;XXXXX;6,7210300;XXXX;XXXX
6603;6603_B;Sebstian;XXXX;XXXX;XXXXX;0,8036140;XXXX;XXXX
3452;3452_D;Andrés;XXXX;XXXX;XXXXX;0,5947350;XXXX;XXXX
2500;2500_A;Maria;XXXX;XXXX;XXXXX;3,7010160;XXXX;XXXX
7199;7199_A;Sebstian;XXXX;XXXX;XXXXX;4,6084480;XXXX;XXXX
7199;7199_B;Andrés;XXXX;XXXX;XXXXX;1,6010430;XXXX;XXXX
7199;7199_C;Maria;XXXX;XXXX;XXXXX;2,0065710;XXXX;XXXX
7199;7199_D;Sebstian;XXXX;XXXX;XXXXX;1,5727630;XXXX;XXXX
7619;7619_A;Andrés;XXXX;XXXX;XXXXX;3,2603320;XXXX;XXXX
7619;7619_B;Maria;XXXX;XXXX;XXXXX;1,5857790;XXXX;XXXX
7215;7215;Sebstian;XXXX;XXXX;XXXXX;4,5542510;XXXX;XXXX
2313;2313;Andrés;XXXX;XXXX;XXXXX;2,3445690;XXXX;XXXX
4662;4662_B;Maria;XXXX;XXXX;XXXXX;2,2946330;XXXX;XXXX
7625;7625_A;Sebstian;XXXX;XXXX;XXXXX;0,9911170;XXXX;XXXX
7625;7625_B;Andrés;XXXX;XXXX;XXXXX;0,8297910;XXXX;XXXX
7625;7625_C;Maria;XXXX;XXXX;XXXXX;1,8772430;XXXX;XXXX
4662;4662_A;Sebstian;XXXX;XXXX;XXXXX;2,9535210;XXXX;XXXX
4662;4662_C;Andrés;XXXX;XXXX;XXXXX;1,7190360;XXXX;XXXX
3946;3946;Maria;XXXX;XXXX;XXXXX;1,8030320;XXXX;XXXX
3714;3714_B;Sebstian;XXXX;XXXX;XXXXX;1,0968860;XXXX;XXXX
3714;3714_A;Andrés;XXXX;XXXX;XXXXX;2,1799560;XXXX;XXXX
3672;3672;Maria;XXXX;XXXX;XXXXX;1,0197740;XXXX;XXXX
2500;2500_B;Sebstian;XXXX;XXXX;XXXXX;1,8709570;XXXX;XXXX
10809;10809_B;Andrés;XXXX;XXXX;XXXXX;2,0009800;XXXX;XXXX
10260;10260_B;Maria;XXXX;XXXX;XXXXX;1,3313240;XXXX;XXXX
10043;10043_A;Sebstian;XXXX;XXXX;XXXXX;36,2769750;XXXX;XXXX
10043;10043_C;Andrés;XXXX;XXXX;XXXXX;0,4069560;XXXX;XXXX
10043;10043_B;Maria;XXXX;XXXX;XXXXX;2,2736730;XXXX;XXXX
11889;11889_A;Sebstian;XXXX;XXXX;XXXXX;18,3975810;XXXX;XXXX
11438;11438_B;Andrés;XXXX;XXXX;XXXXX;3,8438250;XXXX;XXXX
10927;10927_C;Maria;XXXX;XXXX;XXXXX;0,1887200;XXXX;XXXX
10927;10927_D;Sebstian;XXXX;XXXX;XXXXX;0,2028910;XXXX;XXXX
11144;11144_A;Andrés;XXXX;XXXX;XXXXX;6,0145910;XXXX;XXXX
11455;11455_A;Maria;XXXX;XXXX;XXXXX;4,3864790;XXXX;XXXX
10184;10184_C;Sebstian;XXXX;XXXX;XXXXX;9,4385610;XXXX;XXXX
11474;11474_A;Andrés;XXXX;XXXX;XXXXX;2,9756880;XXXX;XXXX
1835;1835;Maria;XXXX;XXXX;XXXXX;1,9045980;XXXX;XXXX
2698;2698_A;Sebstian;XXXX;XXXX;XXXXX;2,9241930;XXXX;XXXX
2698;2698_B;Andrés;XXXX;XXXX;XXXXX;0,0882760;XXXX;XXXX
2780;2780_C;Maria;XXXX;XXXX;XXXXX;1,1270560;XXXX;XXXX
2780;2780_A;Sebstian;XXXX;XXXX;XXXXX;2,4865660;XXXX;XXXX
2780;2780_B;Andrés;XXXX;XXXX;XXXXX;0,0608590;XXXX;XXXX
3102;3102_B;Maria;XXXX;XXXX;XXXXX;1,5180040;XXXX;XXXX
1747;1747;Sebstian;XXXX;XXXX;XXXXX;4,4050990;XXXX;XXXX
3050;3050_A;Andrés;XXXX;XXXX;XXXXX;0,8737140;XXXX;XXXX
3050;3050_B;Maria;XXXX;XXXX;XXXXX;7,5128310;XXXX;XXXX
3050;3050_C;Sebstian;XXXX;XXXX;XXXXX;0,2898320;XXXX;XXXX
2103;2103;Andrés;XXXX;XXXX;XXXXX;2,3886940;XXXX;XXXX
3755;3755;Maria;XXXX;XXXX;XXXXX;4,7056010;XXXX;XXXX
3711;3711_A;Sebstian;XXXX;XXXX;XXXXX;1,1833140;XXXX;XXXX
3711;3711_B;Andrés;XXXX;XXXX;XXXXX;1,0926640;XXXX;XXXX
3711;3711_C;Maria;XXXX;XXXX;XXXXX;0,9816150;XXXX;XXXX
2885;2885;Sebstian;XXXX;XXXX;XXXXX;12,9487230;XXXX;XXXX
3398;3398;Andrés;XXXX;XXXX;XXXXX;3,0420820;XXXX;XXXX
3374;3374;Maria;XXXX;XXXX;XXXXX;11,5976140;XXXX;XXXX
3271;3271;Sebstian;XXXX;XXXX;XXXXX;3,1858210;XXXX;XXXX
10011;10011_E;Andrés;XXXX;XXXX;XXXXX;6,3902650;XXXX;XXXX
10011;10011_F;Maria;XXXX;XXXX;XXXXX;2,1545090;XXXX;XXXX
9819;9819_B;Sebstian;XXXX;XXXX;XXXXX;3,3228670;XXXX;XXXX
9819;9819_A;Andrés;XXXX;XXXX;XXXXX;1,9107920;XXXX;XXXX
9819;9819_C;Maria;XXXX;XXXX;XXXXX;1,0120370;XXXX;XXXX
10132;10132_A;Sebstian;XXXX;XXXX;XXXXX;2,0177110;XXXX;XXXX
10908;10908_D;Andrés;XXXX;XXXX;XXXXX;1,1155550;XXXX;XXXX
9969;9969_B;Maria;XXXX;XXXX;XXXXX;1,4549050;XXXX;XXXX
9946;9946_A;Sebstian;XXXX;XXXX;XXXXX;11,5911060;XXXX;XXXX
9946;9946_G;Andrés;XXXX;XXXX;XXXXX;4,5910460;XXXX;XXXX
9946;9946_B;Maria;XXXX;XXXX;XXXXX;5,8828850;XXXX;XXXX
9946;9946_C;Sebstian;XXXX;XXXX;XXXXX;1,9730820;XXXX;XXXX
9946;9946_D;Andrés;XXXX;XXXX;XXXXX;1,5646350;XXXX;XXXX
9946;9946_E;Maria;XXXX;XXXX;XXXXX;1,9413750;XXXX;XXXX
9946;9946_F;Sebstian;XXXX;XXXX;XXXXX;2,5167030;XXXX;XXXX
9946;9946_H;Andrés;XXXX;XXXX;XXXXX;6,0337420;XXXX;XXXX
9946;9946_I;Maria;XXXX;XXXX;XXXXX;1,3063740;XXXX;XXXX
4174;4174_B;Sebstian;XXXX;XXXX;XXXXX;1,0023650;XXXX;XXXX
4174;4174_A;Andrés;XXXX;XXXX;XXXXX;4,7500860;XXXX;XXXX
10161;10161_B;Maria;XXXX;XXXX;XXXXX;0,6861910;XXXX;XXXX
11419;11419_A;Sebstian;XXXX;XXXX;XXXXX;1,7824470;XXXX;XXXX
11419;11419_B;Andrés;XXXX;XXXX;XXXXX;4,8355410;XXXX;XXXX
9774;9774_F;Maria;XXXX;XXXX;XXXXX;0,1821780;XXXX;XXXX
9774;9774_A;Sebstian;XXXX;XXXX;XXXXX;0,5631670;XXXX;XXXX
9774;9774_C;Andrés;XXXX;XXXX;XXXXX;0,8040410;XXXX;XXXX
9774;9774_D;Maria;XXXX;XXXX;XXXXX;5,5226650;XXXX;XXXX
9774;9774_E;Sebstian;XXXX;XXXX;XXXXX;2,2645260;XXXX;XXXX
9774;9774_G;Andrés;XXXX;XXXX;XXXXX;1,1545360;XXXX;XXXX
9806;9806_B;Maria;XXXX;XXXX;XXXXX;0,9291160;XXXX;XXXX
10025;10025_B;Sebstian;XXXX;XXXX;XXXXX;0,3688300;XXXX;XXXX
11186;11186_B;Andrés;XXXX;XXXX;XXXXX;0,2942760;XXXX;XXXX
11186;11186_C;Maria;XXXX;XXXX;XXXXX;0,4264480;XXXX;XXXX
11229;11229_B;Sebstian;XXXX;XXXX;XXXXX;0,1248810;XXXX;XXXX
11229;11229_C;Andrés;XXXX;XXXX;XXXXX;1,6492290;XXXX;XXXX
11905;11905_B;Maria;XXXX;XXXX;XXXXX;4,1957450;XXXX;XXXX
11905;11905_A;Sebstian;XXXX;XXXX;XXXXX;7,4991490;XXXX;XXXX
11325;11325_B;Andrés;XXXX;XXXX;XXXXX;0,9719980;XXXX;XXXX
11361;11361_A;Maria;XXXX;XXXX;XXXXX;1,1090090;XXXX;XXXX
11361;11361_B;Sebstian;XXXX;XXXX;XXXXX;3,6033770;XXXX;XXXX
10122;10122_A;Andrés;XXXX;XXXX;XXXXX;1,5584800;XXXX;XXXX
10122;10122_B;Maria;XXXX;XXXX;XXXXX;1,8816000;XXXX;XXXX
10122;10122_C;Sebstian;XXXX;XXXX;XXXXX;2,7387810;XXXX;XXXX
11202;11202_A;Andrés;XXXX;XXXX;XXXXX;1,6202250;XXXX;XXXX
11202;11202_B;Maria;XXXX;XXXX;XXXXX;3,4597910;XXXX;XXXX
10161;10161_C;Sebstian;XXXX;XXXX;XXXXX;2,3605210;XXXX;XXXX
11488;11488_A;Andrés;XXXX;XXXX;XXXXX;0,4980740;XXXX;XXXX
11488;11488_B;Maria;XXXX;XXXX;XXXXX;0,1405800;XXXX;XXXX
11488;11488_C;Sebstian;XXXX;XXXX;XXXXX;0,4680210;XXXX;XXXX
11851;11851_A;Andrés;XXXX;XXXX;XXXXX;1,4517930;XXXX;XXXX
11851;11851_B;Maria;XXXX;XXXX;XXXXX;1,0156270;XXXX;XXXX
11851;11851_C;Sebstian;XXXX;XXXX;XXXXX;1,9101200;XXXX;XXXX
11851;11851_D;Andrés;XXXX;XXXX;XXXXX;1,4138650;XXXX;XXXX
11851;11851_E;Maria;XXXX;XXXX;XXXXX;3,5405730;XXXX;XXXX
11851;11851_F;Sebstian;XXXX;XXXX;XXXXX;0,5724860;XXXX;XXXX
11488;11488_D;Andrés;XXXX;XXXX;XXXXX;0,3144460;XXXX;XXXX
11488;11488_E;Maria;XXXX;XXXX;XXXXX;2,3460640;XXXX;XXXX
11488;11488_F;Sebstian;XXXX;XXXX;XXXXX;1,8586420;XXXX;XXXX
9775;9775_C;Andrés;XXXX;XXXX;XXXXX;1,9558950;XXXX;XXXX
10070;10070_B;Maria;XXXX;XXXX;XXXXX;3,7398860;XXXX;XXXX
9981;9981_A;Sebstian;XXXX;XXXX;XXXXX;3,7560320;XXXX;XXXX
9981;9981_B;Andrés;XXXX;XXXX;XXXXX;5,1242750;XXXX;XXXX
11570;11570_A;Maria;XXXX;XXXX;XXXXX;2,0615540;XXXX;XXXX
11570;11570_B;Sebstian;XXXX;XXXX;XXXXX;1,6585490;XXXX;XXXX
10754;10754_C;Andrés;XXXX;XXXX;XXXXX;2,0881840;XXXX;XXXX
11609;11609;Maria;XXXX;XXXX;XXXXX;7,4449850;XXXX;XXXX
11743;11743_A;Sebstian;XXXX;XXXX;XXXXX;1,9022610;XXXX;XXXX
11743;11743_B;Andrés;XXXX;XXXX;XXXXX;3,6846200;XXXX;XXXX
11472;11472_A;Maria;XXXX;XXXX;XXXXX;1,9459930;XXXX;XXXX
10155;10155;Sebstian;XXXX;XXXX;XXXXX;6,2875770;XXXX;XXXX
11472;11472_B;Andrés;XXXX;XXXX;XXXXX;3,8524500;XXXX;XXXX
11176;11176_A;Maria;XXXX;XXXX;XXXXX;1,0217460;XXXX;XXXX
11176;11176_B;Sebstian;XXXX;XXXX;XXXXX;3,1990770;XXXX;XXXX
11472;11472_C;Andrés;XXXX;XXXX;XXXXX;4,8495790;XXXX;XXXX
11677;11677;Maria;XXXX;XXXX;XXXXX;5,4855230;XXXX;XXXX
10764;10764_B;Sebstian;XXXX;XXXX;XXXXX;3,2833170;XXXX;XXXX
10764;10764_A;Andrés;XXXX;XXXX;XXXXX;3,0670320;XXXX;XXXX
10764;10764_C;Maria;XXXX;XXXX;XXXXX;1,8511900;XXXX;XXXX
10376;10376;Sebstian;XXXX;XXXX;XXXXX;9,2916580;XXXX;XXXX
11769;11769;Andrés;XXXX;XXXX;XXXXX;5,4014220;XXXX;XXXX
11720;11720_A;Maria;XXXX;XXXX;XXXXX;5,5425680;XXXX;XXXX
11720;11720_B;Sebstian;XXXX;XXXX;XXXXX;1,4234500;XXXX;XXXX
11720;11720_C;Andrés;XXXX;XXXX;XXXXX;2,4880710;XXXX;XXXX
11168;11168;Maria;XXXX;XXXX;XXXXX;5,7720580;XXXX;XXXX
10016;10016_A;Sebstian;XXXX;XXXX;XXXXX;7,1438880;XXXX;XXXX
10016;10016_B;Andrés;XXXX;XXXX;XXXXX;1,4890080;XXXX;XXXX
12234;12234;Maria;XXXX;XXXX;XXXXX;9,9676840;XXXX;XXXX
12178;12178_A;Sebstian;XXXX;XXXX;XXXXX;1,9274850;XXXX;XXXX
12178;12178_C;Andrés;XXXX;XXXX;XXXXX;1,3712320;XXXX;XXXX
12178;12178_B;Maria;XXXX;XXXX;XXXXX;1,2825800;XXXX;XXXX
12172;12172;Sebstian;XXXX;XXXX;XXXXX;7,9751100;XXXX;XXXX
11572;11572;Andrés;XXXX;XXXX;XXXXX;4,5369740;XXXX;XXXX
11170;11170_A;Maria;XXXX;XXXX;XXXXX;4,2290060;XXXX;XXXX
11170;11170_B;Sebstian;XXXX;XXXX;XXXXX;1,4742720;XXXX;XXXX
11287;11287;Andrés;XXXX;XXXX;XXXXX;7,3500570;XXXX;XXXX
10920;10920_C;Maria;XXXX;XXXX;XXXXX;0,5253770;XXXX;XXXX
10920;10920_A;Sebstian;XXXX;XXXX;XXXXX;0,8668250;XXXX;XXXX
10920;10920_B;Andrés;XXXX;XXXX;XXXXX;3,5671260;XXXX;XXXX
10902;10902;Maria;XXXX;XXXX;XXXXX;5,9671240;XXXX;XXXX
10211;10211_A;Sebstian;XXXX;XXXX;XXXXX;2,0638060;XXXX;XXXX
10211;10211_B;Andrés;XXXX;XXXX;XXXXX;1,8963270;XXXX;XXXX
10126;10126;Maria;XXXX;XXXX;XXXXX;11,5905690;XXXX;XXXX
9959;9959_A;Sebstian;XXXX;XXXX;XXXXX;5,6789170;XXXX;XXXX
9959;9959_B;Andrés;XXXX;XXXX;XXXXX;5,2799830;XXXX;XXXX
9915;9915;Maria;XXXX;XXXX;XXXXX;6,4486380;XXXX;XXXX
12211;12211;Sebstian;XXXX;XXXX;XXXXX;4,5900860;XXXX;XXXX
10231;10231_A;Andrés;XXXX;XXXX;XXXXX;3,9881730;XXXX;XXXX
10231;10231_B;Maria;XXXX;XXXX;XXXXX;1,9551180;XXXX;XXXX
10231;10231_D;Sebstian;XXXX;XXXX;XXXXX;2,9313320;XXXX;XXXX
10231;10231_E;Andrés;XXXX;XXXX;XXXXX;1,6866840;XXXX;XXXX
10231;10231_F;Maria;XXXX;XXXX;XXXXX;2,8413830;XXXX;XXXX
9786;9786;Sebstian;XXXX;XXXX;XXXXX;12,5622180;XXXX;XXXX
11898;11898_A;Andrés;XXXX;XXXX;XXXXX;1,3288270;XXXX;XXXX
11898;11898_B;Maria;XXXX;XXXX;XXXXX;3,0041990;XXXX;XXXX
11883;11883;Sebstian;XXXX;XXXX;XXXXX;16,0287300;XXXX;XXXX
11875;11875_C;Andrés;XXXX;XXXX;XXXXX;6,2567700;XXXX;XXXX
11875;11875_B;Maria;XXXX;XXXX;XXXXX;2,1337680;XXXX;XXXX
11875;11875_A;Sebstian;XXXX;XXXX;XXXXX;3,5141120;XXXX;XXXX
11875;11875_D;Andrés;XXXX;XXXX;XXXXX;0,4494980;XXXX;XXXX
11264;11264_A;Maria;XXXX;XXXX;XXXXX;0,5490910;XXXX;XXXX
11264;11264_B;Sebstian;XXXX;XXXX;XXXXX;0,5076720;XXXX;XXXX
11264;11264_C;Andrés;XXXX;XXXX;XXXXX;0,4048040;XXXX;XXXX
11264;11264_D;Maria;XXXX;XXXX;XXXXX;3,5691380;XXXX;XXXX
11885;11885;Sebstian;XXXX;XXXX;XXXXX;4,0984240;XXXX;XXXX
11864;11864;Andrés;XXXX;XXXX;XXXXX;4,1705990;XXXX;XXXX
11096;11096_A;Maria;XXXX;XXXX;XXXXX;2,9751130;XXXX;XXXX
11096;11096_B;Sebstian;XXXX;XXXX;XXXXX;6,0452120;XXXX;XXXX
10321;10321_A;Andrés;XXXX;XXXX;XXXXX;4,2584980;XXXX;XXXX
11122;11122_A;Maria;XXXX;XXXX;XXXXX;1,8446760;XXXX;XXXX
10321;10321_B;Sebstian;XXXX;XXXX;XXXXX;3,4702230;XXXX;XXXX
10524;10524;Andrés;XXXX;XXXX;XXXXX;5,7296320;XXXX;XXXX
11122;11122_B;Maria;XXXX;XXXX;XXXXX;1,7261330;XXXX;XXXX
11122;11122_C;Sebstian;XXXX;XXXX;XXXXX;2,0419480;XXXX;XXXX
11434;11434_C;Andrés;XXXX;XXXX;XXXXX;0,2585450;XXXX;XXXX
11434;11434_B;Maria;XXXX;XXXX;XXXXX;4,5259470;XXXX;XXXX
11434;11434_A;Sebstian;XXXX;XXXX;XXXXX;1,7252990;XXXX;XXXX
11416;11416_B;Andrés;XXXX;XXXX;XXXXX;1,6956650;XXXX;XXXX
11416;11416_A;Maria;XXXX;XXXX;XXXXX;4,7187600;XXXX;XXXX
11412;11412_C;Sebstian;XXXX;XXXX;XXXXX;0,5167320;XXXX;XXXX
11412;11412_B;Andrés;XXXX;XXXX;XXXXX;1,5822250;XXXX;XXXX
11412;11412_A;Maria;XXXX;XXXX;XXXXX;1,9886710;XXXX;XXXX
11427;11427_B;Sebstian;XXXX;XXXX;XXXXX;5,3552960;XXXX;XXXX
11427;11427_A;Andrés;XXXX;XXXX;XXXXX;8,0157420;XXXX;XXXX
10361;10361_B;Maria;XXXX;XXXX;XXXXX;2,3894210;XXXX;XXXX
10361;10361_A;Sebstian;XXXX;XXXX;XXXXX;2,2618710;XXXX;XXXX
10476;10476_A;Andrés;XXXX;XXXX;XXXXX;3,8132100;XXXX;XXXX
10476;10476_B;Maria;XXXX;XXXX;XXXXX;1,8168520;XXXX;XXXX
10476;10476_C;Sebstian;XXXX;XXXX;XXXXX;2,0904260;XXXX;XXXX
10476;10476_D;Andrés;XXXX;XXXX;XXXXX;2,6453620;XXXX;XXXX
10216;10216;Maria;XXXX;XXXX;XXXXX;6,2913790;XXXX;XXXX
10152;10152_A;Sebstian;XXXX;XXXX;XXXXX;0,6112700;XXXX;XXXX
10361;10361_C;Andrés;XXXX;XXXX;XXXXX;6,9880440;XXXX;XXXX
10339;10339;Maria;XXXX;XXXX;XXXXX;12,5991290;XXXX;XXXX
10501;10501_A;Sebstian;XXXX;XXXX;XXXXX;7,9629450;XXXX;XXXX
10501;10501_B;Andrés;XXXX;XXXX;XXXXX;2,5740310;XXXX;XXXX
10152;10152_B;Maria;XXXX;XXXX;XXXXX;5,7896700;XXXX;XXXX
10151;10151_A;Sebstian;XXXX;XXXX;XXXXX;4,0452240;XXXX;XXXX
10151;10151_B;Andrés;XXXX;XXXX;XXXXX;2,5068240;XXXX;XXXX
10151;10151_C;Maria;XXXX;XXXX;XXXXX;4,4784790;XXXX;XXXX
10151;10151_D;Sebstian;XXXX;XXXX;XXXXX;0,2942440;XXXX;XXXX
10093;10093;Andrés;XXXX;XXXX;XXXXX;7,0664400;XXXX;XXXX
11904;11904;Maria;XXXX;XXXX;XXXXX;9,3564970;XXXX;XXXX
11822;11822;Sebstian;XXXX;XXXX;XXXXX;15,1387170;XXXX;XXXX
11821;11821;Andrés;XXXX;XXXX;XXXXX;16,9117700;XXXX;XXXX
11636;11636;Maria;XXXX;XXXX;XXXXX;15,4999950;XXXX;XXXX
11397;11397;Sebstian;XXXX;XXXX;XXXXX;7,7337400;XXXX;XXXX
11586;11586;Andrés;XXXX;XXXX;XXXXX;11,1703530;XXXX;XXXX
11391;11391;Maria;XXXX;XXXX;XXXXX;4,0461500;XXXX;XXXX
13064;13064;Sebstian;XXXX;XXXX;XXXXX;5,7817380;XXXX;XXXX
10593;10593_B;Andrés;XXXX;XXXX;XXXXX;2,4897200;XXXX;XXXX
10241;10241;Maria;XXXX;XXXX;XXXXX;7,5791310;XXXX;XXXX
10593;10593_A;Sebstian;XXXX;XXXX;XXXXX;2,6078930;XXXX;XXXX
9952;9952_B;Andrés;XXXX;XXXX;XXXXX;13,6369770;XXXX;XXXX
11201;11201;Maria;XXXX;XXXX;XXXXX;5,0377560;XXXX;XXXX
10863;10863;Sebstian;XXXX;XXXX;XXXXX;4,3707190;XXXX;XXXX
10871;10871_A;Andrés;XXXX;XXXX;XXXXX;7,7712340;XXXX;XXXX
10871;10871_B;Maria;XXXX;XXXX;XXXXX;1,1132490;XXXX;XXXX
10212;10212_A;Sebstian;XXXX;XXXX;XXXXX;3,0241590;XXXX;XXXX
10212;10212_B;Andrés;XXXX;XXXX;XXXXX;5,0112470;XXXX;XXXX
10188;10188_A;Maria;XXXX;XXXX;XXXXX;3,8631070;XXXX;XXXX
10188;10188_B;Sebstian;XXXX;XXXX;XXXXX;0,8233860;XXXX;XXXX
10188;10188_C;Andrés;XXXX;XXXX;XXXXX;0,6093230;XXXX;XXXX
10188;10188_D;Maria;XXXX;XXXX;XXXXX;0,9510770;XXXX;XXXX
10857;10857;Sebstian;XXXX;XXXX;XXXXX;6,5255430;XXXX;XXXX
10854;10854;Andrés;XXXX;XXXX;XXXXX;2,4435160;XXXX;XXXX
9974;9974_A;Maria;XXXX;XXXX;XXXXX;8,7383470;XXXX;XXXX
9974;9974_B;Sebstian;XXXX;XXXX;XXXXX;5,7263890;XXXX;XXXX
9904;9904_A;Andrés;XXXX;XXXX;XXXXX;1,1473880;XXXX;XXXX
9987;9987;Maria;XXXX;XXXX;XXXXX;5,9981370;XXXX;XXXX
11902;11902_A;Sebstian;XXXX;XXXX;XXXXX;3,7810340;XXXX;XXXX
11902;11902_B;Andrés;XXXX;XXXX;XXXXX;2,1461470;XXXX;XXXX
10173;10173;Maria;XXXX;XXXX;XXXXX;5,1197550;XXXX;XXXX
10825;10825_A;Sebstian;XXXX;XXXX;XXXXX;9,0602190;XXXX;XXXX
10825;10825_B;Andrés;XXXX;XXXX;XXXXX;0,3489910;XXXX;XXXX
10853;10853;Maria;XXXX;XXXX;XXXXX;5,6935870;XXXX;XXXX
11137;11137;Sebstian;XXXX;XXXX;XXXXX;3,9589300;XXXX;XXXX
11778;11778;Andrés;XXXX;XXXX;XXXXX;6,5661170;XXXX;XXXX
11843;11843_A;Maria;XXXX;XXXX;XXXXX;2,3018390;XXXX;XXXX
11843;11843_B;Sebstian;XXXX;XXXX;XXXXX;2,0481110;XXXX;XXXX
11115;11115;Andrés;XXXX;XXXX;XXXXX;14,8834580;XXXX;XXXX
10250;10250;Maria;XXXX;XXXX;XXXXX;4,5987680;XXXX;XXXX
11896;11896;Sebstian;XXXX;XXXX;XXXXX;4,3852420;XXXX;XXXX
10182;10182_A;Andrés;XXXX;XXXX;XXXXX;2,2079190;XXXX;XXXX
10182;10182_B;Maria;XXXX;XXXX;XXXXX;4,0285940;XXXX;XXXX
9787;9787_A;Sebstian;XXXX;XXXX;XXXXX;1,9927000;XXXX;XXXX
9787;9787_B;Andrés;XXXX;XXXX;XXXXX;2,0020870;XXXX;XXXX
9787;9787_C;Maria;XXXX;XXXX;XXXXX;1,4974120;XXXX;XXXX
9787;9787_D;Sebstian;XXXX;XXXX;XXXXX;0,9967270;XXXX;XXXX
9787;9787_E;Andrés;XXXX;XXXX;XXXXX;1,9392560;XXXX;XXXX
9787;9787_F;Maria;XXXX;XXXX;XXXXX;1,4970330;XXXX;XXXX
9912;9912_A;Sebstian;XXXX;XXXX;XXXXX;12,5521040;XXXX;XXXX
9912;9912_B;Andrés;XXXX;XXXX;XXXXX;4,0665830;XXXX;XXXX
9912;9912_C;Maria;XXXX;XXXX;XXXXX;4,9698510;XXXX;XXXX
9788;9788_C;Sebstian;XXXX;XXXX;XXXXX;5,2458970;XXXX;XXXX
9788;9788_D;Andrés;XXXX;XXXX;XXXXX;3,9048010;XXXX;XXXX
9788;9788_B;Maria;XXXX;XXXX;XXXXX;10,1375910;XXXX;XXXX
11370;11370_A;Sebstian;XXXX;XXXX;XXXXX;6,0849080;XXXX;XXXX
11253;11253_B;Andrés;XXXX;XXXX;XXXXX;15,5527040;XXXX;XXXX
10019;10019_B;Maria;XXXX;XXXX;XXXXX;8,9626620;XXXX;XXXX
11148;11148_A;Sebstian;XXXX;XXXX;XXXXX;3,5911140;XXXX;XXXX
11148;11148_B;Andrés;XXXX;XXXX;XXXXX;0,9984180;XXXX;XXXX
9788;9788_A;Maria;XXXX;XXXX;XXXXX;28,3246350;XXXX;XXXX
9904;9904_B;Sebstian;XXXX;XXXX;XXXXX;5,4831480;XXXX;XXXX
10603;10603_A;Andrés;XXXX;XXXX;XXXXX;16,0890690;XXXX;XXXX
10905;10905;Maria;XXXX;XXXX;XXXXX;1,5453060;XXXX;XXXX
10922;10922;Sebstian;XXXX;XXXX;XXXXX;4,9623580;XXXX;XXXX
9977;9977_B;Andrés;XXXX;XXXX;XXXXX;5,2765570;XXXX;XXXX
10021;10021;Maria;XXXX;XXXX;XXXXX;6,9679970;XXXX;XXXX
11879;11879;Sebstian;XXXX;XXXX;XXXXX;5,1467910;XXXX;XXXX
10603;10603_B;Andrés;XXXX;XXXX;XXXXX;0,4805340;XXXX;XXXX
11890;11890_A;Maria;XXXX;XXXX;XXXXX;8,1003330;XXXX;XXXX
11890;11890_B;Sebstian;XXXX;XXXX;XXXXX;11,5086700;XXXX;XXXX
11890;11890_C;Andrés;XXXX;XXXX;XXXXX;1,7150030;XXXX;XXXX
11890;11890_D;Maria;XXXX;XXXX;XXXXX;0,9790230;XXXX;XXXX
11890;11890_E;Sebstian;XXXX;XXXX;XXXXX;0,7826900;XXXX;XXXX
11890;11890_F;Andrés;XXXX;XXXX;XXXXX;8,9718570;XXXX;XXXX
11890;11890_G;Maria;XXXX;XXXX;XXXXX;1,0391250;XXXX;XXXX
10909;10909_B;Sebstian;XXXX;XXXX;XXXXX;4,5466590;XXXX;XXXX
10909;10909_C;Andrés;XXXX;XXXX;XXXXX;4,3048200;XXXX;XXXX
11886;11886_B;Maria;XXXX;XXXX;XXXXX;2,5761200;XXXX;XXXX
11167;11167_A;Sebstian;XXXX;XXXX;XXXXX;2,4512690;XXXX;XXXX
11415;11415_B;Andrés;XXXX;XXXX;XXXXX;3,3743650;XXXX;XXXX
11415;11415_A;Maria;XXXX;XXXX;XXXXX;0,7500000;XXXX;XXXX
11846;11846_A;Sebstian;XXXX;XXXX;XXXXX;15,9897340;XXXX;XXXX
11846;11846_B;Andrés;XXXX;XXXX;XXXXX;25,1380910;XXXX;XXXX
2672;2672_B;Maria;XXXX;XXXX;XXXXX;3,8148360;XXXX;XXXX
10923;10923_A;Sebstian;XXXX;XXXX;XXXXX;2,4470640;XXXX;XXXX
10923;10923_B;Andrés;XXXX;XXXX;XXXXX;3,2037630;XXXX;XXXX
10923;10923_C;Maria;XXXX;XXXX;XXXXX;0,8830670;XXXX;XXXX
10923;10923_D;Sebstian;XXXX;XXXX;XXXXX;10,5976150;XXXX;XXXX
10236;10236_A;Andrés;XXXX;XXXX;XXXXX;20,8642260;XXXX;XXXX
10236;10236_B;Maria;XXXX;XXXX;XXXXX;5,0072790;XXXX;XXXX
10236;10236_C;Sebstian;XXXX;XXXX;XXXXX;4,5298060;XXXX;XXXX
10236;10236_D;Andrés;XXXX;XXXX;XXXXX;4,9013800;XXXX;XXXX
9977;9977_A;Maria;XXXX;XXXX;XXXXX;6,9235310;XXXX;XXXX
10923;10923_E;Sebstian;XXXX;XXXX;XXXXX;1,4970720;XXXX;XXXX
5707;5707_B;Andrés;XXXX;XXXX;XXXXX;2,2057310;XXXX;XXXX
6412;6412_A;Maria;XXXX;XXXX;XXXXX;0,7894200;XXXX;XXXX
6461;6461_B;Sebstian;XXXX;XXXX;XXXXX;2,0095270;XXXX;XXXX
6461;6461_A;Andrés;XXXX;XXXX;XXXXX;4,2325890;XXXX;XXXX
6422;6422;Maria;XXXX;XXXX;XXXXX;6,4210360;XXXX;XXXX
6411;6411;Sebstian;XXXX;XXXX;XXXXX;4,6245600;XXXX;XXXX
6688;6688_B;Andrés;XXXX;XXXX;XXXXX;0,3837200;XXXX;XXXX
6872;6872_A;Maria;XXXX;XXXX;XXXXX;0,7051380;XXXX;XXXX
6872;6872_B;Sebstian;XXXX;XXXX;XXXXX;0,4741680;XXXX;XXXX
6412;6412_B;Andrés;XXXX;XXXX;XXXXX;3,7127020;XXXX;XXXX
9889;9889_A;Maria;XXXX;XXXX;XXXXX;6,1338030;XXXX;XXXX
9889;9889_B;Sebstian;XXXX;XXXX;XXXXX;3,4603000;XXXX;XXXX
9876;9876_B;Andrés;XXXX;XXXX;XXXXX;1,9824190;XXXX;XXXX
9876;9876_C;Maria;XXXX;XXXX;XXXXX;1,6700970;XXXX;XXXX
9784;9784;Sebstian;XXXX;XXXX;XXXXX;9,0269180;XXXX;XXXX
11231;11231;Andrés;XXXX;XXXX;XXXXX;7,7966880;XXXX;XXXX
11114;11114;Maria;XXXX;XXXX;XXXXX;6,9893620;XXXX;XXXX
10695;10695;Sebstian;XXXX;XXXX;XXXXX;7,0714430;XXXX;XXXX
10678;10678_A;Andrés;XXXX;XXXX;XXXXX;1,9909730;XXXX;XXXX
10678;10678_B;Maria;XXXX;XXXX;XXXXX;2,1683410;XXXX;XXXX
10658;10658_A;Sebstian;XXXX;XXXX;XXXXX;1,8593720;XXXX;XXXX
10658;10658_B;Andrés;XXXX;XXXX;XXXXX;2,6272980;XXXX;XXXX
13255;13255;Maria;XXXX;XXXX;XXXXX;13,8768280;XXXX;XXXX
11861;11861_B;Sebstian;XXXX;XXXX;XXXXX;8,4833820;XXXX;XXXX
11861;11861_A;Andrés;XXXX;XXXX;XXXXX;14,5238570;XXXX;XXXX
11900;11900;Maria;XXXX;XXXX;XXXXX;18,6710080;XXXX;XXXX
10978;10978_A;Sebstian;XXXX;XXXX;XXXXX;5,9551010;XXXX;XXXX
10978;10978_B;Andrés;XXXX;XXXX;XXXXX;2,4934520;XXXX;XXXX
11178;11178_A;Maria;XXXX;XXXX;XXXXX;3,9739980;XXXX;XXXX
11178;11178_B;Sebstian;XXXX;XXXX;XXXXX;10,4334720;XXXX;XXXX
11832;11832_A;Andrés;XXXX;XXXX;XXXXX;6,3319010;XXXX;XXXX
11832;11832_C;Maria;XXXX;XXXX;XXXXX;1,4586370;XXXX;XXXX
11832;11832_B;Sebstian;XXXX;XXXX;XXXXX;8,2731090;XXXX;XXXX
11192;11192_A;Andrés;XXXX;XXXX;XXXXX;3,2948600;XXXX;XXXX
11192;11192_B;Maria;XXXX;XXXX;XXXXX;3,0928040;XXXX;XXXX
11903;11903_A;Sebstian;XXXX;XXXX;XXXXX;6,7930750;XXXX;XXXX
11903;11903_B;Andrés;XXXX;XXXX;XXXXX;0,6880850;XXXX;XXXX
11903;11903_C;Maria;XXXX;XXXX;XXXXX;2,1189040;XXXX;XXXX
11839;11839;Sebstian;XXXX;XXXX;XXXXX;6,5699550;XXXX;XXXX
11158;11158;Andrés;XXXX;XXXX;XXXXX;8,9794910;XXXX;XXXX
10228;10228_A;Maria;XXXX;XXXX;XXXXX;3,3250370;XXXX;XXXX
10228;10228_B;Sebstian;XXXX;XXXX;XXXXX;1,4970980;XXXX;XXXX
10061;10061_A;Andrés;XXXX;XXXX;XXXXX;3,3277360;XXXX;XXXX
10061;10061_B;Maria;XXXX;XXXX;XXXXX;1,9559630;XXXX;XXXX
10024;10024_A;Sebstian;XXXX;XXXX;XXXXX;1,3995170;XXXX;XXXX
10024;10024_B;Andrés;XXXX;XXXX;XXXXX;3,0575190;XXXX;XXXX
10644;10644_A;Maria;XXXX;XXXX;XXXXX;7,0861640;XXXX;XXXX
10644;10644_B;Sebstian;XXXX;XXXX;XXXXX;0,6290680;XXXX;XXXX
10800;10800_A;Andrés;XXXX;XXXX;XXXXX;2,1861510;XXXX;XXXX
10800;10800_B;Maria;XXXX;XXXX;XXXXX;2,6498450;XXXX;XXXX
10800;10800_C;Sebstian;XXXX;XXXX;XXXXX;0,3083630;XXXX;XXXX
10800;10800_D;Andrés;XXXX;XXXX;XXXXX;5,9517360;XXXX;XXXX
10162;10162;Maria;XXXX;XXXX;XXXXX;9,7582590;XXXX;XXXX
11639;11639_A;Sebstian;XXXX;XXXX;XXXXX;4,9619340;XXXX;XXXX
11639;11639_B;Andrés;XXXX;XXXX;XXXXX;0,6523790;XXXX;XXXX
11426;11426_A;Maria;XXXX;XXXX;XXXXX;4,1443380;XXXX;XXXX
11426;11426_B;Sebstian;XXXX;XXXX;XXXXX;0,7751320;XXXX;XXXX
10218;10218_A;Andrés;XXXX;XXXX;XXXXX;2,9562320;XXXX;XXXX
10218;10218_B;Maria;XXXX;XXXX;XXXXX;0,2263890;XXXX;XXXX
10218;10218_C;Sebstian;XXXX;XXXX;XXXXX;1,5740280;XXXX;XXXX
10218;10218_D;Andrés;XXXX;XXXX;XXXXX;1,5548450;XXXX;XXXX
10218;10218_E;Maria;XXXX;XXXX;XXXXX;2,3640500;XXXX;XXXX
11834;11834_A;Sebstian;XXXX;XXXX;XXXXX;11,3824060;XXXX;XXXX
11834;11834_B;Andrés;XXXX;XXXX;XXXXX;2,0067720;XXXX;XXXX
9203;9203_A;Maria;XXXX;XXXX;XXXXX;3,4374610;XXXX;XXXX
9203;9203_B;Sebstian;XXXX;XXXX;XXXXX;2,8723980;XXXX;XXXX
9261;9261;Andrés;XXXX;XXXX;XXXXX;4,5813310;XXXX;XXXX
10890;10890_B;Maria;XXXX;XXXX;XXXXX;1,7976680;XXXX;XXXX
12242;12242;Sebstian;XXXX;XXXX;XXXXX;4,8399370;XXXX;XXXX
11855;11855;Andrés;XXXX;XXXX;XXXXX;5,4719480;XXXX;XXXX
12061;12061;Maria;XXXX;XXXX;XXXXX;5,5296700;XXXX;XXXX
10000;10000;Sebstian;XXXX;XXXX;XXXXX;7,2837790;XXXX;XXXX
11713;11713;Andrés;XXXX;XXXX;XXXXX;4,3012380;XXXX;XXXX
9999;9999_A;Maria;XXXX;XXXX;XXXXX;3,0176900;XXXX;XXXX
9999;9999_B;Sebstian;XXXX;XXXX;XXXXX;2,6694430;XXXX;XXXX
10890;10890_A;Andrés;XXXX;XXXX;XXXXX;3,9374990;XXXX;XXXX
13270;13270_A;Maria;XXXX;XXXX;XXXXX;4,8392280;XXXX;XXXX
13270;13270_B;Sebstian;XXXX;XXXX;XXXXX;0,9677350;XXXX;XXXX
13263;13263_B;Andrés;XXXX;XXXX;XXXXX;4,7323650;XXXX;XXXX
13263;13263_A;Maria;XXXX;XXXX;XXXXX;2,8998400;XXXX;XXXX
11458;11458;Sebstian;XXXX;XXXX;XXXXX;6,9624300;XXXX;XXXX
9945;9945;Andrés;XXXX;XXXX;XXXXX;8,0688420;XXXX;XXXX
9791;9791_A;Maria;XXXX;XXXX;XXXXX;4,1166570;XXXX;XXXX
9791;9791_B;Sebstian;XXXX;XXXX;XXXXX;1,0200110;XXXX;XXXX
10799;10799_A;Andrés;XXXX;XXXX;XXXXX;2,0434200;XXXX;XXXX
10799;10799_B;Maria;XXXX;XXXX;XXXXX;0,9982650;XXXX;XXXX
11476;11476;Sebstian;XXXX;XXXX;XXXXX;4,1898130;XXXX;XXXX
9862;9862;Andrés;XXXX;XXXX;XXXXX;11,1978800;XXXX;XXXX
9854;9854;Maria;XXXX;XXXX;XXXXX;8,3024000;XXXX;XXXX
11112;11112;Sebstian;XXXX;XXXX;XXXXX;4,3365640;XXXX;XXXX
10263;10263;Andrés;XXXX;XXXX;XXXXX;4,6168350;XXXX;XXXX
9965;9965;Maria;XXXX;XXXX;XXXXX;5,0942380;XXXX;XXXX
13237;13237_B;Sebstian;XXXX;XXXX;XXXXX;0,4444460;XXXX;XXXX
13237;13237_A;Andrés;XXXX;XXXX;XXXXX;0,6461870;XXXX;XXXX
13242;13242;Maria;XXXX;XXXX;XXXXX;8,1505010;XXXX;XXXX
13250;13250;Sebstian;XXXX;XXXX;XXXXX;9,9842080;XXXX;XXXX
13238;13238_A;Andrés;XXXX;XXXX;XXXXX;3,6454510;XXXX;XXXX
13231;13231;Maria;XXXX;XXXX;XXXXX;6,2283790;XXXX;XXXX
13237;13237_D;Sebstian;XXXX;XXXX;XXXXX;2,4998330;XXXX;XXXX
13237;13237_C;Andrés;XXXX;XXXX;XXXXX;0,6873670;XXXX;XXXX
13238;13238_B;Maria;XXXX;XXXX;XXXXX;3,1068370;XXXX;XXXX
4991;4991_A;Sebstian;XXXX;XXXX;XXXXX;2,7678220;XXXX;XXXX
4991;4991_B;Andrés;XXXX;XXXX;XXXXX;1,8356280;XXXX;XXXX
9855;9855_A;Maria;XXXX;XXXX;XXXXX;3,9543060;XXXX;XXXX
9855;9855_B;Sebstian;XXXX;XXXX;XXXXX;1,4793680;XXXX;XXXX
9855;9855_C;Andrés;XXXX;XXXX;XXXXX;0,8912440;XXXX;XXXX
10001;10001_A;Maria;XXXX;XXXX;XXXXX;3,8153030;XXXX;XXXX
10001;10001_B;Sebstian;XXXX;XXXX;XXXXX;4,2322720;XXXX;XXXX
10001;10001_C;Andrés;XXXX;XXXX;XXXXX;3,2152950;XXXX;XXXX
10001;10001_D;Maria;XXXX;XXXX;XXXXX;0,4488270;XXXX;XXXX
10002;10002;Sebstian;XXXX;XXXX;XXXXX;6,7658180;XXXX;XXXX
10042;10042_D;Andrés;XXXX;XXXX;XXXXX;4,6026930;XXXX;XXXX
10042;10042_A;Maria;XXXX;XXXX;XXXXX;1,6906820;XXXX;XXXX
10042;10042_B;Sebstian;XXXX;XXXX;XXXXX;0,8036930;XXXX;XXXX
10042;10042_C;Andrés;XXXX;XXXX;XXXXX;0,7790480;XXXX;XXXX
10080;10080_A;Maria;XXXX;XXXX;XXXXX;6,3685650;XXXX;XXXX
10080;10080_B;Sebstian;XXXX;XXXX;XXXXX;2,6543520;XXXX;XXXX
10680;10680_A;Andrés;XXXX;XXXX;XXXXX;5,5592790;XXXX;XXXX
9992;9992_A;Maria;XXXX;XXXX;XXXXX;6,4288310;XXXX;XXXX
9992;9992_B;Sebstian;XXXX;XXXX;XXXXX;2,7634490;XXXX;XXXX
11326;11326_A;Andrés;XXXX;XXXX;XXXXX;2,9757310;XXXX;XXXX
11326;11326_B;Maria;XXXX;XXXX;XXXXX;2,0373790;XXXX;XXXX
10869;10869_C;Sebstian;XXXX;XXXX;XXXXX;3,7360460;XXXX;XXXX
10869;10869_B;Andrés;XXXX;XXXX;XXXXX;0,5527920;XXXX;XXXX
10869;10869_A;Maria;XXXX;XXXX;XXXXX;1,0088370;XXXX;XXXX
11433;11433_A;Sebstian;XXXX;XXXX;XXXXX;4,4477580;XXXX;XXXX
11433;11433_B;Andrés;XXXX;XXXX;XXXXX;2,9413240;XXXX;XXXX
11836;11836_A;Maria;XXXX;XXXX;XXXXX;0,6895590;XXXX;XXXX
11836;11836_B;Sebstian;XXXX;XXXX;XXXXX;2,1452150;XXXX;XXXX
11836;11836_C;Andrés;XXXX;XXXX;XXXXX;1,2494740;XXXX;XXXX
11836;11836_D;Maria;XXXX;XXXX;XXXXX;1,0907370;XXXX;XXXX
11701;11701_A;Sebstian;XXXX;XXXX;XXXXX;1,1332950;XXXX;XXXX
11701;11701_B;Andrés;XXXX;XXXX;XXXXX;0,6371960;XXXX;XXXX
10940;10940;Maria;XXXX;XXXX;XXXXX;6,3512920;XXXX;XXXX
11464;11464_B;Sebstian;XXXX;XXXX;XXXXX;2,0625930;XXXX;XXXX
9832;9832_B;Andrés;XXXX;XXXX;XXXXX;1,0711460;XXXX;XXXX
9832;9832_C;Maria;XXXX;XXXX;XXXXX;2,3303560;XXXX;XXXX
10849;10849_A;Sebstian;XXXX;XXXX;XXXXX;1,7468690;XXXX;XXXX
10849;10849_B;Andrés;XXXX;XXXX;XXXXX;6,8518120;XXXX;XXXX
10849;10849_C;Maria;XXXX;XXXX;XXXXX;2,0715230;XXXX;XXXX
11145;11145_A;Sebstian;XXXX;XXXX;XXXXX;1,2562410;XXXX;XXXX
11145;11145_C;Andrés;XXXX;XXXX;XXXXX;0,5339400;XXXX;XXXX
11145;11145_B;Maria;XXXX;XXXX;XXXXX;1,3461900;XXXX;XXXX
11145;11145_D;Sebstian;XXXX;XXXX;XXXXX;3,9985320;XXXX;XXXX
11420;11420_A;Andrés;XXXX;XXXX;XXXXX;11,9095010;XXXX;XXXX
11420;11420_B;Maria;XXXX;XXXX;XXXXX;7,4056600;XXXX;XXXX
11420;11420_C;Sebstian;XXXX;XXXX;XXXXX;2,5856950;XXXX;XXXX
11420;11420_D;Andrés;XXXX;XXXX;XXXXX;4,0337520;XXXX;XXXX
12046;12046_B;Maria;XXXX;XXXX;XXXXX;2,0091480;XXXX;XXXX
12046;12046_A;Sebstian;XXXX;XXXX;XXXXX;2,8074930;XXXX;XXXX
12180;12180;Andrés;XXXX;XXXX;XXXXX;4,2841200;XXXX;XXXX
12718;12718_A;Maria;XXXX;XXXX;XXXXX;3,7653390;XXXX;XXXX
12718;12718_B;Sebstian;XXXX;XXXX;XXXXX;1,2950760;XXXX;XXXX
13274;13274;Andrés;XXXX;XXXX;XXXXX;9,9752980;XXXX;XXXX
6473;6473_A;Maria;XXXX;XXXX;XXXXX;2,6430420;XXXX;XXXX
6473;6473_B;Sebstian;XXXX;XXXX;XXXXX;1,4013430;XXXX;XXXX
9381;9381_B;Andrés;XXXX;XXXX;XXXXX;4,4978520;XXXX;XXXX
9381;9381_A;Maria;XXXX;XXXX;XXXXX;4,6692890;XXXX;XXXX
9859;9859_B;Sebstian;XXXX;XXXX;XXXXX;0,9263580;XXXX;XXXX
2000;2000_A;Andrés;XXXX;XXXX;XXXXX;2,9807900;XXXX;XXXX
9779;9779_B;Maria;XXXX;XXXX;XXXXX;2,8072510;XXXX;XXXX
9779;9779_A;Sebstian;XXXX;XXXX;XXXXX;3,0690220;XXXX;XXXX
12802;12802;Andrés;XXXX;XXXX;XXXXX;4,5327100;XXXX;XXXX
1643;1643_A;Maria;XXXX;XXXX;XXXXX;4,4260410;XXXX;XXXX
1643;1643_B;Sebstian;XXXX;XXXX;XXXXX;0,3464670;XXXX;XXXX
2778;2778;Andrés;XXXX;XXXX;XXXXX;4,0094820;XXXX;XXXX
6005;6005_A;Maria;XXXX;XXXX;XXXXX;1,7738500;XXXX;XXXX
6005;6005_B;Sebstian;XXXX;XXXX;XXXXX;3,1206940;XXXX;XXXX
5864;5864_A;Andrés;XXXX;XXXX;XXXXX;3,1437460;XXXX;XXXX
5864;5864_B;Maria;XXXX;XXXX;XXXXX;1,0411710;XXXX;XXXX
6349;6349_A;Sebstian;XXXX;XXXX;XXXXX;0,8376910;XXXX;XXXX
6349;6349_B;Andrés;XXXX;XXXX;XXXXX;1,8593230;XXXX;XXXX
6890;6890;Maria;XXXX;XXXX;XXXXX;1,9439100;XXXX;XXXX
3315;3315_A;Sebstian;XXXX;XXXX;XXXXX;2,6428450;XXXX;XXXX
3315;3315_B;Andrés;XXXX;XXXX;XXXXX;1,3311630;XXXX;XXXX
3315;3315_C;Maria;XXXX;XXXX;XXXXX;1,9941870;XXXX;XXXX
4656;4656;Sebstian;XXXX;XXXX;XXXXX;2,7538540;XXXX;XXXX
9769;9769_D;Andrés;XXXX;XXXX;XXXXX;3,4125620;XXXX;XXXX
9769;9769_C;Maria;XXXX;XXXX;XXXXX;2,7650870;XXXX;XXXX
9769;9769_B;Sebstian;XXXX;XXXX;XXXXX;3,5061310;XXXX;XXXX
9769;9769_A;Andrés;XXXX;XXXX;XXXXX;12,0281450;XXXX;XXXX
9769;9769_H;Maria;XXXX;XXXX;XXXXX;17,6397800;XXXX;XXXX
9769;9769_G;Sebstian;XXXX;XXXX;XXXXX;3,9826740;XXXX;XXXX
9769;9769_F;Andrés;XXXX;XXXX;XXXXX;14,6839620;XXXX;XXXX
9769;9769_E;Maria;XXXX;XXXX;XXXXX;14,6277160;XXXX;XXXX
9769;9769_I;Sebstian;XXXX;XXXX;XXXXX;15,3268300;XXXX;XXXX
9769;9769_K;Andrés;XXXX;XXXX;XXXXX;9,6704930;XXXX;XXXX
9769;9769_J;Maria;XXXX;XXXX;XXXXX;9,6083980;XXXX;XXXX
9769;9769_L;Sebstian;XXXX;XXXX;XXXXX;1,4858780;XXXX;XXXX
9769;9769_M;Andrés;XXXX;XXXX;XXXXX;1,1283020;XXXX;XXXX
13282;13282_A;Maria;XXXX;XXXX;XXXXX;0,7098870;XXXX;XXXX
13232;13232_B;Sebstian;XXXX;XXXX;XXXXX;0,4600750;XXXX;XXXX
13232;13232_A;Andrés;XXXX;XXXX;XXXXX;3,9257100;XXXX;XXXX
12228;12228;Maria;XXXX;XXXX;XXXXX;4,0276290;XXXX;XXXX
12167;12167_C;Sebstian;XXXX;XXXX;XXXXX;1,1136880;XXXX;XXXX
12167;12167_B;Andrés;XXXX;XXXX;XXXXX;2,0432260;XXXX;XXXX
12167;12167_A;Maria;XXXX;XXXX;XXXXX;1,5507030;XXXX;XXXX
11870;11870;Sebstian;XXXX;XXXX;XXXXX;2,6539960;XXXX;XXXX
11808;11808;Andrés;XXXX;XXXX;XXXXX;3,2974920;XXXX;XXXX
11531;11531;Maria;XXXX;XXXX;XXXXX;3,8734330;XXXX;XXXX
11704;11704_A;Sebstian;XXXX;XXXX;XXXXX;1,0475390;XXXX;XXXX
11704;11704_B;Andrés;XXXX;XXXX;XXXXX;2,6767380;XXXX;XXXX
11704;11704_C;Maria;XXXX;XXXX;XXXXX;0,4103940;XXXX;XXXX
11603;11603_A;Sebstian;XXXX;XXXX;XXXXX;9,2240450;XXXX;XXXX
11603;11603_B;Andrés;XXXX;XXXX;XXXXX;2,5660250;XXXX;XXXX
11887;11887;Maria;XXXX;XXXX;XXXXX;26,5053560;XXXX;XXXX
11876;11876_A;Sebstian;XXXX;XXXX;XXXXX;3,0662150;XXXX;XXXX
11876;11876_B;Andrés;XXXX;XXXX;XXXXX;1,5748870;XXXX;XXXX
11431;11431_A;Maria;XXXX;XXXX;XXXXX;3,0836530;XXXX;XXXX
11431;11431_B;Sebstian;XXXX;XXXX;XXXXX;2,8674960;XXXX;XXXX
11431;11431_C;Andrés;XXXX;XXXX;XXXXX;0,9359460;XXXX;XXXX
11431;11431_D;Maria;XXXX;XXXX;XXXXX;2,1301710;XXXX;XXXX
11424;11424_A;Sebstian;XXXX;XXXX;XXXXX;5,9870810;XXXX;XXXX
11424;11424_B;Andrés;XXXX;XXXX;XXXXX;1,2840440;XXXX;XXXX
11424;11424_C;Maria;XXXX;XXXX;XXXXX;1,0893030;XXXX;XXXX
11423;11423_A;Sebstian;XXXX;XXXX;XXXXX;8,6609070;XXXX;XXXX
11423;11423_B;Andrés;XXXX;XXXX;XXXXX;0,1631320;XXXX;XXXX
11423;11423_C;Maria;XXXX;XXXX;XXXXX;1,3957210;XXXX;XXXX
11422;11422_A;Sebstian;XXXX;XXXX;XXXXX;3,3186450;XXXX;XXXX
11422;11422_B;Andrés;XXXX;XXXX;XXXXX;2,8333780;XXXX;XXXX
11392;11392;Maria;XXXX;XXXX;XXXXX;2,8338350;XXXX;XXXX
11343;11343;Sebstian;XXXX;XXXX;XXXXX;5,1229220;XXXX;XXXX
11273;11273_A;Andrés;XXXX;XXXX;XXXXX;5,2797660;XXXX;XXXX
11273;11273_B;Maria;XXXX;XXXX;XXXXX;0,9980330;XXXX;XXXX
11272;11272;Sebstian;XXXX;XXXX;XXXXX;4,2788120;XXXX;XXXX
11132;11132;Andrés;XXXX;XXXX;XXXXX;5,1739170;XXXX;XXXX
10938;10938_A;Maria;XXXX;XXXX;XXXXX;1,3415000;XXXX;XXXX
10938;10938_B;Sebstian;XXXX;XXXX;XXXXX;0,2556850;XXXX;XXXX
10938;10938_C;Andrés;XXXX;XXXX;XXXXX;4,7108310;XXXX;XXXX
10938;10938_D;Maria;XXXX;XXXX;XXXXX;1,2156050;XXXX;XXXX
10938;10938_E;Sebstian;XXXX;XXXX;XXXXX;0,3681720;XXXX;XXXX
10938;10938_F;Andrés;XXXX;XXXX;XXXXX;0,5098910;XXXX;XXXX
10786;10786_B;Maria;XXXX;XXXX;XXXXX;1,0164040;XXXX;XXXX
10786;10786_A;Sebstian;XXXX;XXXX;XXXXX;0,6534140;XXXX;XXXX
10786;10786_D;Andrés;XXXX;XXXX;XXXXX;1,9925140;XXXX;XXXX
10786;10786_C;Maria;XXXX;XXXX;XXXXX;1,9741210;XXXX;XXXX
10786;10786_E;Sebstian;XXXX;XXXX;XXXXX;1,4844840;XXXX;XXXX
10782;10782;Andrés;XXXX;XXXX;XXXXX;7,1473300;XXXX;XXXX
10778;10778;Maria;XXXX;XXXX;XXXXX;5,0854710;XXXX;XXXX
11876;11876_C;Sebstian;XXXX;XXXX;XXXXX;2,4476480;XXXX;XXXX
11876;11876_D;Andrés;XXXX;XXXX;XXXXX;2,0777960;XXXX;XXXX
10665;10665_A;Maria;XXXX;XXXX;XXXXX;3,5358700;XXXX;XXXX
10665;10665_B;Sebstian;XXXX;XXXX;XXXXX;2,5157240;XXXX;XXXX
10642;10642_A;Andrés;XXXX;XXXX;XXXXX;4,4281970;XXXX;XXXX
10642;10642_B;Maria;XXXX;XXXX;XXXXX;3,5607950;XXXX;XXXX
10642;10642_C;Sebstian;XXXX;XXXX;XXXXX;1,5123810;XXXX;XXXX
10641;10641_A;Andrés;XXXX;XXXX;XXXXX;2,2187000;XXXX;XXXX
10641;10641_B;Maria;XXXX;XXXX;XXXXX;0,4118500;XXXX;XXXX
10641;10641_C;Sebstian;XXXX;XXXX;XXXXX;1,1980620;XXXX;XXXX
10641;10641_D;Andrés;XXXX;XXXX;XXXXX;0,4194140;XXXX;XXXX
10613;10613_A;Maria;XXXX;XXXX;XXXXX;3,5346910;XXXX;XXXX
10613;10613_B;Sebstian;XXXX;XXXX;XXXXX;0,4673280;XXXX;XXXX
10613;10613_C;Andrés;XXXX;XXXX;XXXXX;1,5329080;XXXX;XXXX
10613;10613_D;Maria;XXXX;XXXX;XXXXX;0,4075890;XXXX;XXXX
10613;10613_E;Sebstian;XXXX;XXXX;XXXXX;0,3991990;XXXX;XXXX
10463;10463_A;Andrés;XXXX;XXXX;XXXXX;8,7926870;XXXX;XXXX
10463;10463_B;Maria;XXXX;XXXX;XXXXX;0,7653910;XXXX;XXXX
10426;10426_B;Sebstian;XXXX;XXXX;XXXXX;3,0271950;XXXX;XXXX
10426;10426_A;Andrés;XXXX;XXXX;XXXXX;0,9927610;XXXX;XXXX
10422;10422_B;Maria;XXXX;XXXX;XXXXX;3,9626080;XXXX;XXXX
10422;10422_A;Sebstian;XXXX;XXXX;XXXXX;0,1472970;XXXX;XXXX
10422;10422_C;Andrés;XXXX;XXXX;XXXXX;0,3643330;XXXX;XXXX
10270;10270_A;Maria;XXXX;XXXX;XXXXX;6,6700870;XXXX;XXXX
10270;10270_B;Sebstian;XXXX;XXXX;XXXXX;6,9603650;XXXX;XXXX
10215;10215;Andrés;XXXX;XXXX;XXXXX;5,6249350;XXXX;XXXX
10171;10171_A;Maria;XXXX;XXXX;XXXXX;2,0882550;XXXX;XXXX
10171;10171_B;Sebstian;XXXX;XXXX;XXXXX;3,8769420;XXXX;XXXX
10153;10153;Andrés;XXXX;XXXX;XXXXX;9,7301300;XXXX;XXXX
10134;10134_A;Maria;XXXX;XXXX;XXXXX;0,3130810;XXXX;XXXX
10134;10134_B;Sebstian;XXXX;XXXX;XXXXX;0,1657350;XXXX;XXXX
10134;10134_C;Andrés;XXXX;XXXX;XXXXX;0,0508580;XXXX;XXXX
10134;10134_D;Maria;XXXX;XXXX;XXXXX;2,1569540;XXXX;XXXX
10134;10134_E;Sebstian;XXXX;XXXX;XXXXX;0,3653040;XXXX;XXXX
10134;10134_F;Andrés;XXXX;XXXX;XXXXX;0,6203840;XXXX;XXXX
10134;10134_G;Maria;XXXX;XXXX;XXXXX;0,3084530;XXXX;XXXX
10134;10134_H;Sebstian;XXXX;XXXX;XXXXX;0,3374170;XXXX;XXXX
10029;10029;Andrés;XXXX;XXXX;XXXXX;9,8895600;XXXX;XXXX
10003;10003_E;Maria;XXXX;XXXX;XXXXX;1,1985920;XXXX;XXXX
10003;10003_D;Sebstian;XXXX;XXXX;XXXXX;5,5130910;XXXX;XXXX
10003;10003_C;Andrés;XXXX;XXXX;XXXXX;0,2829880;XXXX;XXXX
10003;10003_B;Maria;XXXX;XXXX;XXXXX;0,7725290;XXXX;XXXX
10003;10003_A;Sebstian;XXXX;XXXX;XXXXX;0,5777210;XXXX;XXXX
9923;9923_B;Andrés;XXXX;XXXX;XXXXX;2,5739730;XXXX;XXXX
9923;9923_C;Maria;XXXX;XXXX;XXXXX;3,9447810;XXXX;XXXX
9923;9923_A;Sebstian;XXXX;XXXX;XXXXX;1,0880210;XXXX;XXXX
9899;9899_A;Andrés;XXXX;XXXX;XXXXX;6,4442100;XXXX;XXXX
9899;9899_B;Maria;XXXX;XXXX;XXXXX;2,3180670;XXXX;XXXX
9899;9899_C;Sebstian;XXXX;XXXX;XXXXX;2,0040760;XXXX;XXXX
13299;13299_A;Andrés;XXXX;XXXX;XXXXX;2,9884450;XXXX;XXXX
13299;13299_B;Maria;XXXX;XXXX;XXXXX;1,4921070;XXXX;XXXX
13288;13288;Sebstian;XXXX;XXXX;XXXXX;6,2688270;XXXX;XXXX
13285;13285_B;Andrés;XXXX;XXXX;XXXXX;1,9262710;XXXX;XXXX
13285;13285_A;Maria;XXXX;XXXX;XXXXX;2,4339990;XXXX;XXXX
13283;13283;Sebstian;XXXX;XXXX;XXXXX;4,6874330;XXXX;XXXX
13282;13282_C;Andrés;XXXX;XXXX;XXXXX;3,7070020;XXXX;XXXX
13282;13282_E;Maria;XXXX;XXXX;XXXXX;1,0310970;XXXX;XXXX
13282;13282_D;Sebstian;XXXX;XXXX;XXXXX;1,0829250;XXXX;XXXX
12683;12683;Andrés;XXXX;XXXX;XXXXX;8,9898280;XXXX;XXXX
11989;11989;Maria;XXXX;XXXX;XXXXX;11,7282230;XXXX;XXXX
11892;11892_C;Sebstian;XXXX;XXXX;XXXXX;1,1805590;XXXX;XXXX
10768;10768;Andrés;XXXX;XXXX;XXXXX;11,8610710;XXXX;XXXX
10230;10230_A;Maria;XXXX;XXXX;XXXXX;2,8836450;XXXX;XXXX
10230;10230_B;Sebstian;XXXX;XXXX;XXXXX;1,0143630;XXXX;XXXX
11892;11892_B;Andrés;XXXX;XXXX;XXXXX;7,8371560;XXXX;XXXX
11892;11892_A;Maria;XXXX;XXXX;XXXXX;2,7384460;XXXX;XXXX
10274;10274;Sebstian;XXXX;XXXX;XXXXX;10,5335980;XXXX;XXXX
13282;13282_B;Andrés;XXXX;XXXX;XXXXX;1,1328860;XXXX;XXXX
11891;11891_B;Maria;XXXX;XXXX;XXXXX;3,2117570;XXXX;XXXX
11891;11891_A;Sebstian;XXXX;XXXX;XXXXX;7,2560460;XXXX;XXXX
12022;12022;Andrés;XXXX;XXXX;XXXXX;2,2980250;XXXX;XXXX
11515;11515;Maria;XXXX;XXXX;XXXXX;7,4021100;XXXX;XXXX
9896;9896_A;Sebstian;XXXX;XXXX;XXXXX;10,1191790;XXXX;XXXX
9896;9896_B;Andrés;XXXX;XXXX;XXXXX;1,1269460;XXXX;XXXX
10156;10156;Maria;XXXX;XXXX;XXXXX;5,7058790;XXXX;XXXX
9866;9866;Sebstian;XXXX;XXXX;XXXXX;3,9189970;XXXX;XXXX
11099;11099;Andrés;XXXX;XXXX;XXXXX;6,9070290;XXXX;XXXX
12036;12036_A;Maria;XXXX;XXXX;XXXXX;0,6197680;XXXX;XXXX
12036;12036_B;Sebstian;XXXX;XXXX;XXXXX;0,2378560;XXXX;XXXX
12036;12036_C;Andrés;XXXX;XXXX;XXXXX;2,2569830;XXXX;XXXX
12036;12036_D;Maria;XXXX;XXXX;XXXXX;0,8651050;XXXX;XXXX
12036;12036_E;Sebstian;XXXX;XXXX;XXXXX;2,6515590;XXXX;XXXX
12036;12036_F;Andrés;XXXX;XXXX;XXXXX;0,5078420;XXXX;XXXX
9906;9906_B;Maria;XXXX;XXXX;XXXXX;2,9726630;XXXX;XXXX
9906;9906_A;Sebstian;XXXX;XXXX;XXXXX;4,6040560;XXXX;XXXX
11309;11309_E;Andrés;XXXX;XXXX;XXXXX;2,1823590;XXXX;XXXX
11309;11309_D;Maria;XXXX;XXXX;XXXXX;1,8960190;XXXX;XXXX
11309;11309_C;Sebstian;XXXX;XXXX;XXXXX;2,7866670;XXXX;XXXX
11309;11309_B;Andrés;XXXX;XXXX;XXXXX;6,7107910;XXXX;XXXX
11309;11309_A;Maria;XXXX;XXXX;XXXXX;7,4687520;XXXX;XXXX
11150;11150;Sebstian;XXXX;XXXX;XXXXX;6,4637070;XXXX;XXXX
10187;10187;Andrés;XXXX;XXXX;XXXXX;9,6569580;XXXX;XXXX
10630;10630_A;Maria;XXXX;XXXX;XXXXX;2,0441960;XXXX;XXXX
10630;10630_D;Sebstian;XXXX;XXXX;XXXXX;0,5024280;XXXX;XXXX
9808;9808_A;Andrés;XXXX;XXXX;XXXXX;30,0054800;XXXX;XXXX
9808;9808_B;Maria;XXXX;XXXX;XXXXX;11,6465740;XXXX;XXXX
9934;9934_B;Sebstian;XXXX;XXXX;XXXXX;4,0330260;XXXX;XXXX
9934;9934_A;Andrés;XXXX;XXXX;XXXXX;2,9791680;XXXX;XXXX
9982;9982_A;Maria;XXXX;XXXX;XXXXX;3,1996950;XXXX;XXXX
9982;9982_B;Sebstian;XXXX;XXXX;XXXXX;1,2832640;XXXX;XXXX
10160;10160_B;Andrés;XXXX;XXXX;XXXXX;1,5929100;XXXX;XXXX
10160;10160_C;Maria;XXXX;XXXX;XXXXX;4,3112840;XXXX;XXXX
10160;10160_A;Sebstian;XXXX;XXXX;XXXXX;3,4361080;XXXX;XXXX
10308;10308_B;Andrés;XXXX;XXXX;XXXXX;3,8539970;XXXX;XXXX
10308;10308_A;Maria;XXXX;XXXX;XXXXX;3,8358240;XXXX;XXXX
10913;10913_A;Sebstian;XXXX;XXXX;XXXXX;6,0497600;XXXX;XXXX
10913;10913_B;Andrés;XXXX;XXXX;XXXXX;6,9620470;XXXX;XXXX
10913;10913_C;Maria;XXXX;XXXX;XXXXX;4,9870110;XXXX;XXXX
10913;10913_D;Sebstian;XXXX;XXXX;XXXXX;8,0072470;XXXX;XXXX
11574;11574_A;Andrés;XXXX;XXXX;XXXXX;2,7733970;XXXX;XXXX
11574;11574_B;Maria;XXXX;XXXX;XXXXX;1,8236960;XXXX;XXXX
11869;11869_A;Sebstian;XXXX;XXXX;XXXXX;13,7911480;XXXX;XXXX
11869;11869_B;Andrés;XXXX;XXXX;XXXXX;3,3610610;XXXX;XXXX
9829;9829_A;Maria;XXXX;XXXX;XXXXX;10,1381970;XXXX;XXXX
9829;9829_B;Sebstian;XXXX;XXXX;XXXXX;0,9369660;XXXX;XXXX
9898;9898;Andrés;XXXX;XXXX;XXXXX;12,4056250;XXXX;XXXX
13272;13272_A;Maria;XXXX;XXXX;XXXXX;1,0997850;XXXX;XXXX
13272;13272_B;Sebstian;XXXX;XXXX;XXXXX;7,2717500;XXXX;XXXX
11417;11417_A;Andrés;XXXX;XXXX;XXXXX;3,9182290;XXXX;XXXX
11417;11417_C;Maria;XXXX;XXXX;XXXXX;1,5099860;XXXX;XXXX
2659;2659;Sebstian;XXXX;XXXX;XXXXX;3,7196780;XXXX;XXXX
7434;7434;Andrés;XXXX;XXXX;XXXXX;8,2913850;XXXX;XXXX
7441;7441_A;Maria;XXXX;XXXX;XXXXX;3,3672920;XXXX;XXXX
7441;7441_B;Sebstian;XXXX;XXXX;XXXXX;6,1565510;XXXX;XXXX
7460;7460;Andrés;XXXX;XXXX;XXXXX;6,7668290;XXXX;XXXX
13290;13290_A;Maria;XXXX;XXXX;XXXXX;1,7218220;XXXX;XXXX
13290;13290_B;Sebstian;XXXX;XXXX;XXXXX;0,8743770;XXXX;XXXX
13290;13290_C;Andrés;XXXX;XXXX;XXXXX;1,0222030;XXXX;XXXX
13290;13290_D;Maria;XXXX;XXXX;XXXXX;0,9867080;XXXX;XXXX
10929;10929;Sebstian;XXXX;XXXX;XXXXX;7,9612480;XXXX;XXXX
10918;10918;Andrés;XXXX;XXXX;XXXXX;4,4991940;XXXX;XXXX
10820;10820_A;Maria;XXXX;XXXX;XXXXX;2,2795670;XXXX;XXXX
10820;10820_B;Sebstian;XXXX;XXXX;XXXXX;1,8237630;XXXX;XXXX
10820;10820_C;Andrés;XXXX;XXXX;XXXXX;5,0084790;XXXX;XXXX
13176;13176_A;Maria;XXXX;XXXX;XXXXX;3,5070460;XXXX;XXXX
10454;10454_C;Sebstian;XXXX;XXXX;XXXXX;3,3310740;XXXX;XXXX
13257;13257;Andrés;XXXX;XXXX;XXXXX;4,1826830;XXXX;XXXX
9782;9782;Maria;XXXX;XXXX;XXXXX;3,8362570;XXXX;XXXX
12205;12205_A;Sebstian;XXXX;XXXX;XXXXX;4,2101700;XXXX;XXXX
12205;12205_B;Andrés;XXXX;XXXX;XXXXX;0,2457790;XXXX;XXXX
12119;12119;Maria;XXXX;XXXX;XXXXX;3,9872070;XXXX;XXXX
12054;12054;Sebstian;XXXX;XXXX;XXXXX;3,9967560;XXXX;XXXX
11977;11977_A;Andrés;XXXX;XXXX;XXXXX;0,5936500;XXXX;XXXX
11977;11977_B;Maria;XXXX;XXXX;XXXXX;1,2525920;XXXX;XXXX
11977;11977_C;Sebstian;XXXX;XXXX;XXXXX;1,9924920;XXXX;XXXX
11766;11766;Andrés;XXXX;XXXX;XXXXX;4,4789030;XXXX;XXXX
11580;11580_A;Maria;XXXX;XXXX;XXXXX;1,6312240;XXXX;XXXX
11580;11580_B;Sebstian;XXXX;XXXX;XXXXX;0,7430710;XXXX;XXXX
11320;11320_B;Andrés;XXXX;XXXX;XXXXX;1,3994870;XXXX;XXXX
11320;11320_A;Maria;XXXX;XXXX;XXXXX;0,9926670;XXXX;XXXX
11320;11320_C;Sebstian;XXXX;XXXX;XXXXX;1,0608220;XXXX;XXXX
11320;11320_D;Andrés;XXXX;XXXX;XXXXX;4,0660450;XXXX;XXXX
11269;11269_B;Maria;XXXX;XXXX;XXXXX;0,9738450;XXXX;XXXX
11269;11269_A;Sebstian;XXXX;XXXX;XXXXX;1,6722980;XXXX;XXXX
10755;10755;Andrés;XXXX;XXXX;XXXXX;1,5113370;XXXX;XXXX
10708;10708;Maria;XXXX;XXXX;XXXXX;3,9860930;XXXX;XXXX
10693;10693;Sebstian;XXXX;XXXX;XXXXX;1,6970170;XXXX;XXXX
10692;10692;Andrés;XXXX;XXXX;XXXXX;3,9870040;XXXX;XXXX
10382;10382;Maria;XXXX;XXXX;XXXXX;3,3484440;XXXX;XXXX
9919;9919;Sebstian;XXXX;XXXX;XXXXX;7,2099310;XXXX;XXXX
9836;9836;Andrés;XXXX;XXXX;XXXXX;5,5287850;XXXX;XXXX
9532;9532;Maria;XXXX;XXXX;XXXXX;4,4909060;XXXX;XXXX
13300;13300_D;Sebstian;XXXX;XXXX;XXXXX;0,6685100;XXXX;XXXX
13300;13300_C;Andrés;XXXX;XXXX;XXXXX;4,0347960;XXXX;XXXX
13300;13300_B;Maria;XXXX;XXXX;XXXXX;1,7806120;XXXX;XXXX
13300;13300_A;Sebstian;XXXX;XXXX;XXXXX;5,3558580;XXXX;XXXX
13289;13289;Andrés;XXXX;XXXX;XXXXX;4,9842740;XXXX;XXXX
12093;12093;Maria;XXXX;XXXX;XXXXX;4,3994180;XXXX;XXXX
11908;11908_A;Sebstian;XXXX;XXXX;XXXXX;0,4688550;XXXX;XXXX
11908;11908_D;Andrés;XXXX;XXXX;XXXXX;2,5438420;XXXX;XXXX
11908;11908_C;Maria;XXXX;XXXX;XXXXX;0,2076350;XXXX;XXXX
11908;11908_B;Sebstian;XXXX;XXXX;XXXXX;0,8004270;XXXX;XXXX
11894;11894;Andrés;XXXX;XXXX;XXXXX;4,2001880;XXXX;XXXX
11737;11737_A;Maria;XXXX;XXXX;XXXXX;1,4205530;XXXX;XXXX
11737;11737_B;Sebstian;XXXX;XXXX;XXXXX;0,9769950;XXXX;XXXX
11737;11737_C;Andrés;XXXX;XXXX;XXXXX;2,8104040;XXXX;XXXX
11678;11678;Maria;XXXX;XXXX;XXXXX;5,7375770;XXXX;XXXX
11561;11561_B;Sebstian;XXXX;XXXX;XXXXX;1,3548150;XXXX;XXXX
11561;11561_D;Andrés;XXXX;XXXX;XXXXX;0,2629940;XXXX;XXXX
11561;11561_C;Maria;XXXX;XXXX;XXXXX;1,2669020;XXXX;XXXX
11561;11561_A;Sebstian;XXXX;XXXX;XXXXX;1,9468300;XXXX;XXXX
11532;11532_A;Andrés;XXXX;XXXX;XXXXX;3,2459280;XXXX;XXXX
11532;11532_B;Maria;XXXX;XXXX;XXXXX;1,0097420;XXXX;XXXX
10770;10770;Sebstian;XXXX;XXXX;XXXXX;4,3449290;XXXX;XXXX
12155;12155;Andrés;XXXX;XXXX;XXXXX;4,6982170;XXXX;XXXX
11630;11630;Maria;XXXX;XXXX;XXXXX;8,9868330;XXXX;XXXX
10789;10789_B;Sebstian;XXXX;XXXX;XXXXX;0,8720370;XXXX;XXXX
10267;10267;Andrés;XXXX;XXXX;XXXXX;2,9962300;XXXX;XXXX
11467;11467;Maria;XXXX;XXXX;XXXXX;5,8237900;XXXX;XXXX
12069;12069_B;Sebstian;XXXX;XXXX;XXXXX;2,3778370;XXXX;XXXX
12069;12069_A;Andrés;XXXX;XXXX;XXXXX;2,3342260;XXXX;XXXX
13266;13266_B;Maria;XXXX;XXXX;XXXXX;2,9356100;XXXX;XXXX
13266;13266_A;Sebstian;XXXX;XXXX;XXXXX;3,1929820;XXXX;XXXX
10803;10803_A;Andrés;XXXX;XXXX;XXXXX;1,5797230;XXXX;XXXX
10803;10803_B;Maria;XXXX;XXXX;XXXXX;0,6281550;XXXX;XXXX
10803;10803_D;Sebstian;XXXX;XXXX;XXXXX;1,8960980;XXXX;XXXX
11199;11199_B;Andrés;XXXX;XXXX;XXXXX;1,5922550;XXXX;XXXX
11199;11199_A;Maria;XXXX;XXXX;XXXXX;4,1579470;XXXX;XXXX
10313;10313_B;Sebstian;XXXX;XXXX;XXXXX;2,9098220;XXXX;XXXX
10717;10717;Andrés;XXXX;XXXX;XXXXX;11,0848190;XXXX;XXXX
9188;9188_A;Maria;XXXX;XXXX;XXXXX;2,0313670;XXXX;XXXX
9188;9188_B;Sebstian;XXXX;XXXX;XXXXX;1,9882820;XXXX;XXXX
9177;9177_A;Andrés;XXXX;XXXX;XXXXX;3,2952030;XXXX;XXXX
9177;9177_B;Maria;XXXX;XXXX;XXXXX;3,1538500;XXXX;XXXX
9177;9177_C;Sebstian;XXXX;XXXX;XXXXX;2,0504340;XXXX;XXXX
9177;9177_D;Andrés;XXXX;XXXX;XXXXX;1,5419100;XXXX;XXXX
9177;9177_E;Maria;XXXX;XXXX;XXXXX;1,1443970;XXXX;XXXX
3382;3382;Sebstian;XXXX;XXXX;XXXXX;5,1771240;XXXX;XXXX
4250;4250_B;Andrés;XXXX;XXXX;XXXXX;0,7802550;XXXX;XXXX
4250;4250_C;Maria;XXXX;XXXX;XXXXX;2,8719810;XXXX;XXXX
4250;4250_A;Sebstian;XXXX;XXXX;XXXXX;0,1858650;XXXX;XXXX
7575;7575;Andrés;XXXX;XXXX;XXXXX;5,4287880;XXXX;XXXX
8159;8159;Maria;XXXX;XXXX;XXXXX;2,7986680;XXXX;XXXX
9768;9768;Sebstian;XXXX;XXXX;XXXXX;25,9935510;XXXX;XXXX
9844;9844_B;Andrés;XXXX;XXXX;XXXXX;2,0951400;XXXX;XXXX
9817;9817_C;Maria;XXXX;XXXX;XXXXX;3,6278270;XXXX;XXXX
11369;11369_B;Sebstian;XXXX;XXXX;XXXXX;2,1503450;XXXX;XXXX
10637;10637;Andrés;XXXX;XXXX;XXXXX;9,1196990;XXXX;XXXX
10633;10633;Maria;XXXX;XXXX;XXXXX;6,9567940;XXXX;XXXX
9672;9672;Sebstian;XXXX;XXXX;XXXXX;2,8858460;XXXX;XXXX
12325;12325_A;Andrés;XXXX;XXXX;XXXXX;3,6284280;XXXX;XXXX
12325;12325_B;Maria;XXXX;XXXX;XXXXX;3,5350120;XXXX;XXXX
12325;12325_C;Sebstian;XXXX;XXXX;XXXXX;2,0454400;XXXX;XXXX
12325;12325_D;Andrés;XXXX;XXXX;XXXXX;0,5526810;XXXX;XXXX
12325;12325_E;Maria;XXXX;XXXX;XXXXX;1,5053490;XXXX;XXXX
9604;9604_A;Sebstian;XXXX;XXXX;XXXXX;0,8476420;XXXX;XXXX
9604;9604_B;Andrés;XXXX;XXXX;XXXXX;0,9108090;XXXX;XXXX
9604;9604_C;Maria;XXXX;XXXX;XXXXX;3,6982820;XXXX;XXXX
9604;9604_D;Sebstian;XXXX;XXXX;XXXXX;1,9204160;XXXX;XXXX
11471;11471;Andrés;XXXX;XXXX;XXXXX;8,2412810;XXXX;XXXX
9679;9679_A;Maria;XXXX;XXXX;XXXXX;2,6454530;XXXX;XXXX
9679;9679_B;Sebstian;XXXX;XXXX;XXXXX;3,5764600;XXXX;XXXX
9633;9633_A;Andrés;XXXX;XXXX;XXXXX;0,8989010;XXXX;XXXX
9633;9633_B;Maria;XXXX;XXXX;XXXXX;2,1689470;XXXX;XXXX
9633;9633_C;Sebstian;XXXX;XXXX;XXXXX;1,8124660;XXXX;XXXX
7715;7715;Andrés;XXXX;XXXX;XXXXX;4,1926870;XXXX;XXXX
9299;9299_A;Maria;XXXX;XXXX;XXXXX;2,4444190;XXXX;XXXX
9299;9299_B;Sebstian;XXXX;XXXX;XXXXX;8,5868300;XXXX;XXXX
12516;12516;Andrés;XXXX;XXXX;XXXXX;3,7028950;XXXX;XXXX
3704;3704_B;Maria;XXXX;XXXX;XXXXX;1,6592350;XXXX;XXXX
3704;3704_A;Sebstian;XXXX;XXXX;XXXXX;1,2609860;XXXX;XXXX
3034;3034;Andrés;XXXX;XXXX;XXXXX;3,5965530;XXXX;XXXX
2148;2148;Maria;XXXX;XXXX;XXXXX;3,5425910;XXXX;XXXX
2123;2123;Sebstian;XXXX;XXXX;XXXXX;3,0172000;XXXX;XXXX
11263;11263;Andrés;XXXX;XXXX;XXXXX;3,3159910;XXXX;XXXX
11501;11501;Maria;XXXX;XXXX;XXXXX;2,3847920;XXXX;XXXX
11643;11643;Sebstian;XXXX;XXXX;XXXXX;1,5951360;XXXX;XXXX
10670;10670;Andrés;XXXX;XXXX;XXXXX;1,5032830;XXXX;XXXX
11157;11157;Maria;XXXX;XXXX;XXXXX;1,1959790;XXXX;XXXX
12640;12640_A;Sebstian;XXXX;XXXX;XXXXX;5,6951740;XXXX;XXXX
10491;10491;Andrés;XXXX;XXXX;XXXXX;5,9106340;XXXX;XXXX
10291;10291_C;Maria;XXXX;XXXX;XXXXX;1,4935470;XXXX;XXXX
11575;11575;Sebstian;XXXX;XXXX;XXXXX;1,9538120;XXXX;XXXX
9976;9976;Andrés;XXXX;XXXX;XXXXX;0,7997420;XXXX;XXXX
10446;10446;Maria;XXXX;XXXX;XXXXX;2,7188530;XXXX;XXXX
10924;10924;Sebstian;XXXX;XXXX;XXXXX;1,9128470;XXXX;XXXX
10939;10939;Andrés;XXXX;XXXX;XXXXX;3,4968500;XXXX;XXXX
11449;11449;Maria;XXXX;XXXX;XXXXX;2,0809060;XXXX;XXXX
11573;11573_A;Sebstian;XXXX;XXXX;XXXXX;0,5888300;XXXX;XXXX
11573;11573_B;Andrés;XXXX;XXXX;XXXXX;0,2518050;XXXX;XXXX
10443;10443_B;Maria;XXXX;XXXX;XXXXX;1,5701870;XXXX;XXXX
10083;10083_A;Sebstian;XXXX;XXXX;XXXXX;1,6551700;XXXX;XXXX
10083;10083_B;Andrés;XXXX;XXXX;XXXXX;2,5986590;XXXX;XXXX
10225;10225_D;Maria;XXXX;XXXX;XXXXX;3,9672350;XXXX;XXXX
10225;10225_C;Sebstian;XXXX;XXXX;XXXXX;18,9677010;XXXX;XXXX
8121;8121_I;Andrés;XXXX;XXXX;XXXXX;2,5612390;XXXX;XXXX
8121;8121_H;Maria;XXXX;XXXX;XXXXX;1,7442780;XXXX;XXXX
8121;8121_G;Sebstian;XXXX;XXXX;XXXXX;1,1243710;XXXX;XXXX
8121;8121_F;Andrés;XXXX;XXXX;XXXXX;11,4742680;XXXX;XXXX
9769;9769_N;Maria;XXXX;XXXX;XXXXX;17,4780990;XXXX;XXXX
9769;9769_O;Sebstian;XXXX;XXXX;XXXXX;25,4789500;XXXX;XXXX
10403;10403_A;Andrés;XXXX;XXXX;XXXXX;1,8963090;XXXX;XXXX
10403;10403_B;Maria;XXXX;XXXX;XXXXX;0,2985680;XXXX;XXXX
10405;10405_A;Sebstian;XXXX;XXXX;XXXXX;0,5597190;XXXX;XXXX
10405;10405_B;Andrés;XXXX;XXXX;XXXXX;1,3382070;XXXX;XXXX
10405;10405_C;Maria;XXXX;XXXX;XXXXX;0,2155940;XXXX;XXXX
10427;10427;Sebstian;XXXX;XXXX;XXXXX;2,8125730;XXXX;XXXX
10430;10430_C;Andrés;XXXX;XXXX;XXXXX;0,4576050;XXXX;XXXX
10430;10430_B;Maria;XXXX;XXXX;XXXXX;0,2975840;XXXX;XXXX
10430;10430_A;Sebstian;XXXX;XXXX;XXXXX;0,4912480;XXXX;XXXX
10436;10436_A;Andrés;XXXX;XXXX;XXXXX;0,2254690;XXXX;XXXX
10436;10436_B;Maria;XXXX;XXXX;XXXXX;0,1436710;XXXX;XXXX
10436;10436_C;Sebstian;XXXX;XXXX;XXXXX;0,8247370;XXXX;XXXX
10436;10436_D;Andrés;XXXX;XXXX;XXXXX;0,2297920;XXXX;XXXX
10436;10436_E;Maria;XXXX;XXXX;XXXXX;0,7595390;XXXX;XXXX
10436;10436_F;Sebstian;XXXX;XXXX;XXXXX;1,7875280;XXXX;XXXX
10611;10611;Andrés;XXXX;XXXX;XXXXX;3,6830070;XXXX;XXXX
11188;11188_A;Maria;XXXX;XXXX;XXXXX;1,3383940;XXXX;XXXX
11188;11188_B;Sebstian;XXXX;XXXX;XXXXX;0,3399320;XXXX;XXXX
11188;11188_C;Andrés;XXXX;XXXX;XXXXX;0,1934750;XXXX;XXXX
11188;11188_D;Maria;XXXX;XXXX;XXXXX;2,5398540;XXXX;XXXX
11748;11748;Sebstian;XXXX;XXXX;XXXXX;2,1787450;XXXX;XXXX
11986;11986;Andrés;XXXX;XXXX;XXXXX;2,2108620;XXXX;XXXX
11988;11988_A;Maria;XXXX;XXXX;XXXXX;0,6548900;XXXX;XXXX
11988;11988_B;Sebstian;XXXX;XXXX;XXXXX;0,5891050;XXXX;XXXX
11988;11988_C;Andrés;XXXX;XXXX;XXXXX;2,1121140;XXXX;XXXX
12032;12032_A;Maria;XXXX;XXXX;XXXXX;1,7824470;XXXX;XXXX
12032;12032_B;Sebstian;XXXX;XXXX;XXXXX;1,4728300;XXXX;XXXX
11717;11717_A;Andrés;XXXX;XXXX;XXXXX;1,1102930;XXXX;XXXX
11717;11717_B;Maria;XXXX;XXXX;XXXXX;3,6341840;XXXX;XXXX
10958;10958;Sebstian;XXXX;XXXX;XXXXX;6,5411870;XXXX;XXXX
10925;10925_C;Andrés;XXXX;XXXX;XXXXX;0,2937610;XXXX;XXXX
10925;10925_D;Maria;XXXX;XXXX;XXXXX;0,5351380;XXXX;XXXX
9934;9934_C;Sebstian;XXXX;XXXX;XXXXX;2,0212250;XXXX;XXXX
11432;11432_B;Andrés;XXXX;XXXX;XXXXX;0,9295950;XXXX;XXXX
10384;10384;Maria;XXXX;XXXX;XXXXX;5,3102490;XXXX;XXXX
10814;10814;Sebstian;XXXX;XXXX;XXXXX;4,2771720;XXXX;XXXX
11711;11711_A;Andrés;XXXX;XXXX;XXXXX;0,9919080;XXXX;XXXX
11711;11711_C;Maria;XXXX;XXXX;XXXXX;0,9856970;XXXX;XXXX
11820;11820;Sebstian;XXXX;XXXX;XXXXX;4,8935100;XXXX;XXXX
13339;13339_A;Andrés;XXXX;XXXX;XXXXX;29,9725140;XXXX;XXXX
13339;13339_B;Maria;XXXX;XXXX;XXXXX;11,1012470;XXXX;XXXX
10166;10166;Sebstian;XXXX;XXXX;XXXXX;2,4055230;XXXX;XXXX
11798;11798_B;Andrés;XXXX;XXXX;XXXXX;2,8539260;XXXX;XXXX
11798;11798_A;Maria;XXXX;XXXX;XXXXX;0,2177970;XXXX;XXXX
11752;11752;Sebstian;XXXX;XXXX;XXXXX;1,7358220;XXXX;XXXX
11610;11610_B;Andrés;XXXX;XXXX;XXXXX;0,8385620;XXXX;XXXX
11610;11610_A;Maria;XXXX;XXXX;XXXXX;3,2616680;XXXX;XXXX
11583;11583_C;Sebstian;XXXX;XXXX;XXXXX;1,0270410;XXXX;XXXX
11583;11583_A;Andrés;XXXX;XXXX;XXXXX;2,0831060;XXXX;XXXX
11583;11583_B;Maria;XXXX;XXXX;XXXXX;1,4897070;XXXX;XXXX
11211;11211;Sebstian;XXXX;XXXX;XXXXX;1,0972540;XXXX;XXXX
11207;11207;Andrés;XXXX;XXXX;XXXXX;3,9555070;XXXX;XXXX
10412;10412_C;Maria;XXXX;XXXX;XXXXX;1,6994940;XXXX;XXXX
10412;10412_B;Sebstian;XXXX;XXXX;XXXXX;1,1507210;XXXX;XXXX
10412;10412_A;Andrés;XXXX;XXXX;XXXXX;0,7662910;XXXX;XXXX
10408;10408;Maria;XXXX;XXXX;XXXXX;2,2317580;XXXX;XXXX
11504;11504;Sebstian;XXXX;XXXX;XXXXX;1,3897310;XXXX;XXXX
11513;11513;Andrés;XXXX;XXXX;XXXXX;1,0534780;XXXX;XXXX
11617;11617_B;Maria;XXXX;XXXX;XXXXX;2,2291400;XXXX;XXXX
11617;11617_A;Sebstian;XXXX;XXXX;XXXXX;0,6404480;XXXX;XXXX
11773;11773;Andrés;XXXX;XXXX;XXXXX;3,3473830;XXXX;XXXX
10049;10049;Maria;XXXX;XXXX;XXXXX;2,6489910;XXXX;XXXX
10255;10255;Sebstian;XXXX;XXXX;XXXXX;3,9438200;XXXX;XXXX
10398;10398_A;Andrés;XXXX;XXXX;XXXXX;2,0698070;XXXX;XXXX
10398;10398_B;Maria;XXXX;XXXX;XXXXX;0,9815130;XXXX;XXXX
10419;10419;Sebstian;XXXX;XXXX;XXXXX;2,4458550;XXXX;XXXX
10424;10424_A;Andrés;XXXX;XXXX;XXXXX;1,7621550;XXXX;XXXX
10424;10424_B;Maria;XXXX;XXXX;XXXXX;0,4649800;XXXX;XXXX
10431;10431;Sebstian;XXXX;XXXX;XXXXX;1,7641450;XXXX;XXXX
10494;10494;Andrés;XXXX;XXXX;XXXXX;1,3971930;XXXX;XXXX
10660;10660;Maria;XXXX;XXXX;XXXXX;1,7195160;XXXX;XXXX
10756;10756;Sebstian;XXXX;XXXX;XXXXX;3,1044720;XXXX;XXXX
10758;10758_A;Andrés;XXXX;XXXX;XXXXX;1,0689130;XXXX;XXXX
10758;10758_B;Maria;XXXX;XXXX;XXXXX;2,0060120;XXXX;XXXX
11473;11473_B;Sebstian;XXXX;XXXX;XXXXX;0,9724220;XXXX;XXXX
11473;11473_A;Andrés;XXXX;XXXX;XXXXX;1,4558750;XXXX;XXXX
10185;10185_B;Maria;XXXX;XXXX;XXXXX;4,5320830;XXXX;XXXX
10259;10259;Sebstian;XXXX;XXXX;XXXXX;2,7624320;XXXX;XXXX
10495;10495;Andrés;XXXX;XXXX;XXXXX;2,9499480;XXXX;XXXX
10669;10669_A;Maria;XXXX;XXXX;XXXXX;0,3169180;XXXX;XXXX
10669;10669_B;Sebstian;XXXX;XXXX;XXXXX;0,8018870;XXXX;XXXX
10701;10701;Andrés;XXXX;XXXX;XXXXX;1,5848170;XXXX;XXXX
11500;11500;Maria;XXXX;XXXX;XXXXX;1,6584190;XXXX;XXXX
11506;11506;Sebstian;XXXX;XXXX;XXXXX;1,1293120;XXXX;XXXX
11927;11927;Andrés;XXXX;XXXX;XXXXX;1,2812560;XXXX;XXXX
12053;12053_A;Maria;XXXX;XXXX;XXXXX;3,0446810;XXXX;XXXX
12053;12053_B;Sebstian;XXXX;XXXX;XXXXX;0,2427930;XXXX;XXXX
9807;9807;Andrés;XXXX;XXXX;XXXXX;2,0578670;XXXX;XXXX
11656;11656_C;Maria;XXXX;XXXX;XXXXX;0,5039030;XXXX;XXXX
11656;11656_B;Sebstian;XXXX;XXXX;XXXXX;0,4989340;XXXX;XXXX
11656;11656_A;Andrés;XXXX;XXXX;XXXXX;2,9670580;XXXX;XXXX
10942;10942;Maria;XXXX;XXXX;XXXXX;5,3096980;XXXX;XXXX
11163;11163_A;Sebstian;XXXX;XXXX;XXXXX;3,7424530;XXXX;XXXX
11163;11163_B;Andrés;XXXX;XXXX;XXXXX;2,3635870;XXXX;XXXX
9924;9924;Maria;XXXX;XXXX;XXXXX;3,5996380;XXXX;XXXX
11920;11920;Sebstian;XXXX;XXXX;XXXXX;0,7294810;XXXX;XXXX
11914;11914;Andrés;XXXX;XXXX;XXXXX;2,0824810;XXXX;XXXX
11772;11772;Maria;XXXX;XXXX;XXXXX;5,0760910;XXXX;XXXX
11651;11651;Sebstian;XXXX;XXXX;XXXXX;3,1275700;XXXX;XXXX
11502;11502;Andrés;XXXX;XXXX;XXXXX;1,7575380;XXXX;XXXX
11499;11499;Maria;XXXX;XXXX;XXXXX;1,8878030;XXXX;XXXX
11315;11315;Sebstian;XXXX;XXXX;XXXXX;1,2268590;XXXX;XXXX
11234;11234;Andrés;XXXX;XXXX;XXXXX;1,9590470;XXXX;XXXX
10748;10748;Maria;XXXX;XXXX;XXXXX;2,4212510;XXXX;XXXX
10488;10488;Sebstian;XXXX;XXXX;XXXXX;3,0972030;XXXX;XXXX
10485;10485;Andrés;XXXX;XXXX;XXXXX;2,6504710;XXXX;XXXX
10482;10482;Maria;XXXX;XXXX;XXXXX;2,2737220;XXXX;XXXX
10428;10428;Sebstian;XXXX;XXXX;XXXXX;0,9316550;XXXX;XXXX
10418;10418_B;Andrés;XXXX;XXXX;XXXXX;1,0284090;XXXX;XXXX
10418;10418_A;Maria;XXXX;XXXX;XXXXX;1,4469620;XXXX;XXXX
9880;9880;Sebstian;XXXX;XXXX;XXXXX;1,5274930;XXXX;XXXX
9875;9875;Andrés;XXXX;XXXX;XXXXX;2,7491400;XXXX;XXXX
9852;9852;Maria;XXXX;XXXX;XXXXX;2,2581950;XXXX;XXXX
9850;9850;Sebstian;XXXX;XXXX;XXXXX;1,9651090;XXXX;XXXX
10009;10009_B;Andrés;XXXX;XXXX;XXXXX;1,8124860;XXXX;XXXX
10009;10009_A;Maria;XXXX;XXXX;XXXXX;1,4487590;XXXX;XXXX
10031;10031;Sebstian;XXXX;XXXX;XXXXX;4,0780270;XXXX;XXXX
13306;13306_B;Andrés;XXXX;XXXX;XXXXX;3,0794620;XXXX;XXXX
13306;13306_A;Maria;XXXX;XXXX;XXXXX;7,2472080;XXXX;XXXX
13318;13318_A;Sebstian;XXXX;XXXX;XXXXX;4,4160930;XXXX;XXXX
13318;13318_B;Andrés;XXXX;XXXX;XXXXX;4,9629960;XXXX;XXXX
13319;13319;Maria;XXXX;XXXX;XXXXX;7,1066450;XXXX;XXXX
4987;4987_A;Sebstian;XXXX;XXXX;XXXXX;2,7837770;XXXX;XXXX
4987;4987_B;Andrés;XXXX;XXXX;XXXXX;2,0751080;XXXX;XXXX
6021;6021;Maria;XXXX;XXXX;XXXXX;4,1870380;XXXX;XXXX
6761;6761;Sebstian;XXXX;XXXX;XXXXX;5,7043900;XXXX;XXXX
5977;5977;Andrés;XXXX;XXXX;XXXXX;4,1847880;XXXX;XXXX
5789;5789_A;Maria;XXXX;XXXX;XXXXX;3,4993490;XXXX;XXXX
6679;6679_B;Sebstian;XXXX;XXXX;XXXXX;4,4046680;XXXX;XXXX
6190;6190_A;Andrés;XXXX;XXXX;XXXXX;2,4454550;XXXX;XXXX
5932;5932;Maria;XXXX;XXXX;XXXXX;7,3928400;XXXX;XXXX
6635;6635_A;Sebstian;XXXX;XXXX;XXXXX;0,9573640;XXXX;XXXX
6635;6635_B;Andrés;XXXX;XXXX;XXXXX;2,3080570;XXXX;XXXX
6635;6635_C;Maria;XXXX;XXXX;XXXXX;0,2054520;XXXX;XXXX
6635;6635_D;Sebstian;XXXX;XXXX;XXXXX;0,9137820;XXXX;XXXX
5805;5805_C;Andrés;XXXX;XXXX;XXXXX;1,6859270;XXXX;XXXX
5807;5807;Maria;XXXX;XXXX;XXXXX;4,0940200;XXXX;XXXX
6699;6699_B;Sebstian;XXXX;XXXX;XXXXX;0,3623920;XXXX;XXXX
6699;6699_A;Andrés;XXXX;XXXX;XXXXX;2,5544890;XXXX;XXXX
6699;6699_C;Maria;XXXX;XXXX;XXXXX;0,6390090;XXXX;XXXX
6699;6699_D;Sebstian;XXXX;XXXX;XXXXX;1,0714960;XXXX;XXXX
6793;6793;Andrés;XXXX;XXXX;XXXXX;4,2416920;XXXX;XXXX
6902;6902_A;Maria;XXXX;XXXX;XXXXX;0,1072240;XXXX;XXXX
10413;10413;Sebstian;XXXX;XXXX;XXXXX;4,1897230;XXXX;XXXX
11762;11762;Andrés;XXXX;XXXX;XXXXX;0,9450880;XXXX;XXXX
8151;8151_N;Maria;XXXX;XXXX;XXXXX;8,4900280;XXXX;XXXX
7906;7906_A;Sebstian;XXXX;XXXX;XXXXX;35,1292600;XXXX;XXXX
13340;13340_A;Andrés;XXXX;XXXX;XXXXX;2,3386790;XXXX;XXXX
13340;13340_B;Maria;XXXX;XXXX;XXXXX;22,8409180;XXXX;XXXX
13340;13340_C;Sebstian;XXXX;XXXX;XXXXX;7,5818960;XXXX;XXXX
13340;13340_D;Andrés;XXXX;XXXX;XXXXX;14,1445360;XXXX;XXXX
13340;13340_E;Maria;XXXX;XXXX;XXXXX;15,5687340;XXXX;XXXX
13340;13340_F;Sebstian;XXXX;XXXX;XXXXX;12,2062530;XXXX;XXXX
13340;13340_G;Andrés;XXXX;XXXX;XXXXX;6,0027110;XXXX;XXXX
13340;13340_H;Maria;XXXX;XXXX;XXXXX;1,7289380;XXXX;XXXX
13340;13340_I;Sebstian;XXXX;XXXX;XXXXX;0,9522510;XXXX;XXXX
13340;13340_J;Andrés;XXXX;XXXX;XXXXX;3,8945030;XXXX;XXXX
13340;13340_K;Maria;XXXX;XXXX;XXXXX;1,5755190;XXXX;XXXX
5799;5799_A;Sebstian;XXXX;XXXX;XXXXX;5,8391110;XXXX;XXXX
10746;10746_B;Andrés;XXXX;XXXX;XXXXX;0,4681880;XXXX;XXXX
11190;11190_C;Maria;XXXX;XXXX;XXXXX;0,1961540;XXXX;XXXX
9846;9846;Sebstian;XXXX;XXXX;XXXXX;4,5174880;XXXX;XXXX
9984;9984_A;Andrés;XXXX;XXXX;XXXXX;1,9510550;XXXX;XXXX
9984;9984_B;Maria;XXXX;XXXX;XXXXX;1,4168050;XXXX;XXXX
10437;10437_C;Sebstian;XXXX;XXXX;XXXXX;0,1820560;XXXX;XXXX
10437;10437_B;Andrés;XXXX;XXXX;XXXXX;0,2132260;XXXX;XXXX
10437;10437_A;Maria;XXXX;XXXX;XXXXX;2,5475840;XXXX;XXXX
11198;11198_B;Sebstian;XXXX;XXXX;XXXXX;1,9948210;XXXX;XXXX
11198;11198_C;Andrés;XXXX;XXXX;XXXXX;0,9595040;XXXX;XXXX
11613;11613;Maria;XXXX;XXXX;XXXXX;3,7962970;XXXX;XXXX
11965;11965_A;Sebstian;XXXX;XXXX;XXXXX;3,1194660;XXXX;XXXX
11965;11965_B;Andrés;XXXX;XXXX;XXXXX;0,0414580;XXXX;XXXX
10441;10441_B;Maria;XXXX;XXXX;XXXXX;0,8472180;XXXX;XXXX
10441;10441_A;Sebstian;XXXX;XXXX;XXXXX;0,4071930;XXXX;XXXX
10414;10414_A;Andrés;XXXX;XXXX;XXXXX;1,5707220;XXXX;XXXX
11232;11232_A;Maria;XXXX;XXXX;XXXXX;1,8529330;XXXX;XXXX
11232;11232_B;Sebstian;XXXX;XXXX;XXXXX;1,6236920;XXXX;XXXX
11232;11232_C;Andrés;XXXX;XXXX;XXXXX;0,3857840;XXXX;XXXX
11232;11232_D;Maria;XXXX;XXXX;XXXXX;0,2412110;XXXX;XXXX
10414;10414_B;Sebstian;XXXX;XXXX;XXXXX;1,2723550;XXXX;XXXX
9857;9857_B;Andrés;XXXX;XXXX;XXXXX;2,0067110;XXXX;XXXX
11203;11203_B;Maria;XXXX;XXXX;XXXXX;0,9462370;XXXX;XXXX
10614;10614_B;Sebstian;XXXX;XXXX;XXXXX;0,3134260;XXXX;XXXX
9884;9884_B;Andrés;XXXX;XXXX;XXXXX;0,4003520;XXXX;XXXX
11816;11816_A;Maria;XXXX;XXXX;XXXXX;0,4483490;XXXX;XXXX
11816;11816_C;Sebstian;XXXX;XXXX;XXXXX;0,1062870;XXXX;XXXX
12218;12218;Andrés;XXXX;XXXX;XXXXX;2,7064540;XXXX;XXXX
10327;10327;Maria;XXXX;XXXX;XXXXX;3,2655240;XXXX;XXXX
10345;10345;Sebstian;XXXX;XXXX;XXXXX;2,3030680;XXXX;XXXX
10651;10651_B;Andrés;XXXX;XXXX;XXXXX;0,5039560;XXXX;XXXX
10651;10651_A;Maria;XXXX;XXXX;XXXXX;2,8110070;XXXX;XXXX
10243;10243;Sebstian;XXXX;XXXX;XXXXX;2,5522150;XXXX;XXXX
7644;7644_B;Andrés;XXXX;XXXX;XXXXX;2,1929110;XXXX;XXXX
7959;7959_A;Maria;XXXX;XXXX;XXXXX;1,3406560;XXXX;XXXX
7959;7959_C;Sebstian;XXXX;XXXX;XXXXX;1,6519740;XXXX;XXXX
7959;7959_D;Andrés;XXXX;XXXX;XXXXX;5,6158250;XXXX;XXXX
7959;7959_E;Maria;XXXX;XXXX;XXXXX;6,0179080;XXXX;XXXX
8006;8006_A;Sebstian;XXXX;XXXX;XXXXX;19,6302200;XXXX;XXXX
8006;8006_B;Andrés;XXXX;XXXX;XXXXX;3,3830600;XXXX;XXXX
8006;8006_C;Maria;XXXX;XXXX;XXXXX;8,1057970;XXXX;XXXX
8006;8006_D;Sebstian;XXXX;XXXX;XXXXX;4,0806660;XXXX;XXXX
13617;13617_A;Andrés;XXXX;XXXX;XXXXX;26,6748420;XXXX;XXXX
13617;13617_B;Maria;XXXX;XXXX;XXXXX;22,0232440;XXXX;XXXX
13561;13561;Sebstian;XXXX;XXXX;XXXXX;9,6706680;XXXX;XXXX
7644;7644_C;Andrés;XXXX;XXXX;XXXXX;0,1893720;XXXX;XXXX
6006;6006_A;Maria;XXXX;XXXX;XXXXX;0,5013290;XXXX;XXXX
6006;6006_B;Sebstian;XXXX;XXXX;XXXXX;0,1580510;XXXX;XXXX
6006;6006_C;Andrés;XXXX;XXXX;XXXXX;0,3533430;XXXX;XXXX
6355;6355_A;Maria;XXXX;XXXX;XXXXX;1,1650110;XXXX;XXXX
6355;6355_B;Sebstian;XXXX;XXXX;XXXXX;0,2099430;XXXX;XXXX
6355;6355_C;Andrés;XXXX;XXXX;XXXXX;0,1576730;XXXX;XXXX
6355;6355_D;Maria;XXXX;XXXX;XXXXX;0,5113690;XXXX;XXXX
7276;7276;Sebstian;XXXX;XXXX;XXXXX;1,9478470;XXXX;XXXX
13722;13722_C;Andrés;XXXX;XXXX;XXXXX;3,3265800;XXXX;XXXX
13722;13722_B;Maria;XXXX;XXXX;XXXXX;1,1022400;XXXX;XXXX
13722;13722_A;Sebstian;XXXX;XXXX;XXXXX;0,8917040;XXXX;XXXX
13344;13344_C;Andrés;XXXX;XXXX;XXXXX;1,5586640;XXXX;XXXX
13344;13344_B;Maria;XXXX;XXXX;XXXXX;3,5891280;XXXX;XXXX
13344;13344_A;Sebstian;XXXX;XXXX;XXXXX;3,4828260;XXXX;XXXX
13759;13759;Andrés;XXXX;XXXX;XXXXX;8,9445690;XXXX;XXXX
13348;13348_A;Maria;XXXX;XXXX;XXXXX;1,7902090;XXXX;XXXX
13348;13348_B;Sebstian;XXXX;XXXX;XXXXX;6,9204290;XXXX;XXXX
13349;13349_A;Andrés;XXXX;XXXX;XXXXX;5,4197340;XXXX;XXXX
13349;13349_B;Maria;XXXX;XXXX;XXXXX;0,3046450;XXXX;XXXX
13351;13351;Sebstian;XXXX;XXXX;XXXXX;7,6368010;XXXX;XXXX
13352;13352_A;Andrés;XXXX;XXXX;XXXXX;1,8324120;XXXX;XXXX
13352;13352_B;Maria;XXXX;XXXX;XXXXX;0,2553890;XXXX;XXXX
13352;13352_C;Sebstian;XXXX;XXXX;XXXXX;4,3113640;XXXX;XXXX
13353;13353_C;Andrés;XXXX;XXXX;XXXXX;1,4402560;XXXX;XXXX
13354;13354_A;Maria;XXXX;XXXX;XXXXX;5,7914730;XXXX;XXXX
13354;13354_B;Sebstian;XXXX;XXXX;XXXXX;0,3476950;XXXX;XXXX
13402;13402_A;Andrés;XXXX;XXXX;XXXXX;4,2060080;XXXX;XXXX
13402;13402_B;Maria;XXXX;XXXX;XXXXX;4,0875760;XXXX;XXXX
13624;13624_A;Sebstian;XXXX;XXXX;XXXXX;2,0526650;XXXX;XXXX
13624;13624_B;Andrés;XXXX;XXXX;XXXXX;3,7660570;XXXX;XXXX
8395;8395;Maria;XXXX;XXXX;XXXXX;9,1623360;XXXX;XXXX
8162;8162_C;Sebstian;XXXX;XXXX;XXXXX;0,7685790;XXXX;XXXX
8516;8516_A;Andrés;XXXX;XXXX;XXXXX;7,4060330;XXXX;XXXX
8516;8516_B;Maria;XXXX;XXXX;XXXXX;0,9127860;XXXX;XXXX
13764;13764;Sebstian;XXXX;XXXX;XXXXX;6,8889390;XXXX;XXXX
13353;13353_A;Andrés;XXXX;XXXX;XXXXX;1,8002870;XXXX;XXXX
13353;13353_B;Maria;XXXX;XXXX;XXXXX;5,2575670;XXXX;XXXX
13354;13354_C;Sebstian;XXXX;XXXX;XXXXX;4,5764680;XXXX;XXXX
13346;13346;Andrés;XXXX;XXXX;XXXXX;10,1959970;XXXX;XXXX